Date,Time,Category,Test_ID,Message,anomaly_score,is_anomaly
2026-09-25,15:27:49,General,,"Starting Lynis 3.1.6 with PID 9916, build date 2025-10-22",1,Normal
2026-09-25,15:27:49,Section Divider,,====,1,Normal
2026-09-25,15:27:49,Header,,"### 2007-2025, CISOfy - https://cisofy.com/lynis/ ###",1,Normal
2026-09-25,15:27:49,Permission Check,,Checking permissions of /usr/share/lynis/include/profiles,1,Normal
2026-09-25,15:27:49,General,,File permissions are OK,1,Normal
2026-09-25,15:27:49,Profile Read,,Reading profile/configuration /etc/lynis/default.prf,1,Normal
2026-09-25,15:27:49,Action,,Action: created temporary file /tmp/lynis.QDTuyJbXqg,1,Normal
2026-09-25,15:27:49,General,,Language set via profile to '',1,Normal
2026-09-25,15:27:49,Plugin Config,,Plugin 'authentication' enabled according profile (/etc/lynis/default.prf),1,Normal
2026-09-25,15:27:49,Plugin Config,,Plugin 'compliance' enabled according profile (/etc/lynis/default.prf),1,Normal
2026-09-25,15:27:50,Plugin Config,,Plugin 'configuration' enabled according profile (/etc/lynis/default.prf),1,Normal
2026-09-25,15:27:50,Plugin Config,,Plugin 'control-panels' enabled according profile (/etc/lynis/default.prf),1,Normal
2026-09-25,15:27:50,Plugin Config,,Plugin 'crypto' enabled according profile (/etc/lynis/default.prf),1,Normal
2026-09-25,15:27:50,Plugin Config,,Plugin 'dns' enabled according profile (/etc/lynis/default.prf),1,Normal
2026-09-25,15:27:50,Plugin Config,,Plugin 'docker' enabled according profile (/etc/lynis/default.prf),1,Normal
2026-09-25,15:27:50,Plugin Config,,Plugin 'file-integrity' enabled according profile (/etc/lynis/default.prf),1,Normal
2026-09-25,15:27:50,Plugin Config,,Plugin 'file-systems' enabled according profile (/etc/lynis/default.prf),1,Normal
2026-09-25,15:27:50,Plugin Config,,Plugin 'firewalls' enabled according profile (/etc/lynis/default.prf),1,Normal
2026-09-25,15:27:50,Plugin Config,,Plugin 'forensics' enabled according profile (/etc/lynis/default.prf),1,Normal
2026-09-25,15:27:50,Plugin Config,,Plugin 'hardware' enabled according profile (/etc/lynis/default.prf),1,Normal
2026-09-25,15:27:50,Plugin Config,,Plugin 'intrusion-detection' enabled according profile (/etc/lynis/default.prf),1,Normal
2026-09-25,15:27:50,Plugin Config,,Plugin 'intrusion-prevention' enabled according profile (/etc/lynis/default.prf),1,Normal
2026-09-25,15:27:50,Plugin Config,,Plugin 'kernel' enabled according profile (/etc/lynis/default.prf),1,Normal
2026-09-25,15:27:50,Plugin Config,,Plugin 'malware' enabled according profile (/etc/lynis/default.prf),1,Normal
2026-09-25,15:27:50,Plugin Config,,Plugin 'memory' enabled according profile (/etc/lynis/default.prf),1,Normal
2026-09-25,15:27:50,Plugin Config,,Plugin 'nginx' enabled according profile (/etc/lynis/default.prf),1,Normal
2026-09-25,15:27:50,Plugin Config,,Plugin 'pam' enabled according profile (/etc/lynis/default.prf),1,Normal
2026-09-25,15:27:50,Plugin Config,,Plugin 'processes' enabled according profile (/etc/lynis/default.prf),1,Normal
2026-09-25,15:27:50,Plugin Config,,Plugin 'security-modules' enabled according profile (/etc/lynis/default.prf),1,Normal
2026-09-25,15:27:50,Plugin Config,,Plugin 'software' enabled according profile (/etc/lynis/default.prf),1,Normal
2026-09-25,15:27:50,Plugin Config,,Plugin 'system-integrity' enabled according profile (/etc/lynis/default.prf),1,Normal
2026-09-25,15:27:50,Plugin Config,,Plugin 'systemd' enabled according profile (/etc/lynis/default.prf),1,Normal
2026-09-25,15:27:50,Plugin Config,,Plugin 'users' enabled according profile (/etc/lynis/default.prf),1,Normal
2026-09-25,15:27:50,Plugin Config,,Plugin 'krb5' enabled according profile (/etc/lynis/default.prf),1,Normal
2026-09-25,15:27:50,Plugin Config,,Plugin 'debian' enabled according profile (/etc/lynis/default.prf),1,Normal
2026-09-25,15:27:52,Profile Read,,Reading profile/configuration /etc/lynis/custom.prf,1,Normal
2026-09-25,15:27:52,General,,Set option to default value: NTPD_ROLE --> client,1,Normal
2026-09-25,15:27:53,Section Divider,,====,1,Normal
2026-09-25,15:27:53,General,,Program version:           3.1.6,1,Normal
2026-09-25,15:27:53,General,,Operating system:          Linux,1,Normal
2026-09-25,15:27:53,General,,Operating system name:     Ubuntu,1,Normal
2026-09-25,15:27:53,General,,Operating system version:  26.04,1,Normal
2026-09-25,15:27:53,General,,Kernel version:            7.0.0,1,Normal
2026-09-25,15:27:53,General,,Kernel version (full):     7.0.0-30-generic,1,Normal
2026-09-25,15:27:53,General,,Hardware platform:         x86_64,1,Normal
2026-09-25,15:27:53,General,,-----------------------------------------------------,1,Normal
2026-09-25,15:27:53,General,,Hostname:                  kevin,1,Normal
2026-09-25,15:27:53,General,,Auditor:                   [Not Specified],1,Normal
2026-09-25,15:27:53,General,,Profiles:                  /etc/lynis/default.prf /etc/lynis/custom.prf,1,Normal
2026-09-25,15:27:53,General,,Work directory:            /home/kevin/scripts,1,Normal
2026-09-25,15:27:53,General,,Include directory:         /usr/share/lynis/include,1,Normal
2026-09-25,15:27:53,Plugin Config,,Plugin directory:          /etc/lynis/plugins,1,Normal
2026-09-25,15:27:53,General,,-----------------------------------------------------,1,Normal
2026-09-25,15:27:53,General,,Log file:                  /var/log/lynis.log,1,Normal
2026-09-25,15:27:53,General,,Report file:               /var/log/lynis-report.dat,1,Normal
2026-09-25,15:27:53,General,,Report version:            1.0,1,Normal
2026-09-25,15:27:53,General,,-----------------------------------------------------,1,Normal
2026-09-25,15:27:53,General,,Test category:             all,1,Normal
2026-09-25,15:27:53,General,,Test group:                all,1,Normal
2026-09-25,15:27:53,General,,BusyBox used:              0,1,Normal
2026-09-25,15:27:53,Section Divider,,====,1,Normal
2026-09-25,15:27:53,Test,,Test: Checking for program update...,1,Normal
2026-09-25,15:27:53,General,,Upgrade test skipped due profile option set (skip_upgrade_test),1,Normal
2026-09-25,15:27:53,General,,Current installed version  : 316,1,Normal
2026-09-25,15:27:53,General,,Latest stable version      : 316,1,Normal
2026-09-25,15:27:53,General,,No Lynis update available.,1,Normal
2026-09-25,15:27:53,Section Divider,,====,1,Normal
2026-09-25,15:27:53,Permission Check,,Checking permissions of /usr/share/lynis/include/binaries,1,Normal
2026-09-25,15:27:53,General,,File permissions are OK,1,Normal
2026-09-25,15:27:53,Section Divider,,====,1,Normal
2026-09-25,15:27:53,Action,,Action: Performing tests from category: System tools,1,Normal
2026-09-25,15:27:53,General,,Start scanning for available audit binaries and tools...,1,Normal
2026-09-25,15:27:53,Section Divider,,====,1,Normal
2026-09-25,15:27:53,Test Execution,CORE-1000,Performing test ID CORE-1000 (Check all system binaries),1,Normal
2026-09-25,15:27:53,Status,,Status: Starting binary scan...,1,Normal
2026-09-25,15:27:53,Test,,Test: Checking binaries in directory /snap/bin,1,Normal
2026-09-25,15:27:53,General,,Directory /snap/bin exists. Starting directory scanning...,1,Normal
2026-09-25,15:27:53,Test,,Test: Checking binaries in directory /bin,1,Normal
2026-09-25,15:27:53,Result,,"Result: directory exists, but is actually a symlink",1,Normal
2026-09-25,15:27:53,Action,,Action: checking symlink for file /bin,-1,Anomalía
2026-09-25,15:27:53,General,,Setting temporary readlinkbinary variable,1,Normal
2026-09-25,15:27:53,Note,,Note: Using real readlink binary to determine symlink on /bin,-1,Anomalía
2026-09-25,15:27:53,Result,,Result: readlink shows /usr/bin as output,-1,Anomalía
2026-09-25,15:27:53,Result,,"Result: symlink found, pointing to directory /usr/bin",1,Normal
2026-09-25,15:27:53,Result,,Result: found the path behind this symlink (/bin --> /usr/bin),1,Normal
2026-09-25,15:27:53,General,,Directory /usr/bin exists. Starting directory scanning...,1,Normal
2026-09-25,15:27:53,Known Binary Found,,Found known binary: apt (package manager) - /usr/bin/apt,1,Normal
2026-09-25,15:27:53,Known Binary Found,,Found known binary: as (compiler) - /usr/bin/as,1,Normal
2026-09-25,15:27:53,Known Binary Found,,Found known binary: awk (string tool) - /usr/bin/awk,1,Normal
2026-09-25,15:27:53,Known Binary Found,,Found known binary: base64 (encoding tool) - /usr/bin/base64,1,Normal
2026-09-25,15:27:53,Known Binary Found,,Found known binary: cat (generic file handling) - /usr/bin/cat,1,Normal
2026-09-25,15:27:53,Known Binary Found,,Found known binary: cc (compiler) - /usr/bin/cc,1,Normal
2026-09-25,15:27:53,Known Binary Found,,Found known binary: comm (file compare) - /usr/bin/comm,1,Normal
2026-09-25,15:27:53,Known Binary Found,,Found known binary: cut (text stream editor) - /usr/bin/cut,1,Normal
2026-09-25,15:27:53,Known Binary Found,,Found known binary: dig (network/dns tool) - /usr/bin/dig,1,Normal
2026-09-25,15:27:53,Known Binary Found,,Found known binary: dnsdomainname (DNS domain) - /usr/bin/dnsdomainname,1,Normal
2026-09-25,15:27:53,Known Binary Found,,Found known binary: domainname (NIS domain) - /usr/bin/domainname,1,Normal
2026-09-25,15:27:53,Known Binary Found,,Found known binary: dpkg (package management) - /usr/bin/dpkg,1,Normal
2026-09-25,15:27:53,Known Binary Found,,Found known binary: file (file type detection) - /usr/bin/file,1,Normal
2026-09-25,15:27:53,Known Binary Found,,Found known binary: find (search tool) - /usr/bin/find,1,Normal
2026-09-25,15:27:53,Known Binary Found,,Found known binary: g++ (compiler) - /usr/bin/g++,1,Normal
2026-09-25,15:27:53,Known Binary Found,,Found known binary: gcc (compiler) - /usr/bin/gcc,1,Normal
2026-09-25,15:27:53,Known Binary Found,,Found known binary: getent (query tool for name service switch libraries) - /usr/bin/getent,1,Normal
2026-09-25,15:27:53,Known Binary Found,,Found known binary: grep (text search) - /usr/bin/grep,1,Normal
2026-09-25,15:27:53,Known Binary Found,,Found known binary: gzip (compressing utility) - /usr/bin/gzip,1,Normal
2026-09-25,15:27:53,Known Binary Found,,Found known binary: head (text filter) - /usr/bin/head,1,Normal
2026-09-25,15:27:53,Known Binary Found,,Found known binary: ip (IP configuration) - /usr/bin/ip,1,Normal
2026-09-25,15:27:53,Known Binary Found,,Found known binary: journalctl (systemd journal) - /usr/bin/journalctl,1,Normal
2026-09-25,15:27:53,Known Binary Found,,Found known binary: ls (file listing) - /usr/bin/ls,1,Normal
2026-09-25,15:27:53,Known Binary Found,,Found known binary: lsattr (file attributes) - /usr/bin/lsattr,1,Normal
2026-09-25,15:27:53,Known Binary Found,,Found known binary: lsblk (block devices) - /usr/bin/lsblk,1,Normal
2026-09-25,15:27:53,Known Binary Found,,Found known binary: lsmod (kernel modules) - /usr/bin/lsmod,1,Normal
2026-09-25,15:27:53,Known Binary Found,,Found known binary: lsof (open files) - /usr/bin/lsof,1,Normal
2026-09-25,15:27:53,Note,,Note: added -K i to ignore tasks on Linux,1,Normal
2026-09-25,15:27:53,Known Binary Found,,Found known binary: md5sum (hash tool) - /usr/bin/md5sum,1,Normal
2026-09-25,15:27:53,Known Binary Found,,Found known binary: mount (disk utility) - /usr/bin/mount,1,Normal
2026-09-25,15:27:53,General,,Found /usr/bin/openssl (version 3.5.5),1,Normal
2026-09-25,15:27:53,General,,Found /usr/bin/perl (version 5.40.1),1,Normal
2026-09-25,15:27:53,Known Binary Found,,Found known binary: pgrep (search in process list) - /usr/bin/pgrep,1,Normal
2026-09-25,15:27:53,Known Binary Found,,Found known binary: ps (process listing) - /usr/bin/ps,1,Normal
2026-09-25,15:27:53,Known Binary Found,,Found known binary: python3 (programming language interpreter) - /usr/bin/python3 (version 3.14.4),1,Normal
2026-09-25,15:27:53,Known Binary Found,,Found known binary: readlink (follows symlinks) - /usr/bin/readlink,1,Normal
2026-09-25,15:27:53,Known Binary Found,,Found known binary: resolvectl (systemd-resolved DNS resolver manager) - /usr/bin/resolvectl,1,Normal
2026-09-25,15:27:53,Known Binary Found,,Found known binary: sed (text stream editor) - /usr/bin/sed,1,Normal
2026-09-25,15:27:54,Known Binary Found,,Found known binary: sha1/sha1sum/shasum (crypto hashing) - /usr/bin/sha1sum,1,Normal
2026-09-25,15:27:54,Known Binary Found,,Found known binary: sha256/sha256sum (crypto hashing) - /usr/bin/sha256sum,1,Normal
2026-09-25,15:27:54,Known Binary Found,,Found known binary: sha1/sha1sum/shasum (crypto hashing) - /usr/bin/shasum,1,Normal
2026-09-25,15:27:54,Known Binary Found,,Found known binary: sort (sort data streams) - /usr/bin/sort,1,Normal
2026-09-25,15:27:54,Known Binary Found,,Found known binary: ss (show sockets) - /usr/bin/ss,1,Normal
2026-09-25,15:27:54,Known Binary Found,,Found known binary: ssh-keyscan (scanner for SSH keys) - /usr/bin/ssh-keyscan,1,Normal
2026-09-25,15:27:54,Known Binary Found,,Found known binary: stat (file information) - /usr/bin/stat,1,Normal
2026-09-25,15:27:54,Known Binary Found,,Found known binary: strings (text strings search) - /usr/bin/strings,1,Normal
2026-09-25,15:27:54,Known Binary Found,,Found known binary: systemctl (client to systemd) - /usr/bin/systemctl,1,Normal
2026-09-25,15:27:54,Known Binary Found,,Found known binary: systemd-analyze (systemd service analysis tool) - /usr/bin/systemd-analyze,1,Normal
2026-09-25,15:27:54,Known Binary Found,,Found known binary: tail (text filter) - /usr/bin/tail,1,Normal
2026-09-25,15:27:54,Known Binary Found,,Found known binary: timedatectl (timedate client) - /usr/bin/timedatectl,1,Normal
2026-09-25,15:27:54,Known Binary Found,,Found known binary: tr (text transformation) - /usr/bin/tr,1,Normal
2026-09-25,15:27:54,Known Binary Found,,Found known binary: uname (operating system details) - /usr/bin/uname,1,Normal
2026-09-25,15:27:54,Known Binary Found,,Found known binary: uniq (text manipulation utility) - /usr/bin/uniq,1,Normal
2026-09-25,15:27:54,Known Binary Found,,Found known binary: wc (word count) - /usr/bin/wc,1,Normal
2026-09-25,15:27:54,General,,Found /usr/bin/wget (version 1.25.0),1,Normal
2026-09-25,15:27:54,Known Binary Found,,Found known binary: xargs (command output redirection) - /usr/bin/xargs,1,Normal
2026-09-25,15:27:54,Known Binary Found,,Found known binary: zgrep (text search for compressed files) - /usr/bin/zgrep,1,Normal
2026-09-25,15:27:54,Test,,Test: Checking binaries in directory /sbin,1,Normal
2026-09-25,15:27:54,Result,,"Result: directory exists, but is actually a symlink",1,Normal
2026-09-25,15:27:54,Action,,Action: checking symlink for file /sbin,-1,Anomalía
2026-09-25,15:27:54,Note,,Note: Using real readlink binary to determine symlink on /sbin,-1,Anomalía
2026-09-25,15:27:54,Result,,Result: readlink shows /usr/sbin as output,-1,Anomalía
2026-09-25,15:27:54,Result,,"Result: symlink found, pointing to directory /usr/sbin",-1,Anomalía
2026-09-25,15:27:54,Result,,Result: found the path behind this symlink (/sbin --> /usr/sbin),1,Normal
2026-09-25,15:27:54,General,,Directory /usr/sbin exists. Starting directory scanning...,1,Normal
2026-09-25,15:27:54,Known Binary Found,,Found known binary: aa-status (apparmor component) - /usr/sbin/aa-status,1,Normal
2026-09-25,15:27:54,Known Binary Found,,Found known binary: blkid (information about block devices) - /usr/sbin/blkid,1,Normal
2026-09-25,15:27:54,Known Binary Found,,Found known binary: dmidecode (hardware collector tool) - /usr/sbin/dmidecode,-1,Anomalía
2026-09-25,15:27:54,Known Binary Found,,Found known binary: getcap (kernel capabilities) - /usr/sbin/getcap,1,Normal
2026-09-25,15:27:54,Known Binary Found,,Found known binary: grpck (consistency checker) - /usr/sbin/grpck,1,Normal
2026-09-25,15:27:54,Known Binary Found,,Found known binary: ip (IP configuration) - /usr/sbin/ip,1,Normal
2026-09-25,15:27:54,Known Binary Found,,Found known binary: iptables (firewall) - /usr/sbin/iptables,1,Normal
2026-09-25,15:27:54,Known Binary Found,,Found known binary: iptables-save (firewall) - /usr/sbin/iptables-save,1,Normal
2026-09-25,15:27:54,Known Binary Found,,Found known binary: logrotate (log rotation tool) - /usr/sbin/logrotate,-1,Anomalía
2026-09-25,15:27:54,Known Binary Found,,Found known binary: lsmod (kernel modules) - /usr/sbin/lsmod,1,Normal
2026-09-25,15:27:54,Known Binary Found,,Found known binary: modprobe (kernel modules) - /usr/sbin/modprobe,1,Normal
2026-09-25,15:27:54,Known Binary Found,,Found known binary: nft (nftables client) - /usr/sbin/nft,1,Normal
2026-09-25,15:27:54,Known Binary Found,,Found known binary: service (system services) - /usr/sbin/service,1,Normal
2026-09-25,15:27:54,Known Binary Found,,Found known binary: swapon (swap device tool) - /usr/sbin/swapon,-1,Anomalía
2026-09-25,15:27:54,Known Binary Found,,Found known binary: sysctl (kernel parameters) - /usr/sbin/sysctl,1,Normal
2026-09-25,15:27:54,Known Binary Found,,Found known binary: tune2fs (file system tool) - /usr/sbin/tune2fs,1,Normal
2026-09-25,15:27:54,Test,,Test: Checking binaries in directory /usr/bin,1,Normal
2026-09-25,15:27:54,Result,,Result: Skipping this directory as it was already scanned,1,Normal
2026-09-25,15:27:54,Result,,Result: Directory /usr/bin skipped,1,Normal
2026-09-25,15:27:54,Test,,Test: Checking binaries in directory /usr/sbin,1,Normal
2026-09-25,15:27:54,Result,,Result: Skipping this directory as it was already scanned,1,Normal
2026-09-25,15:27:54,Result,,Result: Directory /usr/sbin skipped,1,Normal
2026-09-25,15:27:54,Test,,Test: Checking binaries in directory /usr/local/bin,1,Normal
2026-09-25,15:27:54,General,,Directory /usr/local/bin exists. Starting directory scanning...,1,Normal
2026-09-25,15:27:54,Test,,Test: Checking binaries in directory /usr/local/sbin,1,Normal
2026-09-25,15:27:54,General,,Directory /usr/local/sbin exists. Starting directory scanning...,1,Normal
2026-09-25,15:27:54,General,,"Discovered directories: /snap/bin,/usr/bin,/usr/sbin,/usr/local/bin,/usr/local/sbin",1,Normal
2026-09-25,15:27:54,Result,,Result: found 2086 binaries including 21 set-uid and 6 set-gid,1,Normal
2026-09-25,15:27:54,Result,,Result: set-uid binaries: /usr/bin/VBoxDRMClient /usr/bin/chfn /usr/bin/chsh /usr/bin/fusermount /usr/bin/fusermount3 /usr/bin/gpasswd /usr/bin/mount /usr/bin/ntfs-3g /usr/bin/passwd /usr/bin/pkexec /usr/bin/su /usr/bin/su-rs /usr/bin/sudo /usr/bin/sudo-rs /usr/bin/sudo.ws /usr/bin/sudoedit /usr/bin/sudoedit-rs /usr/bin/umount /usr/sbin/mount.ntfs /usr/sbin/mount.ntfs-3g /usr/sbin/pppd,1,Normal
2026-09-25,15:27:54,Result,,Result: set-gid binaries: /usr/bin/chage /usr/bin/crontab /usr/bin/expiry /usr/bin/ssh-agent /usr/sbin/pam_extrausers_chkpwd /usr/sbin/unix_chkpwd,1,Normal
2026-09-25,15:27:54,Section Divider,,====,1,Normal
2026-09-25,15:27:54,Informational,,Informational: package manager is used,1,Normal
2026-09-25,15:27:54,Test,,Test: Determine if this system is a virtual machine,1,Normal
2026-09-25,15:27:54,Result,,Result: facter utility not found,1,Normal
2026-09-25,15:27:54,Test,,Test: trying to guess virtualization technology with systemd-detect-virt,1,Normal
2026-09-25,15:27:54,Result,,Result: found oracle,1,Normal
2026-09-25,15:27:54,Result,,"Result: skipped lscpu test, as we already found machine type",1,Normal
2026-09-25,15:27:54,Result,,"Result: skipped dmidecode test, as we already found machine type",1,Normal
2026-09-25,15:27:54,Result,,"Result: skipped processes test, as we already found platform",1,Normal
2026-09-25,15:27:54,Result,,"Result: skipped Amazon EC2 test, as we already found platform",1,Normal
2026-09-25,15:27:54,Result,,"Result: skipped sysctl test, as we already found platform",1,Normal
2026-09-25,15:27:54,Result,,"Result: skipped lshw test, as we already found machine type",1,Normal
2026-09-25,15:27:54,Result,,"Result: found virtual machine (type: virtualbox, Oracle VM VirtualBox)",1,Normal
2026-09-25,15:27:54,Result,,Result: Lynis is not running in container,1,Normal
2026-09-25,15:27:54,Result,,Result: system is using systemd,1,Normal
2026-09-25,15:27:54,Section Divider,,====,1,Normal
2026-09-25,15:27:54,Action,,Action: Performing plugin tests,1,Normal
2026-09-25,15:27:54,General,,Searching plugins...,1,Normal
2026-09-25,15:27:54,Plugin Found,,Found plugin file: /etc/lynis/plugins/plugin_debian_phase1,1,Normal
2026-09-25,15:27:54,Action,,Action: checking plugin status in profile: /etc/lynis/default.prf,1,Normal
2026-09-25,15:27:54,Result,,Result: plugin enabled in profile (/etc/lynis/default.prf),1,Normal
2026-09-25,15:27:54,Action,,Action: checking plugin status in profile: /etc/lynis/custom.prf,1,Normal
2026-09-25,15:27:54,Result,,Result: plugin debian is enabled,1,Normal
2026-09-25,15:27:54,Permission Check,,Checking permissions of /etc/lynis/plugins/plugin_debian_phase1,1,Normal
2026-09-25,15:27:54,General,,File permissions are OK,1,Normal
2026-09-25,15:27:54,General,,Including plugin file: /etc/lynis/plugins/plugin_debian_phase1 (version: 1.0.1),1,Normal
2026-09-25,15:27:54,Section Divider,,====,1,Normal
2026-09-25,15:27:55,Action,,Action: Performing tests from category: Debian Tests,1,Normal
2026-09-25,15:27:55,Section Divider,,====,1,Normal
2026-09-25,15:27:55,Test Execution,DEB-0001,Performing test ID DEB-0001 (Check for system binaries required by Debian Tests),1,Normal
2026-09-25,15:27:55,Status,,Status: Starting binary scan...,1,Normal
2026-09-25,15:27:55,Test,,Test: Checking binaries in directory /bin,1,Normal
2026-09-25,15:27:55,General,,Directory /bin exists. Starting directory scanning...,1,Normal
2026-09-25,15:27:55,Binary Scan,,Binary: /bin/3cpio,1,Normal
2026-09-25,15:27:55,Binary Scan,,Binary: /bin/GET,1,Normal
2026-09-25,15:27:55,Binary Scan,,Binary: /bin/HEAD,1,Normal
2026-09-25,15:27:55,Binary Scan,,Binary: /bin/POST,1,Normal
2026-09-25,15:27:55,Binary Scan,,Binary: /bin/VBoxAudioTest,1,Normal
2026-09-25,15:27:55,Binary Scan,,Binary: /bin/VBoxClient,1,Normal
2026-09-25,15:27:55,Binary Scan,,Binary: /bin/VBoxClient-all,1,Normal
2026-09-25,15:27:55,Binary Scan,,Binary: /bin/VBoxControl,1,Normal
2026-09-25,15:27:55,Binary Scan,,Binary: /bin/VBoxDRMClient,1,Normal
2026-09-25,15:27:55,Binary Scan,,Binary: /bin/X11,1,Normal
2026-09-25,15:27:55,Binary Scan,,Binary: /bin/Xwayland,1,Normal
2026-09-25,15:27:55,Binary Scan,,Binary: /bin/[,1,Normal
2026-09-25,15:27:55,Binary Scan,,Binary: /bin/aa-enabled,1,Normal
2026-09-25,15:27:55,Binary Scan,,Binary: /bin/aa-exec,1,Normal
2026-09-25,15:27:55,Binary Scan,,Binary: /bin/aa-features-abi,1,Normal
2026-09-25,15:27:55,Binary Scan,,Binary: /bin/aconnect,1,Normal
2026-09-25,15:27:55,Binary Scan,,Binary: /bin/acpidbg,1,Normal
2026-09-25,15:27:55,Binary Scan,,Binary: /bin/add-apt-repository,1,Normal
2026-09-25,15:27:55,Binary Scan,,Binary: /bin/addr2line,1,Normal
2026-09-25,15:27:55,Binary Scan,,Binary: /bin/airscan-discover,1,Normal
2026-09-25,15:27:55,Binary Scan,,Binary: /bin/alsabat,1,Normal
2026-09-25,15:27:55,Binary Scan,,Binary: /bin/alsaloop,1,Normal
2026-09-25,15:27:55,Binary Scan,,Binary: /bin/alsamixer,1,Normal
2026-09-25,15:27:55,Binary Scan,,Binary: /bin/alsatplg,1,Normal
2026-09-25,15:27:55,Binary Scan,,Binary: /bin/alsaucm,1,Normal
2026-09-25,15:27:55,Binary Scan,,Binary: /bin/amidi,1,Normal
2026-09-25,15:27:55,Binary Scan,,Binary: /bin/amixer,1,Normal
2026-09-25,15:27:55,Binary Scan,,Binary: /bin/aplay,1,Normal
2026-09-25,15:27:55,Binary Scan,,Binary: /bin/aplaymidi,1,Normal
2026-09-25,15:27:55,Binary Scan,,Binary: /bin/aplaymidi2,1,Normal
2026-09-25,15:27:55,Binary Scan,,Binary: /bin/apport-bug,1,Normal
2026-09-25,15:27:55,Binary Scan,,Binary: /bin/apport-cli,1,Normal
2026-09-25,15:27:55,Binary Scan,,Binary: /bin/apport-collect,1,Normal
2026-09-25,15:27:55,Binary Scan,,Binary: /bin/apport-unpack,1,Normal
2026-09-25,15:27:55,Binary Scan,,Binary: /bin/appres,1,Normal
2026-09-25,15:27:55,Binary Scan,,Binary: /bin/appstreamcli,1,Normal
2026-09-25,15:27:55,Binary Scan,,Binary: /bin/apropos,1,Normal
2026-09-25,15:27:55,Binary Scan,,Binary: /bin/apt,1,Normal
2026-09-25,15:27:55,Binary Scan,,Binary: /bin/apt-add-repository,1,Normal
2026-09-25,15:27:55,Binary Scan,,Binary: /bin/apt-cache,1,Normal
2026-09-25,15:27:55,Binary Scan,,Binary: /bin/apt-cdrom,1,Normal
2026-09-25,15:27:55,Binary Scan,,Binary: /bin/apt-config,1,Normal
2026-09-25,15:27:55,Binary Scan,,Binary: /bin/apt-get,1,Normal
2026-09-25,15:27:55,Binary Scan,,Binary: /bin/apt-mark,1,Normal
2026-09-25,15:27:55,Binary Scan,,Binary: /bin/aptdcon,1,Normal
2026-09-25,15:27:55,Binary Scan,,Binary: /bin/ar,1,Normal
2026-09-25,15:27:55,Binary Scan,,Binary: /bin/arch,1,Normal
2026-09-25,15:27:55,Binary Scan,,Binary: /bin/arecord,1,Normal
2026-09-25,15:27:55,Binary Scan,,Binary: /bin/arecordmidi,1,Normal
2026-09-25,15:27:55,Binary Scan,,Binary: /bin/arecordmidi2,1,Normal
2026-09-25,15:27:55,Binary Scan,,Binary: /bin/arm2hpdl,1,Normal
2026-09-25,15:27:55,Binary Scan,,Binary: /bin/as,1,Normal
2026-09-25,15:27:55,Binary Scan,,Binary: /bin/aseqdump,1,Normal
2026-09-25,15:27:55,Binary Scan,,Binary: /bin/aseqnet,1,Normal
2026-09-25,15:27:55,Binary Scan,,Binary: /bin/aseqsend,1,Normal
2026-09-25,15:27:55,Binary Scan,,Binary: /bin/aspell,1,Normal
2026-09-25,15:27:55,Binary Scan,,Binary: /bin/aspell-import,1,Normal
2026-09-25,15:27:55,Binary Scan,,Binary: /bin/awk,1,Normal
2026-09-25,15:27:55,Binary Scan,,Binary: /bin/axfer,1,Normal
2026-09-25,15:27:55,Binary Scan,,Binary: /bin/b2sum,1,Normal
2026-09-25,15:27:55,Binary Scan,,Binary: /bin/baobab,1,Normal
2026-09-25,15:27:55,Binary Scan,,Binary: /bin/base32,1,Normal
2026-09-25,15:27:55,Binary Scan,,Binary: /bin/base64,1,Normal
2026-09-25,15:27:56,Binary Scan,,Binary: /bin/basename,1,Normal
2026-09-25,15:27:56,Binary Scan,,Binary: /bin/basenc,1,Normal
2026-09-25,15:27:56,Binary Scan,,Binary: /bin/bash,1,Normal
2026-09-25,15:27:56,Binary Scan,,Binary: /bin/bashbug,1,Normal
2026-09-25,15:27:56,Binary Scan,,Binary: /bin/bc,1,Normal
2026-09-25,15:27:56,Binary Scan,,Binary: /bin/bdftopcf,1,Normal
2026-09-25,15:27:56,Binary Scan,,Binary: /bin/bdftruncate,1,Normal
2026-09-25,15:27:56,Binary Scan,,Binary: /bin/bluemoon,1,Normal
2026-09-25,15:27:56,Binary Scan,,Binary: /bin/bluetooth-sendto,1,Normal
2026-09-25,15:27:56,Binary Scan,,Binary: /bin/bluetoothctl,1,Normal
2026-09-25,15:27:56,Binary Scan,,Binary: /bin/boltctl,1,Normal
2026-09-25,15:27:56,Binary Scan,,Binary: /bin/bpftrace,1,Normal
2026-09-25,15:27:56,Binary Scan,,Binary: /bin/bpftrace-aotrt,1,Normal
2026-09-25,15:27:56,Binary Scan,,Binary: /bin/brltty,1,Normal
2026-09-25,15:27:56,Binary Scan,,Binary: /bin/brltty-atb,1,Normal
2026-09-25,15:27:56,Binary Scan,,Binary: /bin/brltty-clip,1,Normal
2026-09-25,15:27:56,Binary Scan,,Binary: /bin/brltty-ctb,1,Normal
2026-09-25,15:27:56,Binary Scan,,Binary: /bin/brltty-hid,1,Normal
2026-09-25,15:27:56,Binary Scan,,Binary: /bin/brltty-ktb,1,Normal
2026-09-25,15:27:56,Binary Scan,,Binary: /bin/brltty-lscmds,1,Normal
2026-09-25,15:27:56,Binary Scan,,Binary: /bin/brltty-morse,1,Normal
2026-09-25,15:27:56,Binary Scan,,Binary: /bin/brltty-trtxt,1,Normal
2026-09-25,15:27:56,Binary Scan,,Binary: /bin/brltty-ttb,1,Normal
2026-09-25,15:27:56,Binary Scan,,Binary: /bin/brltty-tune,1,Normal
2026-09-25,15:27:56,Binary Scan,,Binary: /bin/broadwayd,1,Normal
2026-09-25,15:27:56,Binary Scan,,Binary: /bin/browse,1,Normal
2026-09-25,15:27:56,Binary Scan,,Binary: /bin/btattach,1,Normal
2026-09-25,15:27:56,Binary Scan,,Binary: /bin/btmgmt,1,Normal
2026-09-25,15:27:56,Binary Scan,,Binary: /bin/btmon,1,Normal
2026-09-25,15:27:56,Binary Scan,,Binary: /bin/bunzip2,1,Normal
2026-09-25,15:27:56,Binary Scan,,Binary: /bin/busctl,1,Normal
2026-09-25,15:27:57,Binary Scan,,Binary: /bin/busybox,1,Normal
2026-09-25,15:27:57,Binary Scan,,Binary: /bin/bwrap,1,Normal
2026-09-25,15:27:57,Binary Scan,,Binary: /bin/bzcat,1,Normal
2026-09-25,15:27:57,Binary Scan,,Binary: /bin/bzcmp,1,Normal
2026-09-25,15:27:57,Binary Scan,,Binary: /bin/bzdiff,1,Normal
2026-09-25,15:27:57,Binary Scan,,Binary: /bin/bzegrep,1,Normal
2026-09-25,15:27:57,Binary Scan,,Binary: /bin/bzexe,1,Normal
2026-09-25,15:27:57,Binary Scan,,Binary: /bin/bzfgrep,1,Normal
2026-09-25,15:27:57,Binary Scan,,Binary: /bin/bzgrep,1,Normal
2026-09-25,15:27:57,Binary Scan,,Binary: /bin/bzip2,1,Normal
2026-09-25,15:27:57,Binary Scan,,Binary: /bin/bzip2recover,1,Normal
2026-09-25,15:27:57,Binary Scan,,Binary: /bin/bzless,1,Normal
2026-09-25,15:27:57,Binary Scan,,Binary: /bin/bzmore,1,Normal
2026-09-25,15:27:57,Binary Scan,,Binary: /bin/c++,1,Normal
2026-09-25,15:27:57,Binary Scan,,Binary: /bin/c++filt,1,Normal
2026-09-25,15:27:57,Binary Scan,,Binary: /bin/c89,1,Normal
2026-09-25,15:27:57,Binary Scan,,Binary: /bin/c89-gcc,1,Normal
2026-09-25,15:27:57,Binary Scan,,Binary: /bin/c99,1,Normal
2026-09-25,15:27:57,Binary Scan,,Binary: /bin/c99-gcc,1,Normal
2026-09-25,15:27:57,Binary Scan,,Binary: /bin/c_rehash,1,Normal
2026-09-25,15:27:57,Binary Scan,,Binary: /bin/calibrate_ppa,1,Normal
2026-09-25,15:27:57,Binary Scan,,Binary: /bin/canberra-gtk-play,1,Normal
2026-09-25,15:27:57,Binary Scan,,Binary: /bin/cancel,1,Normal
2026-09-25,15:27:57,Binary Scan,,Binary: /bin/captoinfo,1,Normal
2026-09-25,15:27:57,Binary Scan,,Binary: /bin/cat,1,Normal
2026-09-25,15:27:57,Binary Scan,,Binary: /bin/catman,1,Normal
2026-09-25,15:27:57,Binary Scan,,Binary: /bin/cc,1,Normal
2026-09-25,15:27:57,Binary Scan,,Binary: /bin/cd-create-profile,1,Normal
2026-09-25,15:27:57,Binary Scan,,Binary: /bin/cd-fix-profile,1,Normal
2026-09-25,15:27:57,Binary Scan,,Binary: /bin/cd-iccdump,1,Normal
2026-09-25,15:27:57,Binary Scan,,Binary: /bin/cd-it8,1,Normal
2026-09-25,15:27:57,Binary Scan,,Binary: /bin/chacl,1,Normal
2026-09-25,15:27:57,Binary Scan,,Binary: /bin/chage,1,Normal
2026-09-25,15:27:57,Binary Scan,,Binary: /bin/chardet,1,Normal
2026-09-25,15:27:57,Binary Scan,,Binary: /bin/chardetect,1,Normal
2026-09-25,15:27:57,Binary Scan,,Binary: /bin/chattr,1,Normal
2026-09-25,15:27:57,Binary Scan,,Binary: /bin/chcon,1,Normal
2026-09-25,15:27:57,Binary Scan,,Binary: /bin/check-language-support,1,Normal
2026-09-25,15:27:57,Binary Scan,,Binary: /bin/chfn,1,Normal
2026-09-25,15:27:57,Binary Scan,,Binary: /bin/chgrp,1,Normal
2026-09-25,15:27:57,Binary Scan,,Binary: /bin/chmod,1,Normal
2026-09-25,15:27:57,Binary Scan,,Binary: /bin/choom,1,Normal
2026-09-25,15:27:57,Binary Scan,,Binary: /bin/chown,1,Normal
2026-09-25,15:27:57,Binary Scan,,Binary: /bin/chronyc,1,Normal
2026-09-25,15:27:57,Binary Scan,,Binary: /bin/chroot,1,Normal
2026-09-25,15:27:57,Binary Scan,,Binary: /bin/chrt,1,Normal
2026-09-25,15:27:57,Binary Scan,,Binary: /bin/chsh,1,Normal
2026-09-25,15:27:57,Binary Scan,,Binary: /bin/chvt,1,Normal
2026-09-25,15:27:57,Binary Scan,,Binary: /bin/cifsiostat,1,Normal
2026-09-25,15:27:57,Binary Scan,,Binary: /bin/ciptool,1,Normal
2026-09-25,15:27:57,Binary Scan,,Binary: /bin/ckbcomp,1,Normal
2026-09-25,15:27:57,Binary Scan,,Binary: /bin/cksum,1,Normal
2026-09-25,15:27:57,Binary Scan,,Binary: /bin/clear,1,Normal
2026-09-25,15:27:57,Binary Scan,,Binary: /bin/clear_console,1,Normal
2026-09-25,15:27:57,Binary Scan,,Binary: /bin/cloud-id,1,Normal
2026-09-25,15:27:58,Binary Scan,,Binary: /bin/cloud-init,1,Normal
2026-09-25,15:27:58,Binary Scan,,Binary: /bin/cloud-init-per,1,Normal
2026-09-25,15:27:58,Binary Scan,,Binary: /bin/cmp,1,Normal
2026-09-25,15:27:58,Binary Scan,,Binary: /bin/codepage,1,Normal
2026-09-25,15:27:58,Binary Scan,,Binary: /bin/col,1,Normal
2026-09-25,15:27:58,Binary Scan,,Binary: /bin/colcrt,1,Normal
2026-09-25,15:27:58,Binary Scan,,Binary: /bin/colormgr,1,Normal
2026-09-25,15:27:58,Binary Scan,,Binary: /bin/colrm,1,Normal
2026-09-25,15:27:58,Binary Scan,,Binary: /bin/column,1,Normal
2026-09-25,15:27:58,Binary Scan,,Binary: /bin/comm,1,Normal
2026-09-25,15:27:58,Binary Scan,,Binary: /bin/corelist,1,Normal
2026-09-25,15:27:58,Binary Scan,,Binary: /bin/coreutils,1,Normal
2026-09-25,15:27:58,Binary Scan,,Binary: /bin/cp,1,Normal
2026-09-25,15:27:58,Binary Scan,,Binary: /bin/cpan,1,Normal
2026-09-25,15:27:58,Binary Scan,,Binary: /bin/cpan5.40-x86_64-linux-gnu,-1,Anomalía
2026-09-25,15:27:58,Binary Scan,,Binary: /bin/cpio,1,Normal
2026-09-25,15:27:58,Binary Scan,,Binary: /bin/cpp,1,Normal
2026-09-25,15:27:58,Binary Scan,,Binary: /bin/cpp-15,1,Normal
2026-09-25,15:27:58,Binary Scan,,Binary: /bin/cpupower,1,Normal
2026-09-25,15:27:58,Binary Scan,,Binary: /bin/crash,1,Normal
2026-09-25,15:27:58,Binary Scan,,Binary: /bin/crontab,1,Normal
2026-09-25,15:27:58,Binary Scan,,Binary: /bin/csplit,1,Normal
2026-09-25,15:27:58,Binary Scan,,Binary: /bin/ctstat,1,Normal
2026-09-25,15:27:58,Binary Scan,,Binary: /bin/cupstestppd,1,Normal
2026-09-25,15:27:58,Binary Scan,,Binary: /bin/cut,1,Normal
2026-09-25,15:27:58,Binary Scan,,Binary: /bin/cvtsudoers.ws,1,Normal
2026-09-25,15:27:58,Binary Scan,,Binary: /bin/dash,1,Normal
2026-09-25,15:27:58,Binary Scan,,Binary: /bin/date,1,Normal
2026-09-25,15:27:58,Binary Scan,,Binary: /bin/dbus-cleanup-sockets,1,Normal
2026-09-25,15:27:58,Binary Scan,,Binary: /bin/dbus-daemon,1,Normal
2026-09-25,15:27:58,Binary Scan,,Binary: /bin/dbus-monitor,1,Normal
2026-09-25,15:27:58,Binary Scan,,Binary: /bin/dbus-run-session,1,Normal
2026-09-25,15:27:58,Binary Scan,,Binary: /bin/dbus-send,1,Normal
2026-09-25,15:27:58,Binary Scan,,Binary: /bin/dbus-update-activation-environment,1,Normal
2026-09-25,15:27:58,Binary Scan,,Binary: /bin/dbus-uuidgen,1,Normal
2026-09-25,15:27:58,Binary Scan,,Binary: /bin/dbxtool,1,Normal
2026-09-25,15:27:58,Binary Scan,,Binary: /bin/dc,1,Normal
2026-09-25,15:27:58,Binary Scan,,Binary: /bin/dconf,1,Normal
2026-09-25,15:27:58,Binary Scan,,Binary: /bin/dd,1,Normal
2026-09-25,15:27:58,Binary Scan,,Binary: /bin/ddstdecode,1,Normal
2026-09-25,15:27:58,Binary Scan,,Binary: /bin/deallocvt,1,Normal
2026-09-25,15:27:58,Binary Scan,,Binary: /bin/deb-systemd-helper,1,Normal
2026-09-25,15:27:58,Binary Scan,,Binary: /bin/deb-systemd-invoke,1,Normal
2026-09-25,15:27:58,Binary Scan,,Binary: /bin/debconf,1,Normal
2026-09-25,15:27:58,Binary Scan,,Binary: /bin/debconf-apt-progress,1,Normal
2026-09-25,15:27:58,Binary Scan,,Binary: /bin/debconf-communicate,1,Normal
2026-09-25,15:27:58,Binary Scan,,Binary: /bin/debconf-copydb,1,Normal
2026-09-25,15:27:58,Binary Scan,,Binary: /bin/debconf-escape,1,Normal
2026-09-25,15:27:58,Binary Scan,,Binary: /bin/debconf-set-selections,1,Normal
2026-09-25,15:27:58,Binary Scan,,Binary: /bin/debconf-show,1,Normal
2026-09-25,15:27:58,Binary Scan,,Binary: /bin/debian-distro-info,1,Normal
2026-09-25,15:27:58,Binary Scan,,Binary: /bin/delv,1,Normal
2026-09-25,15:27:58,Binary Scan,,Binary: /bin/desktop-file-edit,1,Normal
2026-09-25,15:27:58,Binary Scan,,Binary: /bin/desktop-file-install,1,Normal
2026-09-25,15:27:58,Binary Scan,,Binary: /bin/desktop-file-validate,1,Normal
2026-09-25,15:27:58,Binary Scan,,Binary: /bin/df,1,Normal
2026-09-25,15:27:58,Binary Scan,,Binary: /bin/dh_bash-completion,1,Normal
2026-09-25,15:27:58,Binary Scan,,Binary: /bin/dh_installxmlcatalogs,1,Normal
2026-09-25,15:27:58,Binary Scan,,Binary: /bin/dh_perl_openssl,1,Normal
2026-09-25,15:27:58,Binary Scan,,Binary: /bin/diff,1,Normal
2026-09-25,15:27:58,Binary Scan,,Binary: /bin/diff3,1,Normal
2026-09-25,15:27:58,Binary Scan,,Binary: /bin/dig,1,Normal
2026-09-25,15:27:58,Binary Scan,,Binary: /bin/dir,1,Normal
2026-09-25,15:27:58,Binary Scan,,Binary: /bin/dircolors,1,Normal
2026-09-25,15:27:58,Binary Scan,,Binary: /bin/dirmngr,1,Normal
2026-09-25,15:27:58,Binary Scan,,Binary: /bin/dirmngr-client,1,Normal
2026-09-25,15:27:58,Binary Scan,,Binary: /bin/dirname,1,Normal
2026-09-25,15:27:58,Binary Scan,,Binary: /bin/distro-info,1,Normal
2026-09-25,15:27:58,Binary Scan,,Binary: /bin/dmesg,1,Normal
2026-09-25,15:27:58,Binary Scan,,Binary: /bin/dnsdomainname,1,Normal
2026-09-25,15:27:58,Binary Scan,,Binary: /bin/do-release-upgrade,1,Normal
2026-09-25,15:27:58,Binary Scan,,Binary: /bin/domainname,1,Normal
2026-09-25,15:27:58,Binary Scan,,Binary: /bin/dpkg,1,Normal
2026-09-25,15:27:58,Binary Scan,,Binary: /bin/dpkg-architecture,1,Normal
2026-09-25,15:27:58,Binary Scan,,Binary: /bin/dpkg-buildapi,1,Normal
2026-09-25,15:27:58,Binary Scan,,Binary: /bin/dpkg-buildflags,1,Normal
2026-09-25,15:27:59,Binary Scan,,Binary: /bin/dpkg-buildpackage,1,Normal
2026-09-25,15:27:59,Binary Scan,,Binary: /bin/dpkg-buildtree,1,Normal
2026-09-25,15:27:59,Binary Scan,,Binary: /bin/dpkg-checkbuilddeps,1,Normal
2026-09-25,15:27:59,Binary Scan,,Binary: /bin/dpkg-deb,1,Normal
2026-09-25,15:27:59,Binary Scan,,Binary: /bin/dpkg-distaddfile,1,Normal
2026-09-25,15:27:59,Binary Scan,,Binary: /bin/dpkg-divert,1,Normal
2026-09-25,15:27:59,Binary Scan,,Binary: /bin/dpkg-genbuildinfo,1,Normal
2026-09-25,15:27:59,Binary Scan,,Binary: /bin/dpkg-genchanges,1,Normal
2026-09-25,15:27:59,Binary Scan,,Binary: /bin/dpkg-gencontrol,1,Normal
2026-09-25,15:27:59,Binary Scan,,Binary: /bin/dpkg-gensymbols,1,Normal
2026-09-25,15:27:59,Binary Scan,,Binary: /bin/dpkg-maintscript-helper,1,Normal
2026-09-25,15:27:59,Binary Scan,,Binary: /bin/dpkg-mergechangelogs,1,Normal
2026-09-25,15:27:59,Binary Scan,,Binary: /bin/dpkg-name,1,Normal
2026-09-25,15:27:59,Binary Scan,,Binary: /bin/dpkg-parsechangelog,1,Normal
2026-09-25,15:27:59,Binary Scan,,Binary: /bin/dpkg-query,1,Normal
2026-09-25,15:27:59,Binary Scan,,Binary: /bin/dpkg-realpath,1,Normal
2026-09-25,15:27:59,Binary Scan,,Binary: /bin/dpkg-scanpackages,1,Normal
2026-09-25,15:27:59,Binary Scan,,Binary: /bin/dpkg-scansources,1,Normal
2026-09-25,15:27:59,Binary Scan,,Binary: /bin/dpkg-shlibdeps,1,Normal
2026-09-25,15:27:59,Binary Scan,,Binary: /bin/dpkg-source,1,Normal
2026-09-25,15:27:59,Binary Scan,,Binary: /bin/dpkg-split,1,Normal
2026-09-25,15:27:59,Binary Scan,,Binary: /bin/dpkg-statoverride,1,Normal
2026-09-25,15:27:59,Binary Scan,,Binary: /bin/dpkg-trigger,1,Normal
2026-09-25,15:27:59,Binary Scan,,Binary: /bin/dpkg-vendor,1,Normal
2026-09-25,15:27:59,Binary Scan,,Binary: /bin/dracut,1,Normal
2026-09-25,15:27:59,Binary Scan,,Binary: /bin/dracut-catimages,1,Normal
2026-09-25,15:27:59,Binary Scan,,Binary: /bin/driverless,1,Normal
2026-09-25,15:27:59,Binary Scan,,Binary: /bin/driverless-fax,1,Normal
2026-09-25,15:27:59,Binary Scan,,Binary: /bin/du,1,Normal
2026-09-25,15:27:59,Binary Scan,,Binary: /bin/dumpkeys,1,Normal
2026-09-25,15:27:59,Binary Scan,,Binary: /bin/dvipdf,1,Normal
2026-09-25,15:27:59,Binary Scan,,Binary: /bin/eatmydata,1,Normal
2026-09-25,15:27:59,Binary Scan,,Binary: /bin/ec2metadata,1,Normal
2026-09-25,15:27:59,Binary Scan,,Binary: /bin/echo,1,Normal
2026-09-25,15:27:59,Binary Scan,,Binary: /bin/ed,1,Normal
2026-09-25,15:27:59,Binary Scan,,Binary: /bin/editor,1,Normal
2026-09-25,15:27:59,Binary Scan,,Binary: /bin/editres,1,Normal
2026-09-25,15:27:59,Binary Scan,,Binary: /bin/egrep,1,Normal
2026-09-25,15:27:59,Binary Scan,,Binary: /bin/eject,1,Normal
2026-09-25,15:27:59,Binary Scan,,Binary: /bin/elfedit,1,Normal
2026-09-25,15:27:59,Binary Scan,,Binary: /bin/enc2xs,1,Normal
2026-09-25,15:27:59,Binary Scan,,Binary: /bin/encguess,1,Normal
2026-09-25,15:27:59,Binary Scan,,Binary: /bin/enchant-2,1,Normal
2026-09-25,15:27:59,Binary Scan,,Binary: /bin/enchant-lsmod-2,1,Normal
2026-09-25,15:27:59,Binary Scan,,Binary: /bin/env,1,Normal
2026-09-25,15:27:59,Binary Scan,,Binary: /bin/envsubst,1,Normal
2026-09-25,15:27:59,Binary Scan,,Binary: /bin/eps2eps,1,Normal
2026-09-25,15:27:59,Binary Scan,,Binary: /bin/eqn,1,Normal
2026-09-25,15:27:59,Binary Scan,,Binary: /bin/esc-m,1,Normal
2026-09-25,15:27:59,Binary Scan,,Binary: /bin/eutp,1,Normal
2026-09-25,15:27:59,Binary Scan,,Binary: /bin/ex,1,Normal
2026-09-25,15:27:59,Binary Scan,,Binary: /bin/expand,1,Normal
2026-09-25,15:27:59,Binary Scan,,Binary: /bin/expiry,1,Normal
2026-09-25,15:27:59,Binary Scan,,Binary: /bin/expr,1,Normal
2026-09-25,15:27:59,Binary Scan,,Binary: /bin/factor,1,Normal
2026-09-25,15:27:59,Binary Scan,,Binary: /bin/faked-sysv,1,Normal
2026-09-25,15:27:59,Binary Scan,,Binary: /bin/faked-tcp,1,Normal
2026-09-25,15:27:59,Binary Scan,,Binary: /bin/fakeroot,1,Normal
2026-09-25,15:27:59,Binary Scan,,Binary: /bin/fakeroot-sysv,1,Normal
2026-09-25,15:27:59,Binary Scan,,Binary: /bin/fakeroot-tcp,1,Normal
2026-09-25,15:27:59,Binary Scan,,Binary: /bin/fallocate,1,Normal
2026-09-25,15:27:59,Binary Scan,,Binary: /bin/false,1,Normal
2026-09-25,15:27:59,Binary Scan,,Binary: /bin/fc-cache,1,Normal
2026-09-25,15:27:59,Binary Scan,,Binary: /bin/fc-cat,1,Normal
2026-09-25,15:27:59,Binary Scan,,Binary: /bin/fc-conflist,1,Normal
2026-09-25,15:27:59,Binary Scan,,Binary: /bin/fc-list,1,Normal
2026-09-25,15:27:59,Binary Scan,,Binary: /bin/fc-match,1,Normal
2026-09-25,15:27:59,Binary Scan,,Binary: /bin/fc-pattern,1,Normal
2026-09-25,15:27:59,Binary Scan,,Binary: /bin/fc-query,1,Normal
2026-09-25,15:27:59,Binary Scan,,Binary: /bin/fc-scan,1,Normal
2026-09-25,15:27:59,Binary Scan,,Binary: /bin/fc-validate,1,Normal
2026-09-25,15:27:59,Binary Scan,,Binary: /bin/fgconsole,1,Normal
2026-09-25,15:27:59,Binary Scan,,Binary: /bin/fgrep,1,Normal
2026-09-25,15:27:59,Binary Scan,,Binary: /bin/file,1,Normal
2026-09-25,15:27:59,Binary Scan,,Binary: /bin/file2brl,1,Normal
2026-09-25,15:28:00,Binary Scan,,Binary: /bin/find,1,Normal
2026-09-25,15:28:00,Binary Scan,,Binary: /bin/findmnt,1,Normal
2026-09-25,15:28:00,Binary Scan,,Binary: /bin/firefox,1,Normal
2026-09-25,15:28:00,Binary Scan,,Binary: /bin/flock,1,Normal
2026-09-25,15:28:00,Binary Scan,,Binary: /bin/fmt,1,Normal
2026-09-25,15:28:00,Binary Scan,,Binary: /bin/fold,1,Normal
2026-09-25,15:28:00,Binary Scan,,Binary: /bin/fonttosfnt,1,Normal
2026-09-25,15:28:00,Binary Scan,,Binary: /bin/foo2ddst,1,Normal
2026-09-25,15:28:00,Binary Scan,,Binary: /bin/foo2ddst-wrapper,1,Normal
2026-09-25,15:28:00,Binary Scan,,Binary: /bin/foo2hbpl2,1,Normal
2026-09-25,15:28:00,Binary Scan,,Binary: /bin/foo2hbpl2-wrapper,1,Normal
2026-09-25,15:28:00,Binary Scan,,Binary: /bin/foo2hiperc,1,Normal
2026-09-25,15:28:00,Binary Scan,,Binary: /bin/foo2hiperc-wrapper,1,Normal
2026-09-25,15:28:00,Binary Scan,,Binary: /bin/foo2hp,1,Normal
2026-09-25,15:28:00,Binary Scan,,Binary: /bin/foo2hp2600-wrapper,1,Normal
2026-09-25,15:28:00,Binary Scan,,Binary: /bin/foo2lava,1,Normal
2026-09-25,15:28:00,Binary Scan,,Binary: /bin/foo2lava-wrapper,1,Normal
2026-09-25,15:28:00,Binary Scan,,Binary: /bin/foo2oak,1,Normal
2026-09-25,15:28:00,Binary Scan,,Binary: /bin/foo2oak-wrapper,1,Normal
2026-09-25,15:28:00,Binary Scan,,Binary: /bin/foo2qpdl,1,Normal
2026-09-25,15:28:00,Binary Scan,,Binary: /bin/foo2qpdl-wrapper,1,Normal
2026-09-25,15:28:00,Binary Scan,,Binary: /bin/foo2slx,1,Normal
2026-09-25,15:28:00,Binary Scan,,Binary: /bin/foo2slx-wrapper,1,Normal
2026-09-25,15:28:00,Binary Scan,,Binary: /bin/foo2xqx,1,Normal
2026-09-25,15:28:00,Binary Scan,,Binary: /bin/foo2xqx-wrapper,1,Normal
2026-09-25,15:28:00,Binary Scan,,Binary: /bin/foo2zjs,1,Normal
2026-09-25,15:28:00,Binary Scan,,Binary: /bin/foo2zjs-icc2ps,1,Normal
2026-09-25,15:28:00,Binary Scan,,Binary: /bin/foo2zjs-pstops,1,Normal
2026-09-25,15:28:00,Binary Scan,,Binary: /bin/foo2zjs-wrapper,1,Normal
2026-09-25,15:28:00,Binary Scan,,Binary: /bin/foomatic-rip,1,Normal
2026-09-25,15:28:00,Binary Scan,,Binary: /bin/fprintd-delete,1,Normal
2026-09-25,15:28:00,Binary Scan,,Binary: /bin/fprintd-enroll,1,Normal
2026-09-25,15:28:00,Binary Scan,,Binary: /bin/fprintd-list,1,Normal
2026-09-25,15:28:00,Binary Scan,,Binary: /bin/fprintd-verify,1,Normal
2026-09-25,15:28:00,Binary Scan,,Binary: /bin/free,1,Normal
2026-09-25,15:28:00,Binary Scan,,Binary: /bin/ftp,1,Normal
2026-09-25,15:28:00,Binary Scan,,Binary: /bin/funzip,1,Normal
2026-09-25,15:28:00,Binary Scan,,Binary: /bin/fuser,1,Normal
2026-09-25,15:28:00,Binary Scan,,Binary: /bin/fusermount,1,Normal
2026-09-25,15:28:00,Binary Scan,,Binary: /bin/fusermount3,1,Normal
2026-09-25,15:28:00,Binary Scan,,Binary: /bin/fwupdmgr,1,Normal
2026-09-25,15:28:00,Binary Scan,,Binary: /bin/fwupdtool,1,Normal
2026-09-25,15:28:00,Binary Scan,,Binary: /bin/g++,1,Normal
2026-09-25,15:28:00,Binary Scan,,Binary: /bin/g++-15,1,Normal
2026-09-25,15:28:00,Binary Scan,,Binary: /bin/gamemoded,1,Normal
2026-09-25,15:28:00,Binary Scan,,Binary: /bin/gamma4scanimage,1,Normal
2026-09-25,15:28:00,Binary Scan,,Binary: /bin/gapplication,1,Normal
2026-09-25,15:28:00,Binary Scan,,Binary: /bin/gatttool,1,Normal
2026-09-25,15:28:00,Binary Scan,,Binary: /bin/gcalccmd,1,Normal
2026-09-25,15:28:00,Binary Scan,,Binary: /bin/gcc,1,Normal
2026-09-25,15:28:00,Binary Scan,,Binary: /bin/gcc-15,1,Normal
2026-09-25,15:28:00,Binary Scan,,Binary: /bin/gcc-ar,1,Normal
2026-09-25,15:28:00,Binary Scan,,Binary: /bin/gcc-ar-15,1,Normal
2026-09-25,15:28:00,Binary Scan,,Binary: /bin/gcc-nm,1,Normal
2026-09-25,15:28:00,Binary Scan,,Binary: /bin/gcc-nm-15,1,Normal
2026-09-25,15:28:00,Binary Scan,,Binary: /bin/gcc-ranlib,1,Normal
2026-09-25,15:28:00,Binary Scan,,Binary: /bin/gcc-ranlib-15,1,Normal
2026-09-25,15:28:00,Binary Scan,,Binary: /bin/gcore,1,Normal
2026-09-25,15:28:00,Binary Scan,,Binary: /bin/gcov,1,Normal
2026-09-25,15:28:00,Binary Scan,,Binary: /bin/gcov-15,1,Normal
2026-09-25,15:28:00,Binary Scan,,Binary: /bin/gcov-dump,1,Normal
2026-09-25,15:28:00,Binary Scan,,Binary: /bin/gcov-dump-15,1,Normal
2026-09-25,15:28:00,Binary Scan,,Binary: /bin/gcov-tool,1,Normal
2026-09-25,15:28:00,Binary Scan,,Binary: /bin/gcov-tool-15,1,Normal
2026-09-25,15:28:00,Binary Scan,,Binary: /bin/gcr-viewer,1,Normal
2026-09-25,15:28:00,Binary Scan,,Binary: /bin/gcr-viewer-gtk4,1,Normal
2026-09-25,15:28:00,Binary Scan,,Binary: /bin/gdb,1,Normal
2026-09-25,15:28:00,Binary Scan,,Binary: /bin/gdb-add-index,1,Normal
2026-09-25,15:28:00,Binary Scan,,Binary: /bin/gdbtui,1,Normal
2026-09-25,15:28:00,Binary Scan,,Binary: /bin/gdbus,1,Normal
2026-09-25,15:28:00,Binary Scan,,Binary: /bin/gdctl,1,Normal
2026-09-25,15:28:00,Binary Scan,,Binary: /bin/gdk-pixbuf-csource,1,Normal
2026-09-25,15:28:00,Binary Scan,,Binary: /bin/gdk-pixbuf-pixdata,1,Normal
2026-09-25,15:28:00,Binary Scan,,Binary: /bin/gdm-config,1,Normal
2026-09-25,15:28:01,Binary Scan,,Binary: /bin/gencat,1,Normal
2026-09-25,15:28:01,Binary Scan,,Binary: /bin/geqn,1,Normal
2026-09-25,15:28:01,Binary Scan,,Binary: /bin/getconf,1,Normal
2026-09-25,15:28:01,Binary Scan,,Binary: /bin/getent,1,Normal
2026-09-25,15:28:01,Binary Scan,,Binary: /bin/getfacl,1,Normal
2026-09-25,15:28:01,Binary Scan,,Binary: /bin/getkeycodes,1,Normal
2026-09-25,15:28:01,Binary Scan,,Binary: /bin/getopt,1,Normal
2026-09-25,15:28:01,Binary Scan,,Binary: /bin/gettext,1,Normal
2026-09-25,15:28:01,Binary Scan,,Binary: /bin/gettext.sh,1,Normal
2026-09-25,15:28:01,Binary Scan,,Binary: /bin/ghostscript,1,Normal
2026-09-25,15:28:01,Binary Scan,,Binary: /bin/ginstall-info,1,Normal
2026-09-25,15:28:01,Binary Scan,,Binary: /bin/gio,1,Normal
2026-09-25,15:28:01,Binary Scan,,Binary: /bin/gio-querymodules,1,Normal
2026-09-25,15:28:01,Binary Scan,,Binary: /bin/gipddecode,1,Normal
2026-09-25,15:28:01,Binary Scan,,Binary: /bin/gjs,1,Normal
2026-09-25,15:28:01,Binary Scan,,Binary: /bin/gjs-console,1,Normal
2026-09-25,15:28:01,Binary Scan,,Binary: /bin/glib-compile-schemas,1,Normal
2026-09-25,15:28:01,Binary Scan,,Binary: /bin/glycin-thumbnailer,1,Normal
2026-09-25,15:28:01,Binary Scan,,Binary: /bin/gmake,1,Normal
2026-09-25,15:28:01,Binary Scan,,Binary: /bin/gnome-calculator,1,Normal
2026-09-25,15:28:01,Binary Scan,,Binary: /bin/gnome-characters,1,Normal
2026-09-25,15:28:01,Binary Scan,,Binary: /bin/gnome-clocks,1,Normal
2026-09-25,15:28:01,Binary Scan,,Binary: /bin/gnome-control-center,1,Normal
2026-09-25,15:28:01,Binary Scan,,Binary: /bin/gnome-disk-image-mounter,1,Normal
2026-09-25,15:28:01,Binary Scan,,Binary: /bin/gnome-disks,1,Normal
2026-09-25,15:28:01,Binary Scan,,Binary: /bin/gnome-extensions,1,Normal
2026-09-25,15:28:01,Binary Scan,,Binary: /bin/gnome-font-viewer,1,Normal
2026-09-25,15:28:01,Binary Scan,,Binary: /bin/gnome-help,1,Normal
2026-09-25,15:28:01,Binary Scan,,Binary: /bin/gnome-keyring,1,Normal
2026-09-25,15:28:01,Binary Scan,,Binary: /bin/gnome-keyring-3,1,Normal
2026-09-25,15:28:01,Binary Scan,,Binary: /bin/gnome-keyring-daemon,1,Normal
2026-09-25,15:28:01,Binary Scan,,Binary: /bin/gnome-language-selector,1,Normal
2026-09-25,15:28:01,Binary Scan,,Binary: /bin/gnome-logs,1,Normal
2026-09-25,15:28:01,Binary Scan,,Binary: /bin/gnome-service-client,1,Normal
2026-09-25,15:28:01,Binary Scan,,Binary: /bin/gnome-session,1,Normal
2026-09-25,15:28:01,Binary Scan,,Binary: /bin/gnome-session-inhibit,1,Normal
2026-09-25,15:28:01,Binary Scan,,Binary: /bin/gnome-session-quit,1,Normal
2026-09-25,15:28:01,Binary Scan,,Binary: /bin/gnome-shell,1,Normal
2026-09-25,15:28:01,Binary Scan,,Binary: /bin/gnome-shell-extension-tool,1,Normal
2026-09-25,15:28:01,Binary Scan,,Binary: /bin/gnome-shell-test-tool,1,Normal
2026-09-25,15:28:01,Binary Scan,,Binary: /bin/gnome-text-editor,1,Normal
2026-09-25,15:28:01,Binary Scan,,Binary: /bin/gnome-thumbnail-font,1,Normal
2026-09-25,15:28:01,Binary Scan,,Binary: /bin/gnome-www-browser,1,Normal
2026-09-25,15:28:01,Binary Scan,,Binary: /bin/gnu[,1,Normal
2026-09-25,15:28:01,Binary Scan,,Binary: /bin/gnuarch,1,Normal
2026-09-25,15:28:01,Binary Scan,,Binary: /bin/gnub2sum,1,Normal
2026-09-25,15:28:01,Binary Scan,,Binary: /bin/gnubase32,1,Normal
2026-09-25,15:28:01,Binary Scan,,Binary: /bin/gnubase64,1,Normal
2026-09-25,15:28:01,Binary Scan,,Binary: /bin/gnubasename,1,Normal
2026-09-25,15:28:01,Binary Scan,,Binary: /bin/gnubasenc,1,Normal
2026-09-25,15:28:01,Binary Scan,,Binary: /bin/gnucat,1,Normal
2026-09-25,15:28:01,Binary Scan,,Binary: /bin/gnuchcon,1,Normal
2026-09-25,15:28:01,Binary Scan,,Binary: /bin/gnuchgrp,1,Normal
2026-09-25,15:28:01,Binary Scan,,Binary: /bin/gnuchmod,1,Normal
2026-09-25,15:28:01,Binary Scan,,Binary: /bin/gnuchown,1,Normal
2026-09-25,15:28:01,Binary Scan,,Binary: /bin/gnucksum,1,Normal
2026-09-25,15:28:01,Binary Scan,,Binary: /bin/gnucomm,1,Normal
2026-09-25,15:28:01,Binary Scan,,Binary: /bin/gnucp,1,Normal
2026-09-25,15:28:01,Binary Scan,,Binary: /bin/gnucsplit,1,Normal
2026-09-25,15:28:01,Binary Scan,,Binary: /bin/gnucut,1,Normal
2026-09-25,15:28:01,Binary Scan,,Binary: /bin/gnudate,1,Normal
2026-09-25,15:28:01,Binary Scan,,Binary: /bin/gnudd,1,Normal
2026-09-25,15:28:01,Binary Scan,,Binary: /bin/gnudf,1,Normal
2026-09-25,15:28:01,Binary Scan,,Binary: /bin/gnudir,1,Normal
2026-09-25,15:28:01,Binary Scan,,Binary: /bin/gnudircolors,1,Normal
2026-09-25,15:28:01,Binary Scan,,Binary: /bin/gnudirname,1,Normal
2026-09-25,15:28:01,Binary Scan,,Binary: /bin/gnudu,1,Normal
2026-09-25,15:28:01,Binary Scan,,Binary: /bin/gnuecho,1,Normal
2026-09-25,15:28:01,Binary Scan,,Binary: /bin/gnuenv,1,Normal
2026-09-25,15:28:01,Binary Scan,,Binary: /bin/gnuexpand,1,Normal
2026-09-25,15:28:01,Binary Scan,,Binary: /bin/gnuexpr,1,Normal
2026-09-25,15:28:01,Binary Scan,,Binary: /bin/gnufactor,1,Normal
2026-09-25,15:28:01,Binary Scan,,Binary: /bin/gnufalse,1,Normal
2026-09-25,15:28:01,Binary Scan,,Binary: /bin/gnufmt,1,Normal
2026-09-25,15:28:01,Binary Scan,,Binary: /bin/gnufold,1,Normal
2026-09-25,15:28:02,Binary Scan,,Binary: /bin/gnugroups,1,Normal
2026-09-25,15:28:02,Binary Scan,,Binary: /bin/gnuhead,1,Normal
2026-09-25,15:28:02,Binary Scan,,Binary: /bin/gnuhostid,1,Normal
2026-09-25,15:28:02,Binary Scan,,Binary: /bin/gnuid,1,Normal
2026-09-25,15:28:02,Binary Scan,,Binary: /bin/gnuinstall,1,Normal
2026-09-25,15:28:02,Binary Scan,,Binary: /bin/gnujoin,1,Normal
2026-09-25,15:28:02,Binary Scan,,Binary: /bin/gnulink,1,Normal
2026-09-25,15:28:02,Binary Scan,,Binary: /bin/gnuln,1,Normal
2026-09-25,15:28:02,Binary Scan,,Binary: /bin/gnulogname,1,Normal
2026-09-25,15:28:02,Binary Scan,,Binary: /bin/gnuls,1,Normal
2026-09-25,15:28:02,Binary Scan,,Binary: /bin/gnumd5sum,1,Normal
2026-09-25,15:28:02,Binary Scan,,Binary: /bin/gnumkdir,1,Normal
2026-09-25,15:28:02,Binary Scan,,Binary: /bin/gnumkfifo,1,Normal
2026-09-25,15:28:02,Binary Scan,,Binary: /bin/gnumknod,1,Normal
2026-09-25,15:28:02,Binary Scan,,Binary: /bin/gnumktemp,1,Normal
2026-09-25,15:28:02,Binary Scan,,Binary: /bin/gnumv,1,Normal
2026-09-25,15:28:02,Binary Scan,,Binary: /bin/gnunice,1,Normal
2026-09-25,15:28:02,Binary Scan,,Binary: /bin/gnunl,1,Normal
2026-09-25,15:28:02,Binary Scan,,Binary: /bin/gnunohup,1,Normal
2026-09-25,15:28:02,Binary Scan,,Binary: /bin/gnunproc,1,Normal
2026-09-25,15:28:02,Binary Scan,,Binary: /bin/gnunumfmt,1,Normal
2026-09-25,15:28:02,Binary Scan,,Binary: /bin/gnuod,1,Normal
2026-09-25,15:28:02,Binary Scan,,Binary: /bin/gnupaste,1,Normal
2026-09-25,15:28:02,Binary Scan,,Binary: /bin/gnupathchk,1,Normal
2026-09-25,15:28:02,Binary Scan,,Binary: /bin/gnupinky,1,Normal
2026-09-25,15:28:02,Binary Scan,,Binary: /bin/gnupr,1,Normal
2026-09-25,15:28:02,Binary Scan,,Binary: /bin/gnuprintenv,1,Normal
2026-09-25,15:28:02,Binary Scan,,Binary: /bin/gnuprintf,1,Normal
2026-09-25,15:28:02,Binary Scan,,Binary: /bin/gnuptx,1,Normal
2026-09-25,15:28:02,Binary Scan,,Binary: /bin/gnupwd,1,Normal
2026-09-25,15:28:02,Binary Scan,,Binary: /bin/gnureadlink,1,Normal
2026-09-25,15:28:02,Binary Scan,,Binary: /bin/gnurealpath,1,Normal
2026-09-25,15:28:02,Binary Scan,,Binary: /bin/gnurm,1,Normal
2026-09-25,15:28:02,Binary Scan,,Binary: /bin/gnurmdir,1,Normal
2026-09-25,15:28:02,Binary Scan,,Binary: /bin/gnuruncon,1,Normal
2026-09-25,15:28:02,Binary Scan,,Binary: /bin/gnuseq,1,Normal
2026-09-25,15:28:02,Binary Scan,,Binary: /bin/gnusha1sum,1,Normal
2026-09-25,15:28:02,Binary Scan,,Binary: /bin/gnusha224sum,1,Normal
2026-09-25,15:28:02,Binary Scan,,Binary: /bin/gnusha256sum,1,Normal
2026-09-25,15:28:02,Binary Scan,,Binary: /bin/gnusha384sum,1,Normal
2026-09-25,15:28:02,Binary Scan,,Binary: /bin/gnusha512sum,1,Normal
2026-09-25,15:28:02,Binary Scan,,Binary: /bin/gnushred,1,Normal
2026-09-25,15:28:02,Binary Scan,,Binary: /bin/gnushuf,1,Normal
2026-09-25,15:28:02,Binary Scan,,Binary: /bin/gnusleep,1,Normal
2026-09-25,15:28:02,Binary Scan,,Binary: /bin/gnusort,1,Normal
2026-09-25,15:28:02,Binary Scan,,Binary: /bin/gnusplit,1,Normal
2026-09-25,15:28:02,Binary Scan,,Binary: /bin/gnustat,1,Normal
2026-09-25,15:28:02,Binary Scan,,Binary: /bin/gnustdbuf,1,Normal
2026-09-25,15:28:02,Binary Scan,,Binary: /bin/gnustty,1,Normal
2026-09-25,15:28:02,Binary Scan,,Binary: /bin/gnusum,1,Normal
2026-09-25,15:28:02,Binary Scan,,Binary: /bin/gnusync,1,Normal
2026-09-25,15:28:02,Binary Scan,,Binary: /bin/gnutac,1,Normal
2026-09-25,15:28:02,Binary Scan,,Binary: /bin/gnutail,1,Normal
2026-09-25,15:28:02,Binary Scan,,Binary: /bin/gnutee,1,Normal
2026-09-25,15:28:02,Binary Scan,,Binary: /bin/gnutest,1,Normal
2026-09-25,15:28:02,Binary Scan,,Binary: /bin/gnutimeout,1,Normal
2026-09-25,15:28:02,Binary Scan,,Binary: /bin/gnutouch,1,Normal
2026-09-25,15:28:02,Binary Scan,,Binary: /bin/gnutr,1,Normal
2026-09-25,15:28:02,Binary Scan,,Binary: /bin/gnutrue,1,Normal
2026-09-25,15:28:02,Binary Scan,,Binary: /bin/gnutruncate,1,Normal
2026-09-25,15:28:02,Binary Scan,,Binary: /bin/gnutsort,1,Normal
2026-09-25,15:28:02,Binary Scan,,Binary: /bin/gnutty,1,Normal
2026-09-25,15:28:02,Binary Scan,,Binary: /bin/gnuuname,1,Normal
2026-09-25,15:28:02,Binary Scan,,Binary: /bin/gnuunexpand,1,Normal
2026-09-25,15:28:02,Binary Scan,,Binary: /bin/gnuuniq,1,Normal
2026-09-25,15:28:02,Binary Scan,,Binary: /bin/gnuunlink,1,Normal
2026-09-25,15:28:02,Binary Scan,,Binary: /bin/gnuusers,1,Normal
2026-09-25,15:28:02,Binary Scan,,Binary: /bin/gnuvdir,1,Normal
2026-09-25,15:28:02,Binary Scan,,Binary: /bin/gnuwc,1,Normal
2026-09-25,15:28:02,Binary Scan,,Binary: /bin/gnuwho,1,Normal
2026-09-25,15:28:03,Binary Scan,,Binary: /bin/gnuwhoami,1,Normal
2026-09-25,15:28:03,Binary Scan,,Binary: /bin/gnuyes,1,Normal
2026-09-25,15:28:03,Binary Scan,,Binary: /bin/gp-archive,1,Normal
2026-09-25,15:28:03,Binary Scan,,Binary: /bin/gp-collect-app,1,Normal
2026-09-25,15:28:03,Binary Scan,,Binary: /bin/gp-display-html,1,Normal
2026-09-25,15:28:03,Binary Scan,,Binary: /bin/gp-display-src,1,Normal
2026-09-25,15:28:03,Binary Scan,,Binary: /bin/gp-display-text,1,Normal
2026-09-25,15:28:03,Binary Scan,,Binary: /bin/gpasswd,1,Normal
2026-09-25,15:28:03,Binary Scan,,Binary: /bin/gpg,1,Normal
2026-09-25,15:28:03,Binary Scan,,Binary: /bin/gpg-agent,1,Normal
2026-09-25,15:28:03,Binary Scan,,Binary: /bin/gpg-connect-agent,1,Normal
2026-09-25,15:28:03,Binary Scan,,Binary: /bin/gpg-mail-tube,1,Normal
2026-09-25,15:28:03,Binary Scan,,Binary: /bin/gpg-wks-client,1,Normal
2026-09-25,15:28:03,Binary Scan,,Binary: /bin/gpgconf,1,Normal
2026-09-25,15:28:03,Binary Scan,,Binary: /bin/gpgparsemail,1,Normal
2026-09-25,15:28:03,Binary Scan,,Binary: /bin/gpgsm,1,Normal
2026-09-25,15:28:03,Binary Scan,,Binary: /bin/gpgsplit,1,Normal
2026-09-25,15:28:03,Binary Scan,,Binary: /bin/gpgtar,1,Normal
2026-09-25,15:28:03,Binary Scan,,Binary: /bin/gpgv,1,Normal
2026-09-25,15:28:03,Binary Scan,,Binary: /bin/gpic,1,Normal
2026-09-25,15:28:03,Binary Scan,,Binary: /bin/gprof,1,Normal
2026-09-25,15:28:03,Binary Scan,,Binary: /bin/gprofng,1,Normal
2026-09-25,15:28:03,Binary Scan,,Binary: /bin/gprofng-archive,1,Normal
2026-09-25,15:28:03,Binary Scan,,Binary: /bin/gprofng-collect-app,1,Normal
2026-09-25,15:28:03,Binary Scan,,Binary: /bin/gprofng-display-html,1,Normal
2026-09-25,15:28:03,Binary Scan,,Binary: /bin/gprofng-display-src,1,Normal
2026-09-25,15:28:03,Binary Scan,,Binary: /bin/gprofng-display-text,1,Normal
2026-09-25,15:28:03,Binary Scan,,Binary: /bin/gprofng-gmon,1,Normal
2026-09-25,15:28:03,Binary Scan,,Binary: /bin/gpu-manager,1,Normal
2026-09-25,15:28:03,Binary Scan,,Binary: /bin/grdctl,1,Normal
2026-09-25,15:28:03,Binary Scan,,Binary: /bin/grep,1,Normal
2026-09-25,15:28:03,Binary Scan,,Binary: /bin/gresource,1,Normal
2026-09-25,15:28:03,Binary Scan,,Binary: /bin/groff,1,Normal
2026-09-25,15:28:03,Binary Scan,,Binary: /bin/grog,1,Normal
2026-09-25,15:28:03,Binary Scan,,Binary: /bin/grops,1,Normal
2026-09-25,15:28:03,Binary Scan,,Binary: /bin/grotty,1,Normal
2026-09-25,15:28:03,Binary Scan,,Binary: /bin/groups,1,Normal
2026-09-25,15:28:03,Binary Scan,,Binary: /bin/growpart,1,Normal
2026-09-25,15:28:03,Binary Scan,,Binary: /bin/grub-editenv,1,Normal
2026-09-25,15:28:03,Binary Scan,,Binary: /bin/grub-file,1,Normal
2026-09-25,15:28:03,Binary Scan,,Binary: /bin/grub-fstest,1,Normal
2026-09-25,15:28:03,Binary Scan,,Binary: /bin/grub-glue-efi,1,Normal
2026-09-25,15:28:03,Binary Scan,,Binary: /bin/grub-kbdcomp,1,Normal
2026-09-25,15:28:03,Binary Scan,,Binary: /bin/grub-menulst2cfg,1,Normal
2026-09-25,15:28:03,Binary Scan,,Binary: /bin/grub-mkfont,1,Normal
2026-09-25,15:28:03,Binary Scan,,Binary: /bin/grub-mkimage,1,Normal
2026-09-25,15:28:03,Binary Scan,,Binary: /bin/grub-mklayout,1,Normal
2026-09-25,15:28:03,Binary Scan,,Binary: /bin/grub-mknetdir,1,Normal
2026-09-25,15:28:03,Binary Scan,,Binary: /bin/grub-mkpasswd-pbkdf2,1,Normal
2026-09-25,15:28:03,Binary Scan,,Binary: /bin/grub-mkrelpath,1,Normal
2026-09-25,15:28:03,Binary Scan,,Binary: /bin/grub-mkrescue,1,Normal
2026-09-25,15:28:03,Binary Scan,,Binary: /bin/grub-mkstandalone,1,Normal
2026-09-25,15:28:03,Binary Scan,,Binary: /bin/grub-mount,1,Normal
2026-09-25,15:28:03,Binary Scan,,Binary: /bin/grub-ntldr-img,1,Normal
2026-09-25,15:28:03,Binary Scan,,Binary: /bin/grub-render-label,1,Normal
2026-09-25,15:28:03,Binary Scan,,Binary: /bin/grub-script-check,1,Normal
2026-09-25,15:28:03,Binary Scan,,Binary: /bin/grub-syslinux2cfg,1,Normal
2026-09-25,15:28:03,Binary Scan,,Binary: /bin/gs,1,Normal
2026-09-25,15:28:03,Binary Scan,,Binary: /bin/gsbj,1,Normal
2026-09-25,15:28:03,Binary Scan,,Binary: /bin/gsdj,1,Normal
2026-09-25,15:28:03,Binary Scan,,Binary: /bin/gsdj500,1,Normal
2026-09-25,15:28:03,Binary Scan,,Binary: /bin/gsettings,1,Normal
2026-09-25,15:28:03,Binary Scan,,Binary: /bin/gslj,1,Normal
2026-09-25,15:28:03,Binary Scan,,Binary: /bin/gslp,1,Normal
2026-09-25,15:28:03,Binary Scan,,Binary: /bin/gsnd,1,Normal
2026-09-25,15:28:03,Binary Scan,,Binary: /bin/gst-device-monitor-1.0,1,Normal
2026-09-25,15:28:03,Binary Scan,,Binary: /bin/gst-discoverer-1.0,1,Normal
2026-09-25,15:28:03,Binary Scan,,Binary: /bin/gst-inspect-1.0,1,Normal
2026-09-25,15:28:03,Binary Scan,,Binary: /bin/gst-launch-1.0,1,Normal
2026-09-25,15:28:03,Binary Scan,,Binary: /bin/gst-play-1.0,1,Normal
2026-09-25,15:28:03,Binary Scan,,Binary: /bin/gst-stats-1.0,1,Normal
2026-09-25,15:28:04,Binary Scan,,Binary: /bin/gst-tester-1.0,1,Normal
2026-09-25,15:28:04,Binary Scan,,Binary: /bin/gst-typefind-1.0,1,Normal
2026-09-25,15:28:04,Binary Scan,,Binary: /bin/gstack,1,Normal
2026-09-25,15:28:04,Binary Scan,,Binary: /bin/gstreamer-codec-install,1,Normal
2026-09-25,15:28:04,Binary Scan,,Binary: /bin/gtbl,1,Normal
2026-09-25,15:28:04,Binary Scan,,Binary: /bin/gted,1,Normal
2026-09-25,15:28:04,Binary Scan,,Binary: /bin/gtk-builder-tool,1,Normal
2026-09-25,15:28:04,Binary Scan,,Binary: /bin/gtk-encode-symbolic-svg,1,Normal
2026-09-25,15:28:04,Binary Scan,,Binary: /bin/gtk-launch,1,Normal
2026-09-25,15:28:04,Binary Scan,,Binary: /bin/gtk-query-settings,1,Normal
2026-09-25,15:28:04,Binary Scan,,Binary: /bin/gtk-update-icon-cache,1,Normal
2026-09-25,15:28:04,Binary Scan,,Binary: /bin/gtk4-broadwayd,1,Normal
2026-09-25,15:28:04,Binary Scan,,Binary: /bin/gtk4-builder-tool,1,Normal
2026-09-25,15:28:04,Binary Scan,,Binary: /bin/gtk4-encode-symbolic-svg,1,Normal
2026-09-25,15:28:04,Binary Scan,,Binary: /bin/gtk4-image-tool,1,Normal
2026-09-25,15:28:04,Binary Scan,,Binary: /bin/gtk4-launch,1,Normal
2026-09-25,15:28:04,Binary Scan,,Binary: /bin/gtk4-path-tool,1,Normal
2026-09-25,15:28:04,Binary Scan,,Binary: /bin/gtk4-query-settings,1,Normal
2026-09-25,15:28:04,Binary Scan,,Binary: /bin/gtk4-rendernode-tool,1,Normal
2026-09-25,15:28:04,Binary Scan,,Binary: /bin/gtk4-update-icon-cache,1,Normal
2026-09-25,15:28:04,Binary Scan,,Binary: /bin/gunzip,1,Normal
2026-09-25,15:28:04,Binary Scan,,Binary: /bin/gzexe,1,Normal
2026-09-25,15:28:04,Binary Scan,,Binary: /bin/gzip,1,Normal
2026-09-25,15:28:04,Binary Scan,,Binary: /bin/h2ph,1,Normal
2026-09-25,15:28:04,Binary Scan,,Binary: /bin/h2xs,1,Normal
2026-09-25,15:28:04,Binary Scan,,Binary: /bin/hardlink,1,Normal
2026-09-25,15:28:04,Binary Scan,,Binary: /bin/hashsum,1,Normal
2026-09-25,15:28:04,Binary Scan,,Binary: /bin/hbpldecode,1,Normal
2026-09-25,15:28:04,Binary Scan,,Binary: /bin/hciattach,1,Normal
2026-09-25,15:28:04,Binary Scan,,Binary: /bin/hciconfig,1,Normal
2026-09-25,15:28:04,Binary Scan,,Binary: /bin/hcitool,1,Normal
2026-09-25,15:28:04,Binary Scan,,Binary: /bin/hd,1,Normal
2026-09-25,15:28:04,Binary Scan,,Binary: /bin/head,1,Normal
2026-09-25,15:28:04,Binary Scan,,Binary: /bin/heif-thumbnailer,1,Normal
2026-09-25,15:28:04,Binary Scan,,Binary: /bin/helpztags,1,Normal
2026-09-25,15:28:04,Binary Scan,,Binary: /bin/hex2hcd,1,Normal
2026-09-25,15:28:04,Binary Scan,,Binary: /bin/hexdump,1,Normal
2026-09-25,15:28:04,Binary Scan,,Binary: /bin/hipercdecode,1,Normal
2026-09-25,15:28:04,Binary Scan,,Binary: /bin/host,1,Normal
2026-09-25,15:28:04,Binary Scan,,Binary: /bin/hostid,1,Normal
2026-09-25,15:28:04,Binary Scan,,Binary: /bin/hostname,1,Normal
2026-09-25,15:28:04,Binary Scan,,Binary: /bin/hostnamectl,1,Normal
2026-09-25,15:28:04,Binary Scan,,Binary: /bin/hp-align,1,Normal
2026-09-25,15:28:04,Binary Scan,,Binary: /bin/hp-check,1,Normal
2026-09-25,15:28:04,Binary Scan,,Binary: /bin/hp-clean,1,Normal
2026-09-25,15:28:04,Binary Scan,,Binary: /bin/hp-colorcal,1,Normal
2026-09-25,15:28:04,Binary Scan,,Binary: /bin/hp-config_usb_printer,1,Normal
2026-09-25,15:28:04,Binary Scan,,Binary: /bin/hp-doctor,1,Normal
2026-09-25,15:28:04,Binary Scan,,Binary: /bin/hp-firmware,1,Normal
2026-09-25,15:28:04,Binary Scan,,Binary: /bin/hp-info,1,Normal
2026-09-25,15:28:04,Binary Scan,,Binary: /bin/hp-levels,1,Normal
2026-09-25,15:28:04,Binary Scan,,Binary: /bin/hp-logcapture,1,Normal
2026-09-25,15:28:04,Binary Scan,,Binary: /bin/hp-makeuri,1,Normal
2026-09-25,15:28:04,Binary Scan,,Binary: /bin/hp-pkservice,1,Normal
2026-09-25,15:28:04,Binary Scan,,Binary: /bin/hp-plugin,1,Normal
2026-09-25,15:28:04,Binary Scan,,Binary: /bin/hp-plugin-ubuntu,1,Normal
2026-09-25,15:28:04,Binary Scan,,Binary: /bin/hp-probe,1,Normal
2026-09-25,15:28:04,Binary Scan,,Binary: /bin/hp-query,1,Normal
2026-09-25,15:28:04,Binary Scan,,Binary: /bin/hp-scan,1,Normal
2026-09-25,15:28:04,Binary Scan,,Binary: /bin/hp-setup,1,Normal
2026-09-25,15:28:04,Binary Scan,,Binary: /bin/hp-testpage,1,Normal
2026-09-25,15:28:04,Binary Scan,,Binary: /bin/hp-timedate,1,Normal
2026-09-25,15:28:04,Binary Scan,,Binary: /bin/hwctl,1,Normal
2026-09-25,15:28:04,Binary Scan,,Binary: /bin/hwe-support-status,1,Normal
2026-09-25,15:28:04,Binary Scan,,Binary: /bin/i386,1,Normal
2026-09-25,15:28:04,Binary Scan,,Binary: /bin/ibus,1,Normal
2026-09-25,15:28:04,Binary Scan,,Binary: /bin/ibus-daemon,1,Normal
2026-09-25,15:28:04,Binary Scan,,Binary: /bin/ibus-setup,1,Normal
2026-09-25,15:28:04,Binary Scan,,Binary: /bin/ibus-table-createdb,1,Normal
2026-09-25,15:28:04,Binary Scan,,Binary: /bin/iceauth,1,Normal
2026-09-25,15:28:05,Binary Scan,,Binary: /bin/iconv,1,Normal
2026-09-25,15:28:05,Binary Scan,,Binary: /bin/id,1,Normal
2026-09-25,15:28:05,Binary Scan,,Binary: /bin/iecset,1,Normal
2026-09-25,15:28:05,Binary Scan,,Binary: /bin/ijs_pxljr,1,Normal
2026-09-25,15:28:05,Binary Scan,,Binary: /bin/im-config,1,Normal
2026-09-25,15:28:05,Binary Scan,,Binary: /bin/im-launch,1,Normal
2026-09-25,15:28:05,Binary Scan,,Binary: /bin/inetutils-telnet,1,Normal
2026-09-25,15:28:05,Binary Scan,,Binary: /bin/info,1,Normal
2026-09-25,15:28:05,Binary Scan,,Binary: /bin/infobrowser,1,Normal
2026-09-25,15:28:05,Binary Scan,,Binary: /bin/infocmp,1,Normal
2026-09-25,15:28:05,Binary Scan,,Binary: /bin/infotocap,1,Normal
2026-09-25,15:28:05,Binary Scan,,Binary: /bin/inputattach,1,Normal
2026-09-25,15:28:05,Binary Scan,,Binary: /bin/install,1,Normal
2026-09-25,15:28:05,Binary Scan,,Binary: /bin/install-info,1,Normal
2026-09-25,15:28:05,Binary Scan,,Binary: /bin/install-menu,1,Normal
2026-09-25,15:28:05,Binary Scan,,Binary: /bin/instmodsh,1,Normal
2026-09-25,15:28:05,Binary Scan,,Binary: /bin/ionice,1,Normal
2026-09-25,15:28:05,Binary Scan,,Binary: /bin/iostat,1,Normal
2026-09-25,15:28:05,Binary Scan,,Binary: /bin/ip,1,Normal
2026-09-25,15:28:05,Binary Scan,,Binary: /bin/ipcmk,1,Normal
2026-09-25,15:28:05,Binary Scan,,Binary: /bin/ipcrm,1,Normal
2026-09-25,15:28:05,Binary Scan,,Binary: /bin/ipcs,1,Normal
2026-09-25,15:28:05,Binary Scan,,Binary: /bin/ippfind,1,Normal
2026-09-25,15:28:05,Binary Scan,,Binary: /bin/ipptool,1,Normal
2026-09-25,15:28:05,Binary Scan,,Binary: /bin/iptables-xml,1,Normal
2026-09-25,15:28:05,Binary Scan,,Binary: /bin/ischroot,1,Normal
2026-09-25,15:28:05,Binary Scan,,Binary: /bin/ispell-wrapper,1,Normal
2026-09-25,15:28:05,Binary Scan,,Binary: /bin/join,1,Normal
2026-09-25,15:28:05,Binary Scan,,Binary: /bin/journalctl,1,Normal
2026-09-25,15:28:05,Binary Scan,,Binary: /bin/jpgicc,1,Normal
2026-09-25,15:28:05,Binary Scan,,Binary: /bin/jq,1,Normal
2026-09-25,15:28:05,Binary Scan,,Binary: /bin/json-patch-jsondiff,1,Normal
2026-09-25,15:28:05,Binary Scan,,Binary: /bin/json_pp,1,Normal
2026-09-25,15:28:05,Binary Scan,,Binary: /bin/jsondiff,1,Normal
2026-09-25,15:28:05,Binary Scan,,Binary: /bin/jsonpatch,1,Normal
2026-09-25,15:28:05,Binary Scan,,Binary: /bin/jsonpointer,1,Normal
2026-09-25,15:28:05,Binary Scan,,Binary: /bin/jsonschema,1,Normal
2026-09-25,15:28:05,Binary Scan,,Binary: /bin/kbd_mode,1,Normal
2026-09-25,15:28:05,Binary Scan,,Binary: /bin/kbdinfo,1,Normal
2026-09-25,15:28:05,Binary Scan,,Binary: /bin/kbxutil,1,Normal
2026-09-25,15:28:05,Binary Scan,,Binary: /bin/kernel-install,1,Normal
2026-09-25,15:28:05,Binary Scan,,Binary: /bin/kill,1,Normal
2026-09-25,15:28:05,Binary Scan,,Binary: /bin/killall,1,Normal
2026-09-25,15:28:05,Binary Scan,,Binary: /bin/kmod,1,Normal
2026-09-25,15:28:05,Binary Scan,,Binary: /bin/kmodsign,1,Normal
2026-09-25,15:28:05,Binary Scan,,Binary: /bin/l2ping,1,Normal
2026-09-25,15:28:05,Binary Scan,,Binary: /bin/l2test,1,Normal
2026-09-25,15:28:05,Binary Scan,,Binary: /bin/laptop-detect,1,Normal
2026-09-25,15:28:05,Binary Scan,,Binary: /bin/lavadecode,1,Normal
2026-09-25,15:28:05,Binary Scan,,Binary: /bin/ld,1,Normal
2026-09-25,15:28:05,Binary Scan,,Binary: /bin/ld.bfd,1,Normal
2026-09-25,15:28:05,Binary Scan,,Binary: /bin/ld.so,1,Normal
2026-09-25,15:28:05,Binary Scan,,Binary: /bin/ldapadd,1,Normal
2026-09-25,15:28:05,Binary Scan,,Binary: /bin/ldapcompare,1,Normal
2026-09-25,15:28:05,Binary Scan,,Binary: /bin/ldapdelete,1,Normal
2026-09-25,15:28:05,Binary Scan,,Binary: /bin/ldapexop,1,Normal
2026-09-25,15:28:05,Binary Scan,,Binary: /bin/ldapmodify,1,Normal
2026-09-25,15:28:05,Binary Scan,,Binary: /bin/ldapmodrdn,1,Normal
2026-09-25,15:28:05,Binary Scan,,Binary: /bin/ldappasswd,1,Normal
2026-09-25,15:28:05,Binary Scan,,Binary: /bin/ldapsearch,1,Normal
2026-09-25,15:28:05,Binary Scan,,Binary: /bin/ldapurl,1,Normal
2026-09-25,15:28:05,Binary Scan,,Binary: /bin/ldapwhoami,1,Normal
2026-09-25,15:28:05,Binary Scan,,Binary: /bin/ldd,1,Normal
2026-09-25,15:28:05,Binary Scan,,Binary: /bin/less,1,Normal
2026-09-25,15:28:05,Binary Scan,,Binary: /bin/lessecho,1,Normal
2026-09-25,15:28:05,Binary Scan,,Binary: /bin/lessfile,1,Normal
2026-09-25,15:28:05,Binary Scan,,Binary: /bin/lesskey,1,Normal
2026-09-25,15:28:05,Binary Scan,,Binary: /bin/lesspipe,1,Normal
2026-09-25,15:28:05,Binary Scan,,Binary: /bin/lexgrog,1,Normal
2026-09-25,15:28:05,Binary Scan,,Binary: /bin/libnetcfg,1,Normal
2026-09-25,15:28:05,Binary Scan,,Binary: /bin/link,1,Normal
2026-09-25,15:28:05,Binary Scan,,Binary: /bin/linkicc,1,Normal
2026-09-25,15:28:05,Binary Scan,,Binary: /bin/linux-boot-prober,1,Normal
2026-09-25,15:28:06,Binary Scan,,Binary: /bin/linux-check-removal,1,Normal
2026-09-25,15:28:06,Binary Scan,,Binary: /bin/linux-run-hooks,1,Normal
2026-09-25,15:28:06,Binary Scan,,Binary: /bin/linux-update-symlinks,1,Normal
2026-09-25,15:28:06,Binary Scan,,Binary: /bin/linux-version,1,Normal
2026-09-25,15:28:06,Binary Scan,,Binary: /bin/linux32,1,Normal
2026-09-25,15:28:06,Binary Scan,,Binary: /bin/linux64,1,Normal
2026-09-25,15:28:06,Binary Scan,,Binary: /bin/listres,1,Normal
2026-09-25,15:28:06,Binary Scan,,Binary: /bin/ln,1,Normal
2026-09-25,15:28:06,Binary Scan,,Binary: /bin/lnstat,1,Normal
2026-09-25,15:28:06,Binary Scan,,Binary: /bin/loadkeys,1,Normal
2026-09-25,15:28:06,Binary Scan,,Binary: /bin/loadunimap,1,Normal
2026-09-25,15:28:06,Binary Scan,,Binary: /bin/locale,1,Normal
2026-09-25,15:28:06,Binary Scan,,Binary: /bin/locale-check,1,Normal
2026-09-25,15:28:06,Binary Scan,,Binary: /bin/localectl,1,Normal
2026-09-25,15:28:06,Binary Scan,,Binary: /bin/localedef,1,Normal
2026-09-25,15:28:06,Binary Scan,,Binary: /bin/localsearch,1,Normal
2026-09-25,15:28:06,Binary Scan,,Binary: /bin/logger,1,Normal
2026-09-25,15:28:06,Binary Scan,,Binary: /bin/login,1,Normal
2026-09-25,15:28:06,Binary Scan,,Binary: /bin/loginctl,1,Normal
2026-09-25,15:28:06,Binary Scan,,Binary: /bin/logname,1,Normal
2026-09-25,15:28:06,Binary Scan,,Binary: /bin/look,1,Normal
2026-09-25,15:28:06,Binary Scan,,Binary: /bin/loupe,1,Normal
2026-09-25,15:28:06,Binary Scan,,Binary: /bin/lowntfs-3g,1,Normal
2026-09-25,15:28:06,Binary Scan,,Binary: /bin/lp,1,Normal
2026-09-25,15:28:06,Binary Scan,,Binary: /bin/lpoptions,1,Normal
2026-09-25,15:28:06,Binary Scan,,Binary: /bin/lpq,1,Normal
2026-09-25,15:28:06,Binary Scan,,Binary: /bin/lpr,1,Normal
2026-09-25,15:28:06,Binary Scan,,Binary: /bin/lprm,1,Normal
2026-09-25,15:28:06,Binary Scan,,Binary: /bin/lpstat,1,Normal
2026-09-25,15:28:06,Binary Scan,,Binary: /bin/ls,1,Normal
2026-09-25,15:28:06,Binary Scan,,Binary: /bin/lsattr,1,Normal
2026-09-25,15:28:06,Binary Scan,,Binary: /bin/lsb_release,1,Normal
2026-09-25,15:28:06,Binary Scan,,Binary: /bin/lsblk,1,Normal
2026-09-25,15:28:06,Binary Scan,,Binary: /bin/lscpu,1,Normal
2026-09-25,15:28:06,Binary Scan,,Binary: /bin/lshw,1,Normal
2026-09-25,15:28:06,Binary Scan,,Binary: /bin/lsinitramfs,1,Normal
2026-09-25,15:28:06,Binary Scan,,Binary: /bin/lsinitrd,1,Normal
2026-09-25,15:28:06,Binary Scan,,Binary: /bin/lsipc,1,Normal
2026-09-25,15:28:06,Binary Scan,,Binary: /bin/lslocks,1,Normal
2026-09-25,15:28:06,Binary Scan,,Binary: /bin/lsmod,1,Normal
2026-09-25,15:28:06,Binary Scan,,Binary: /bin/lsns,1,Normal
2026-09-25,15:28:06,Binary Scan,,Binary: /bin/lsof,1,Normal
2026-09-25,15:28:06,Binary Scan,,Binary: /bin/lspci,1,Normal
2026-09-25,15:28:06,Binary Scan,,Binary: /bin/lspgpot,1,Normal
2026-09-25,15:28:06,Binary Scan,,Binary: /bin/lspower,1,Normal
2026-09-25,15:28:06,Binary Scan,,Binary: /bin/lsusb,1,Normal
2026-09-25,15:28:06,Binary Scan,,Binary: /bin/lto-dump,1,Normal
2026-09-25,15:28:06,Binary Scan,,Binary: /bin/lto-dump-15,1,Normal
2026-09-25,15:28:06,Binary Scan,,Binary: /bin/luit,1,Normal
2026-09-25,15:28:06,Binary Scan,,Binary: /bin/lwp-download,1,Normal
2026-09-25,15:28:06,Binary Scan,,Binary: /bin/lwp-dump,1,Normal
2026-09-25,15:28:06,Binary Scan,,Binary: /bin/lwp-mirror,1,Normal
2026-09-25,15:28:06,Binary Scan,,Binary: /bin/lwp-request,1,Normal
2026-09-25,15:28:06,Binary Scan,,Binary: /bin/lzcat,1,Normal
2026-09-25,15:28:06,Binary Scan,,Binary: /bin/lzcmp,1,Normal
2026-09-25,15:28:06,Binary Scan,,Binary: /bin/lzdiff,1,Normal
2026-09-25,15:28:06,Binary Scan,,Binary: /bin/lzegrep,1,Normal
2026-09-25,15:28:06,Binary Scan,,Binary: /bin/lzfgrep,1,Normal
2026-09-25,15:28:06,Binary Scan,,Binary: /bin/lzgrep,1,Normal
2026-09-25,15:28:06,Binary Scan,,Binary: /bin/lzless,1,Normal
2026-09-25,15:28:06,Binary Scan,,Binary: /bin/lzma,1,Normal
2026-09-25,15:28:06,Binary Scan,,Binary: /bin/lzmainfo,1,Normal
2026-09-25,15:28:06,Binary Scan,,Binary: /bin/lzmore,1,Normal
2026-09-25,15:28:06,Binary Scan,,Binary: /bin/m17n-db,1,Normal
2026-09-25,15:28:06,Binary Scan,,Binary: /bin/m2300w,1,Normal
2026-09-25,15:28:06,Binary Scan,,Binary: /bin/m2300w-wrapper,1,Normal
2026-09-25,15:28:06,Binary Scan,,Binary: /bin/m2400w,1,Normal
2026-09-25,15:28:06,Binary Scan,,Binary: /bin/make,1,Normal
2026-09-25,15:28:06,Binary Scan,,Binary: /bin/make-first-existing-target,1,Normal
2026-09-25,15:28:06,Binary Scan,,Binary: /bin/makedumpfile,1,Normal
2026-09-25,15:28:06,Binary Scan,,Binary: /bin/makedumpfile-R.pl,1,Normal
2026-09-25,15:28:06,Binary Scan,,Binary: /bin/man,1,Normal
2026-09-25,15:28:06,Binary Scan,,Binary: /bin/man-recode,1,Normal
2026-09-25,15:28:07,Binary Scan,,Binary: /bin/mandb,1,Normal
2026-09-25,15:28:07,Binary Scan,,Binary: /bin/manpath,1,Normal
2026-09-25,15:28:07,Binary Scan,,Binary: /bin/mapscrn,1,Normal
2026-09-25,15:28:07,Binary Scan,,Binary: /bin/markdown-it,1,Normal
2026-09-25,15:28:07,Binary Scan,,Binary: /bin/mawk,1,Normal
2026-09-25,15:28:07,Binary Scan,,Binary: /bin/mbim-network,1,Normal
2026-09-25,15:28:07,Binary Scan,,Binary: /bin/mbimcli,1,Normal
2026-09-25,15:28:07,Binary Scan,,Binary: /bin/mcookie,1,Normal
2026-09-25,15:28:07,Binary Scan,,Binary: /bin/md5sum,1,Normal
2026-09-25,15:28:07,Binary Scan,,Binary: /bin/mdig,1,Normal
2026-09-25,15:28:07,Binary Scan,,Binary: /bin/memhog,1,Normal
2026-09-25,15:28:07,Binary Scan,,Binary: /bin/mesa-overlay-control.py,1,Normal
2026-09-25,15:28:07,Binary Scan,,Binary: /bin/mesa-screenshot-control.py,1,Normal
2026-09-25,15:28:07,Binary Scan,,Binary: /bin/migrate-pubring-from-classic-gpg,1,Normal
2026-09-25,15:28:07,Binary Scan,,Binary: /bin/migratepages,1,Normal
2026-09-25,15:28:07,Binary Scan,,Binary: /bin/migspeed,1,Normal
2026-09-25,15:28:07,Binary Scan,,Binary: /bin/mimeopen,1,Normal
2026-09-25,15:28:07,Binary Scan,,Binary: /bin/mimetype,1,Normal
2026-09-25,15:28:07,Binary Scan,,Binary: /bin/min12xxw,1,Normal
2026-09-25,15:28:07,Binary Scan,,Binary: /bin/mk_modmap,1,Normal
2026-09-25,15:28:07,Binary Scan,,Binary: /bin/mkdir,1,Normal
2026-09-25,15:28:07,Binary Scan,,Binary: /bin/mkfifo,1,Normal
2026-09-25,15:28:07,Binary Scan,,Binary: /bin/mkfontdir,1,Normal
2026-09-25,15:28:07,Binary Scan,,Binary: /bin/mkfontscale,1,Normal
2026-09-25,15:28:07,Binary Scan,,Binary: /bin/mknod,1,Normal
2026-09-25,15:28:07,Binary Scan,,Binary: /bin/mksquashfs,1,Normal
2026-09-25,15:28:07,Binary Scan,,Binary: /bin/mktemp,1,Normal
2026-09-25,15:28:07,Binary Scan,,Binary: /bin/mmcli,1,Normal
2026-09-25,15:28:07,Binary Scan,,Binary: /bin/mokutil,1,Normal
2026-09-25,15:28:07,Binary Scan,,Binary: /bin/monitor-sensor,1,Normal
2026-09-25,15:28:07,Binary Scan,,Binary: /bin/more,1,Normal
2026-09-25,15:28:07,Binary Scan,,Binary: /bin/mount,1,Normal
2026-09-25,15:28:07,General,,Fount known binary: mount (File system tool) - /bin/mount,1,Normal
2026-09-25,15:28:07,Binary Scan,,Binary: /bin/mountpoint,1,Normal
2026-09-25,15:28:07,Binary Scan,,Binary: /bin/mpris-proxy,1,Normal
2026-09-25,15:28:07,Binary Scan,,Binary: /bin/mpstat,1,Normal
2026-09-25,15:28:07,Binary Scan,,Binary: /bin/mscompress,1,Normal
2026-09-25,15:28:07,Binary Scan,,Binary: /bin/msexpand,1,Normal
2026-09-25,15:28:07,Binary Scan,,Binary: /bin/mt,1,Normal
2026-09-25,15:28:07,Binary Scan,,Binary: /bin/mt-gnu,1,Normal
2026-09-25,15:28:07,Binary Scan,,Binary: /bin/mtr,1,Normal
2026-09-25,15:28:07,Binary Scan,,Binary: /bin/mtr-packet,1,Normal
2026-09-25,15:28:07,Binary Scan,,Binary: /bin/mv,1,Normal
2026-09-25,15:28:07,Binary Scan,,Binary: /bin/namei,1,Normal
2026-09-25,15:28:07,Binary Scan,,Binary: /bin/nano,1,Normal
2026-09-25,15:28:07,Binary Scan,,Binary: /bin/nautilus,1,Normal
2026-09-25,15:28:07,Binary Scan,,Binary: /bin/nautilus-autorun-software,1,Normal
2026-09-25,15:28:07,Binary Scan,,Binary: /bin/nautilus-sendto,1,Normal
2026-09-25,15:28:07,Binary Scan,,Binary: /bin/nawk,1,Normal
2026-09-25,15:28:07,Binary Scan,,Binary: /bin/nc,1,Normal
2026-09-25,15:28:07,Binary Scan,,Binary: /bin/nc.openbsd,1,Normal
2026-09-25,15:28:07,Binary Scan,,Binary: /bin/neqn,1,Normal
2026-09-25,15:28:07,Binary Scan,,Binary: /bin/netaddr,1,Normal
2026-09-25,15:28:07,Binary Scan,,Binary: /bin/netcat,1,Normal
2026-09-25,15:28:07,Binary Scan,,Binary: /bin/netshaper,1,Normal
2026-09-25,15:28:07,Binary Scan,,Binary: /bin/networkctl,1,Normal
2026-09-25,15:28:07,Binary Scan,,Binary: /bin/networkd-dispatcher,1,Normal
2026-09-25,15:28:07,Binary Scan,,Binary: /bin/ngettext,1,Normal
2026-09-25,15:28:07,Binary Scan,,Binary: /bin/nhlt-dmic-info,1,Normal
2026-09-25,15:28:07,Binary Scan,,Binary: /bin/nice,1,Normal
2026-09-25,15:28:07,Binary Scan,,Binary: /bin/nisdomainname,1,Normal
2026-09-25,15:28:07,Binary Scan,,Binary: /bin/nl,1,Normal
2026-09-25,15:28:07,Binary Scan,,Binary: /bin/nm,1,Normal
2026-09-25,15:28:07,Binary Scan,,Binary: /bin/nm-connection-editor,1,Normal
2026-09-25,15:28:07,Binary Scan,,Binary: /bin/nm-online,1,Normal
2026-09-25,15:28:07,Binary Scan,,Binary: /bin/nmcli,1,Normal
2026-09-25,15:28:07,Binary Scan,,Binary: /bin/nmtui,1,Normal
2026-09-25,15:28:07,Binary Scan,,Binary: /bin/nmtui-connect,1,Normal
2026-09-25,15:28:07,Binary Scan,,Binary: /bin/nmtui-edit,1,Normal
2026-09-25,15:28:07,Binary Scan,,Binary: /bin/nmtui-hostname,1,Normal
2026-09-25,15:28:07,Binary Scan,,Binary: /bin/nohup,1,Normal
2026-09-25,15:28:07,Binary Scan,,Binary: /bin/notify-send,1,Normal
2026-09-25,15:28:07,Binary Scan,,Binary: /bin/nproc,1,Normal
2026-09-25,15:28:08,Binary Scan,,Binary: /bin/nroff,1,Normal
2026-09-25,15:28:08,Binary Scan,,Binary: /bin/nsenter,1,Normal
2026-09-25,15:28:08,Binary Scan,,Binary: /bin/nslookup,1,Normal
2026-09-25,15:28:08,Binary Scan,,Binary: /bin/nstat,1,Normal
2026-09-25,15:28:08,Binary Scan,,Binary: /bin/nsupdate,1,Normal
2026-09-25,15:28:08,Binary Scan,,Binary: /bin/ntfs-3g,1,Normal
2026-09-25,15:28:08,Binary Scan,,Binary: /bin/ntfs-3g.probe,1,Normal
2026-09-25,15:28:08,Binary Scan,,Binary: /bin/ntfscat,1,Normal
2026-09-25,15:28:08,Binary Scan,,Binary: /bin/ntfscluster,1,Normal
2026-09-25,15:28:08,Binary Scan,,Binary: /bin/ntfscmp,1,Normal
2026-09-25,15:28:08,Binary Scan,,Binary: /bin/ntfsdecrypt,1,Normal
2026-09-25,15:28:08,Binary Scan,,Binary: /bin/ntfsfallocate,1,Normal
2026-09-25,15:28:08,Binary Scan,,Binary: /bin/ntfsfix,1,Normal
2026-09-25,15:28:08,Binary Scan,,Binary: /bin/ntfsinfo,1,Normal
2026-09-25,15:28:08,Binary Scan,,Binary: /bin/ntfsls,1,Normal
2026-09-25,15:28:08,Binary Scan,,Binary: /bin/ntfsmove,1,Normal
2026-09-25,15:28:08,Binary Scan,,Binary: /bin/ntfsrecover,1,Normal
2026-09-25,15:28:08,Binary Scan,,Binary: /bin/ntfssecaudit,1,Normal
2026-09-25,15:28:08,Binary Scan,,Binary: /bin/ntfstruncate,1,Normal
2026-09-25,15:28:08,Binary Scan,,Binary: /bin/ntfsusermap,1,Normal
2026-09-25,15:28:08,Binary Scan,,Binary: /bin/ntfswipe,1,Normal
2026-09-25,15:28:08,Binary Scan,,Binary: /bin/numactl,1,Normal
2026-09-25,15:28:08,Binary Scan,,Binary: /bin/numastat,1,Normal
2026-09-25,15:28:08,Binary Scan,,Binary: /bin/numfmt,1,Normal
2026-09-25,15:28:08,Binary Scan,,Binary: /bin/oakdecode,1,Normal
2026-09-25,15:28:08,Binary Scan,,Binary: /bin/obexctl,1,Normal
2026-09-25,15:28:08,Binary Scan,,Binary: /bin/objcopy,1,Normal
2026-09-25,15:28:08,Binary Scan,,Binary: /bin/objdump,1,Normal
2026-09-25,15:28:08,Binary Scan,,Binary: /bin/od,1,Normal
2026-09-25,15:28:08,Binary Scan,,Binary: /bin/oem-getlogs,1,Normal
2026-09-25,15:28:08,Binary Scan,,Binary: /bin/on_ac_power,1,Normal
2026-09-25,15:28:08,Binary Scan,,Binary: /bin/oomctl,1,Normal
2026-09-25,15:28:08,Binary Scan,,Binary: /bin/open,1,Normal
2026-09-25,15:28:08,Binary Scan,,Binary: /bin/openssl,1,Normal
2026-09-25,15:28:08,Binary Scan,,Binary: /bin/openvt,1,Normal
2026-09-25,15:28:08,Binary Scan,,Binary: /bin/opldecode,1,Normal
2026-09-25,15:28:08,Binary Scan,,Binary: /bin/orca,1,Normal
2026-09-25,15:28:08,Binary Scan,,Binary: /bin/orca-dm-wrapper,1,Normal
2026-09-25,15:28:08,Binary Scan,,Binary: /bin/os-prober,1,Normal
2026-09-25,15:28:08,Binary Scan,,Binary: /bin/p11-kit,1,Normal
2026-09-25,15:28:08,Binary Scan,,Binary: /bin/pager,1,Normal
2026-09-25,15:28:08,Binary Scan,,Binary: /bin/paper,1,Normal
2026-09-25,15:28:08,Binary Scan,,Binary: /bin/paperconf,1,Normal
2026-09-25,15:28:08,Binary Scan,,Binary: /bin/papers,1,Normal
2026-09-25,15:28:08,Binary Scan,,Binary: /bin/papers-previewer,1,Normal
2026-09-25,15:28:08,Binary Scan,,Binary: /bin/papers-thumbnailer,1,Normal
2026-09-25,15:28:08,Binary Scan,,Binary: /bin/partx,1,Normal
2026-09-25,15:28:08,Binary Scan,,Binary: /bin/passwd,1,Normal
2026-09-25,15:28:08,Binary Scan,,Binary: /bin/paste,1,Normal
2026-09-25,15:28:08,Binary Scan,,Binary: /bin/patch,1,Normal
2026-09-25,15:28:08,Binary Scan,,Binary: /bin/pathchk,1,Normal
2026-09-25,15:28:08,Binary Scan,,Binary: /bin/pcilmr,1,Normal
2026-09-25,15:28:08,Binary Scan,,Binary: /bin/pdb3,1,Normal
2026-09-25,15:28:08,Binary Scan,,Binary: /bin/pdb3.14,1,Normal
2026-09-25,15:28:08,Binary Scan,,Binary: /bin/pdf2dsc,1,Normal
2026-09-25,15:28:08,Binary Scan,,Binary: /bin/pdf2ps,1,Normal
2026-09-25,15:28:08,Binary Scan,,Binary: /bin/pdfattach,1,Normal
2026-09-25,15:28:08,Binary Scan,,Binary: /bin/pdfdetach,1,Normal
2026-09-25,15:28:08,Binary Scan,,Binary: /bin/pdffonts,1,Normal
2026-09-25,15:28:08,Binary Scan,,Binary: /bin/pdfimages,1,Normal
2026-09-25,15:28:08,Binary Scan,,Binary: /bin/pdfinfo,1,Normal
2026-09-25,15:28:08,Binary Scan,,Binary: /bin/pdfseparate,1,Normal
2026-09-25,15:28:08,Binary Scan,,Binary: /bin/pdfsig,1,Normal
2026-09-25,15:28:08,Binary Scan,,Binary: /bin/pdftocairo,1,Normal
2026-09-25,15:28:08,Binary Scan,,Binary: /bin/pdftohtml,1,Normal
2026-09-25,15:28:08,Binary Scan,,Binary: /bin/pdftoppm,1,Normal
2026-09-25,15:28:08,Binary Scan,,Binary: /bin/pdftops,1,Normal
2026-09-25,15:28:08,Binary Scan,,Binary: /bin/pdftotext,1,Normal
2026-09-25,15:28:08,Binary Scan,,Binary: /bin/pdfunite,1,Normal
2026-09-25,15:28:08,Binary Scan,,Binary: /bin/peekfd,1,Normal
2026-09-25,15:28:08,Binary Scan,,Binary: /bin/perf,1,Normal
2026-09-25,15:28:09,Binary Scan,,Binary: /bin/perl,1,Normal
2026-09-25,15:28:09,Binary Scan,,Binary: /bin/perl5.40-x86_64-linux-gnu,1,Normal
2026-09-25,15:28:09,Binary Scan,,Binary: /bin/perl5.40.1,1,Normal
2026-09-25,15:28:09,Binary Scan,,Binary: /bin/perlbug,1,Normal
2026-09-25,15:28:09,Binary Scan,,Binary: /bin/perldoc,1,Normal
2026-09-25,15:28:09,Binary Scan,,Binary: /bin/perli11ndoc,1,Normal
2026-09-25,15:28:09,Binary Scan,,Binary: /bin/perlivp,1,Normal
2026-09-25,15:28:09,Binary Scan,,Binary: /bin/perlthanks,1,Normal
2026-09-25,15:28:09,Binary Scan,,Binary: /bin/pf2afm,1,Normal
2026-09-25,15:28:09,Binary Scan,,Binary: /bin/pfbtopfa,1,Normal
2026-09-25,15:28:09,Binary Scan,,Binary: /bin/pgrep,1,Normal
2026-09-25,15:28:09,Binary Scan,,Binary: /bin/pic,1,Normal
2026-09-25,15:28:09,Binary Scan,,Binary: /bin/pico,1,Normal
2026-09-25,15:28:09,Binary Scan,,Binary: /bin/piconv,1,Normal
2026-09-25,15:28:09,Binary Scan,,Binary: /bin/pidof,1,Normal
2026-09-25,15:28:09,Binary Scan,,Binary: /bin/pidstat,1,Normal
2026-09-25,15:28:09,Binary Scan,,Binary: /bin/pidwait,1,Normal
2026-09-25,15:28:09,Binary Scan,,Binary: /bin/pinentry,1,Normal
2026-09-25,15:28:09,Binary Scan,,Binary: /bin/pinentry-curses,1,Normal
2026-09-25,15:28:09,Binary Scan,,Binary: /bin/pinentry-gnome3,1,Normal
2026-09-25,15:28:09,Binary Scan,,Binary: /bin/pinentry-x11,1,Normal
2026-09-25,15:28:09,Binary Scan,,Binary: /bin/ping,1,Normal
2026-09-25,15:28:09,Binary Scan,,Binary: /bin/ping4,1,Normal
2026-09-25,15:28:09,Binary Scan,,Binary: /bin/ping6,1,Normal
2026-09-25,15:28:09,Binary Scan,,Binary: /bin/pinky,1,Normal
2026-09-25,15:28:09,Binary Scan,,Binary: /bin/pipewire,1,Normal
2026-09-25,15:28:09,Binary Scan,,Binary: /bin/pipewire-aes67,1,Normal
2026-09-25,15:28:09,Binary Scan,,Binary: /bin/pipewire-avb,1,Normal
2026-09-25,15:28:09,Binary Scan,,Binary: /bin/pipewire-pulse,1,Normal
2026-09-25,15:28:09,Binary Scan,,Binary: /bin/pkaction,1,Normal
2026-09-25,15:28:09,Binary Scan,,Binary: /bin/pkcheck,1,Normal
2026-09-25,15:28:09,Binary Scan,,Binary: /bin/pkexec,1,Normal
2026-09-25,15:28:09,Binary Scan,,Binary: /bin/pkgcli,1,Normal
2026-09-25,15:28:09,Binary Scan,,Binary: /bin/pkill,1,Normal
2026-09-25,15:28:09,Binary Scan,,Binary: /bin/pkttyagent,1,Normal
2026-09-25,15:28:09,Binary Scan,,Binary: /bin/pl2pm,1,Normal
2026-09-25,15:28:09,Binary Scan,,Binary: /bin/pldd,1,Normal
2026-09-25,15:28:09,Binary Scan,,Binary: /bin/plog,1,Normal
2026-09-25,15:28:09,Binary Scan,,Binary: /bin/plymouth,1,Normal
2026-09-25,15:28:09,Binary Scan,,Binary: /bin/pmap,1,Normal
2026-09-25,15:28:09,Binary Scan,,Binary: /bin/pnm2ppa,1,Normal
2026-09-25,15:28:09,Binary Scan,,Binary: /bin/pod2html,1,Normal
2026-09-25,15:28:09,Binary Scan,,Binary: /bin/pod2man,1,Normal
2026-09-25,15:28:09,Binary Scan,,Binary: /bin/pod2text,1,Normal
2026-09-25,15:28:09,Binary Scan,,Binary: /bin/pod2usage,1,Normal
2026-09-25,15:28:09,Binary Scan,,Binary: /bin/podchecker,1,Normal
2026-09-25,15:28:09,Binary Scan,,Binary: /bin/poff,1,Normal
2026-09-25,15:28:09,Binary Scan,,Binary: /bin/pon,1,Normal
2026-09-25,15:28:09,Binary Scan,,Binary: /bin/powerprofilesctl,1,Normal
2026-09-25,15:28:09,Binary Scan,,Binary: /bin/ppdc,1,Normal
2026-09-25,15:28:09,Binary Scan,,Binary: /bin/ppdhtml,1,Normal
2026-09-25,15:28:09,Binary Scan,,Binary: /bin/ppdi,1,Normal
2026-09-25,15:28:09,Binary Scan,,Binary: /bin/ppdmerge,1,Normal
2026-09-25,15:28:09,Binary Scan,,Binary: /bin/ppdpo,1,Normal
2026-09-25,15:28:09,Binary Scan,,Binary: /bin/pphs,1,Normal
2026-09-25,15:28:09,Binary Scan,,Binary: /bin/pr,1,Normal
2026-09-25,15:28:09,Binary Scan,,Binary: /bin/precat,1,Normal
2026-09-25,15:28:09,Binary Scan,,Binary: /bin/preconv,1,Normal
2026-09-25,15:28:09,Binary Scan,,Binary: /bin/preunzip,1,Normal
2026-09-25,15:28:09,Binary Scan,,Binary: /bin/prezip,1,Normal
2026-09-25,15:28:09,Binary Scan,,Binary: /bin/prezip-bin,1,Normal
2026-09-25,15:28:09,Binary Scan,,Binary: /bin/printafm,1,Normal
2026-09-25,15:28:09,Binary Scan,,Binary: /bin/printenv,1,Normal
2026-09-25,15:28:09,Binary Scan,,Binary: /bin/printer-profile,1,Normal
2026-09-25,15:28:09,Binary Scan,,Binary: /bin/printf,1,Normal
2026-09-25,15:28:09,Binary Scan,,Binary: /bin/prlimit,1,Normal
2026-09-25,15:28:09,Binary Scan,,Binary: /bin/pro,1,Normal
2026-09-25,15:28:09,Binary Scan,,Binary: /bin/prove,1,Normal
2026-09-25,15:28:09,Binary Scan,,Binary: /bin/prtstat,1,Normal
2026-09-25,15:28:09,Binary Scan,,Binary: /bin/ps,1,Normal
2026-09-25,15:28:09,Binary Scan,,Binary: /bin/ps2ascii,1,Normal
2026-09-25,15:28:09,Binary Scan,,Binary: /bin/ps2epsi,1,Normal
2026-09-25,15:28:09,Binary Scan,,Binary: /bin/ps2pdf,1,Normal
2026-09-25,15:28:09,Binary Scan,,Binary: /bin/ps2pdf12,1,Normal
2026-09-25,15:28:09,Binary Scan,,Binary: /bin/ps2pdf13,1,Normal
2026-09-25,15:28:09,Binary Scan,,Binary: /bin/ps2pdf14,1,Normal
2026-09-25,15:28:10,Binary Scan,,Binary: /bin/ps2pdfwr,1,Normal
2026-09-25,15:28:10,Binary Scan,,Binary: /bin/ps2ps,1,Normal
2026-09-25,15:28:10,Binary Scan,,Binary: /bin/ps2ps2,1,Normal
2026-09-25,15:28:10,Binary Scan,,Binary: /bin/ps2txt,1,Normal
2026-09-25,15:28:10,Binary Scan,,Binary: /bin/psfaddtable,1,Normal
2026-09-25,15:28:10,Binary Scan,,Binary: /bin/psfgettable,1,Normal
2026-09-25,15:28:10,Binary Scan,,Binary: /bin/psfstriptable,1,Normal
2026-09-25,15:28:10,Binary Scan,,Binary: /bin/psfxtable,1,Normal
2026-09-25,15:28:10,Binary Scan,,Binary: /bin/psicc,1,Normal
2026-09-25,15:28:10,Binary Scan,,Binary: /bin/pslog,1,Normal
2026-09-25,15:28:10,Binary Scan,,Binary: /bin/pstree,1,Normal
2026-09-25,15:28:10,Binary Scan,,Binary: /bin/pstree.x11,1,Normal
2026-09-25,15:28:10,Binary Scan,,Binary: /bin/ptar,1,Normal
2026-09-25,15:28:10,Binary Scan,,Binary: /bin/ptardiff,1,Normal
2026-09-25,15:28:10,Binary Scan,,Binary: /bin/ptargrep,1,Normal
2026-09-25,15:28:10,Binary Scan,,Binary: /bin/ptx,1,Normal
2026-09-25,15:28:10,Binary Scan,,Binary: /bin/ptyxis,1,Normal
2026-09-25,15:28:10,Binary Scan,,Binary: /bin/pw-cat,1,Normal
2026-09-25,15:28:10,Binary Scan,,Binary: /bin/pw-cli,1,Normal
2026-09-25,15:28:10,Binary Scan,,Binary: /bin/pw-config,1,Normal
2026-09-25,15:28:10,Binary Scan,,Binary: /bin/pw-container,1,Normal
2026-09-25,15:28:10,Binary Scan,,Binary: /bin/pw-dot,1,Normal
2026-09-25,15:28:10,Binary Scan,,Binary: /bin/pw-dsdplay,1,Normal
2026-09-25,15:28:10,Binary Scan,,Binary: /bin/pw-dump,1,Normal
2026-09-25,15:28:10,Binary Scan,,Binary: /bin/pw-encplay,1,Normal
2026-09-25,15:28:10,Binary Scan,,Binary: /bin/pw-link,1,Normal
2026-09-25,15:28:10,Binary Scan,,Binary: /bin/pw-loopback,1,Normal
2026-09-25,15:28:10,Binary Scan,,Binary: /bin/pw-metadata,1,Normal
2026-09-25,15:28:10,Binary Scan,,Binary: /bin/pw-midi2play,1,Normal
2026-09-25,15:28:10,Binary Scan,,Binary: /bin/pw-midi2record,1,Normal
2026-09-25,15:28:10,Binary Scan,,Binary: /bin/pw-mididump,1,Normal
2026-09-25,15:28:10,Binary Scan,,Binary: /bin/pw-midiplay,1,Normal
2026-09-25,15:28:10,Binary Scan,,Binary: /bin/pw-midirecord,1,Normal
2026-09-25,15:28:10,Binary Scan,,Binary: /bin/pw-mon,1,Normal
2026-09-25,15:28:10,Binary Scan,,Binary: /bin/pw-play,1,Normal
2026-09-25,15:28:10,Binary Scan,,Binary: /bin/pw-profiler,1,Normal
2026-09-25,15:28:10,Binary Scan,,Binary: /bin/pw-record,1,Normal
2026-09-25,15:28:10,Binary Scan,,Binary: /bin/pw-reserve,1,Normal
2026-09-25,15:28:10,Binary Scan,,Binary: /bin/pw-sysex,1,Normal
2026-09-25,15:28:10,Binary Scan,,Binary: /bin/pw-top,1,Normal
2026-09-25,15:28:10,Binary Scan,,Binary: /bin/pwd,1,Normal
2026-09-25,15:28:10,Binary Scan,,Binary: /bin/pwdx,1,Normal
2026-09-25,15:28:10,Binary Scan,,Binary: /bin/py3clean,1,Normal
2026-09-25,15:28:10,Binary Scan,,Binary: /bin/py3compile,1,Normal
2026-09-25,15:28:10,Binary Scan,,Binary: /bin/py3versions,1,Normal
2026-09-25,15:28:10,Binary Scan,,Binary: /bin/pybabel,1,Normal
2026-09-25,15:28:10,Binary Scan,,Binary: /bin/pybabel-python3,1,Normal
2026-09-25,15:28:10,Binary Scan,,Binary: /bin/pydoc3,1,Normal
2026-09-25,15:28:10,Binary Scan,,Binary: /bin/pydoc3.14,1,Normal
2026-09-25,15:28:10,Binary Scan,,Binary: /bin/pygettext3,1,Normal
2026-09-25,15:28:10,Binary Scan,,Binary: /bin/pygettext3.14,1,Normal
2026-09-25,15:28:10,Binary Scan,,Binary: /bin/pygmentize,1,Normal
2026-09-25,15:28:10,Binary Scan,,Binary: /bin/pyserial-miniterm,1,Normal
2026-09-25,15:28:10,Binary Scan,,Binary: /bin/pyserial-ports,1,Normal
2026-09-25,15:28:10,Binary Scan,,Binary: /bin/python3,1,Normal
2026-09-25,15:28:10,Binary Scan,,Binary: /bin/python3.14,1,Normal
2026-09-25,15:28:10,Binary Scan,,Binary: /bin/pzstd,1,Normal
2026-09-25,15:28:10,Binary Scan,,Binary: /bin/qmi-firmware-update,1,Normal
2026-09-25,15:28:10,Binary Scan,,Binary: /bin/qmi-network,1,Normal
2026-09-25,15:28:10,Binary Scan,,Binary: /bin/qmicli,1,Normal
2026-09-25,15:28:10,Binary Scan,,Binary: /bin/qpdldecode,1,Normal
2026-09-25,15:28:10,Binary Scan,,Binary: /bin/quirks-handler,1,Normal
2026-09-25,15:28:10,Binary Scan,,Binary: /bin/ranlib,1,Normal
2026-09-25,15:28:10,Binary Scan,,Binary: /bin/rbash,1,Normal
2026-09-25,15:28:10,Binary Scan,,Binary: /bin/rctest,1,Normal
2026-09-25,15:28:10,Binary Scan,,Binary: /bin/rdma,1,Normal
2026-09-25,15:28:10,Binary Scan,,Binary: /bin/readelf,1,Normal
2026-09-25,15:28:10,Binary Scan,,Binary: /bin/readlink,1,Normal
2026-09-25,15:28:10,Binary Scan,,Binary: /bin/realpath,1,Normal
2026-09-25,15:28:10,Binary Scan,,Binary: /bin/red,1,Normal
2026-09-25,15:28:10,Binary Scan,,Binary: /bin/renice,1,Normal
2026-09-25,15:28:10,Binary Scan,,Binary: /bin/reset,1,Normal
2026-09-25,15:28:10,Binary Scan,,Binary: /bin/resizecons,1,Normal
2026-09-25,15:28:10,Binary Scan,,Binary: /bin/resolvectl,1,Normal
2026-09-25,15:28:10,Binary Scan,,Binary: /bin/resources,1,Normal
2026-09-25,15:28:11,Binary Scan,,Binary: /bin/rev,1,Normal
2026-09-25,15:28:11,Binary Scan,,Binary: /bin/rfcomm,1,Normal
2026-09-25,15:28:11,Binary Scan,,Binary: /bin/rgrep,1,Normal
2026-09-25,15:28:11,Binary Scan,,Binary: /bin/rm,1,Normal
2026-09-25,15:28:11,Binary Scan,,Binary: /bin/rmdir,1,Normal
2026-09-25,15:28:11,Binary Scan,,Binary: /bin/rnano,1,Normal
2026-09-25,15:28:11,Binary Scan,,Binary: /bin/routel,1,Normal
2026-09-25,15:28:11,Binary Scan,,Binary: /bin/rpcgen,1,Normal
2026-09-25,15:28:11,Binary Scan,,Binary: /bin/rrsync,1,Normal
2026-09-25,15:28:11,Binary Scan,,Binary: /bin/rsync,1,Normal
2026-09-25,15:28:11,Binary Scan,,Binary: /bin/rsync-ssl,1,Normal
2026-09-25,15:28:11,Binary Scan,,Binary: /bin/rtla,1,Normal
2026-09-25,15:28:11,Binary Scan,,Binary: /bin/rtstat,1,Normal
2026-09-25,15:28:11,Binary Scan,,Binary: /bin/run-parts,1,Normal
2026-09-25,15:28:11,Binary Scan,,Binary: /bin/run-with-aspell,1,Normal
2026-09-25,15:28:11,Binary Scan,,Binary: /bin/run0,1,Normal
2026-09-25,15:28:11,Binary Scan,,Binary: /bin/runcon,1,Normal
2026-09-25,15:28:11,Binary Scan,,Binary: /bin/rview,1,Normal
2026-09-25,15:28:11,Binary Scan,,Binary: /bin/rygel,1,Normal
2026-09-25,15:28:11,Binary Scan,,Binary: /bin/sadf,1,Normal
2026-09-25,15:28:11,Binary Scan,,Binary: /bin/sane-find-scanner,1,Normal
2026-09-25,15:28:11,Binary Scan,,Binary: /bin/sar,1,Normal
2026-09-25,15:28:11,Binary Scan,,Binary: /bin/sar.sysstat,1,Normal
2026-09-25,15:28:11,Binary Scan,,Binary: /bin/savelog,1,Normal
2026-09-25,15:28:11,Binary Scan,,Binary: /bin/sbattach,1,Normal
2026-09-25,15:28:11,Binary Scan,,Binary: /bin/sbkeysync,1,Normal
2026-09-25,15:28:11,Binary Scan,,Binary: /bin/sbsiglist,1,Normal
2026-09-25,15:28:11,Binary Scan,,Binary: /bin/sbsign,1,Normal
2026-09-25,15:28:11,Binary Scan,,Binary: /bin/sbvarsign,1,Normal
2026-09-25,15:28:11,Binary Scan,,Binary: /bin/sbverify,1,Normal
2026-09-25,15:28:11,Binary Scan,,Binary: /bin/scanimage,1,Normal
2026-09-25,15:28:11,Binary Scan,,Binary: /bin/scp,1,Normal
2026-09-25,15:28:11,Binary Scan,,Binary: /bin/scp-dbus-service,1,Normal
2026-09-25,15:28:11,Binary Scan,,Binary: /bin/screen,1,Normal
2026-09-25,15:28:11,Binary Scan,,Binary: /bin/screendump,1,Normal
2026-09-25,15:28:11,Binary Scan,,Binary: /bin/script,1,Normal
2026-09-25,15:28:11,Binary Scan,,Binary: /bin/scriptlive,1,Normal
2026-09-25,15:28:11,Binary Scan,,Binary: /bin/scriptreplay,1,Normal
2026-09-25,15:28:11,Binary Scan,,Binary: /bin/sdiff,1,Normal
2026-09-25,15:28:11,Binary Scan,,Binary: /bin/sdptool,1,Normal
2026-09-25,15:28:11,Binary Scan,,Binary: /bin/seahorse,1,Normal
2026-09-25,15:28:11,Binary Scan,,Binary: /bin/sed,1,Normal
2026-09-25,15:28:11,Binary Scan,,Binary: /bin/select-default-iwrap,1,Normal
2026-09-25,15:28:11,Binary Scan,,Binary: /bin/select-editor,1,Normal
2026-09-25,15:28:11,Binary Scan,,Binary: /bin/sensible-browser,1,Normal
2026-09-25,15:28:11,Binary Scan,,Binary: /bin/sensible-editor,1,Normal
2026-09-25,15:28:11,Binary Scan,,Binary: /bin/sensible-pager,1,Normal
2026-09-25,15:28:11,Binary Scan,,Binary: /bin/sensible-terminal,1,Normal
2026-09-25,15:28:11,Binary Scan,,Binary: /bin/seq,1,Normal
2026-09-25,15:28:11,Binary Scan,,Binary: /bin/sessreg,1,Normal
2026-09-25,15:28:11,Binary Scan,,Binary: /bin/setarch,1,Normal
2026-09-25,15:28:11,Binary Scan,,Binary: /bin/setfacl,1,Normal
2026-09-25,15:28:11,Binary Scan,,Binary: /bin/setfont,1,Normal
2026-09-25,15:28:11,Binary Scan,,Binary: /bin/setkeycodes,1,Normal
2026-09-25,15:28:11,Binary Scan,,Binary: /bin/setleds,1,Normal
2026-09-25,15:28:11,Binary Scan,,Binary: /bin/setlogcons,1,Normal
2026-09-25,15:28:11,Binary Scan,,Binary: /bin/setmetamode,1,Normal
2026-09-25,15:28:11,Binary Scan,,Binary: /bin/setpci,1,Normal
2026-09-25,15:28:11,Binary Scan,,Binary: /bin/setpriv,1,Normal
2026-09-25,15:28:11,Binary Scan,,Binary: /bin/setsid,1,Normal
2026-09-25,15:28:11,Binary Scan,,Binary: /bin/setterm,1,Normal
2026-09-25,15:28:11,Binary Scan,,Binary: /bin/setupcon,1,Normal
2026-09-25,15:28:11,Binary Scan,,Binary: /bin/setxkbmap,1,Normal
2026-09-25,15:28:11,Binary Scan,,Binary: /bin/sftp,1,Normal
2026-09-25,15:28:11,Binary Scan,,Binary: /bin/sh,1,Normal
2026-09-25,15:28:11,Binary Scan,,Binary: /bin/sha1sum,1,Normal
2026-09-25,15:28:11,Binary Scan,,Binary: /bin/sha224sum,1,Normal
2026-09-25,15:28:11,Binary Scan,,Binary: /bin/sha256sum,1,Normal
2026-09-25,15:28:11,Binary Scan,,Binary: /bin/sha3-224sum,1,Normal
2026-09-25,15:28:11,Binary Scan,,Binary: /bin/sha3-256sum,1,Normal
2026-09-25,15:28:11,Binary Scan,,Binary: /bin/sha3-384sum,1,Normal
2026-09-25,15:28:11,Binary Scan,,Binary: /bin/sha3-512sum,1,Normal
2026-09-25,15:28:11,Binary Scan,,Binary: /bin/sha384sum,1,Normal
2026-09-25,15:28:12,Binary Scan,,Binary: /bin/sha3sum,1,Normal
2026-09-25,15:28:12,Binary Scan,,Binary: /bin/sha512sum,1,Normal
2026-09-25,15:28:12,Binary Scan,,Binary: /bin/shake128sum,1,Normal
2026-09-25,15:28:12,Binary Scan,,Binary: /bin/shake256sum,1,Normal
2026-09-25,15:28:12,Binary Scan,,Binary: /bin/shasum,1,Normal
2026-09-25,15:28:12,Binary Scan,,Binary: /bin/showconsolefont,1,Normal
2026-09-25,15:28:12,Binary Scan,,Binary: /bin/showkey,1,Normal
2026-09-25,15:28:12,Binary Scan,,Binary: /bin/showrgb,1,Normal
2026-09-25,15:28:12,Binary Scan,,Binary: /bin/shred,1,Normal
2026-09-25,15:28:12,Binary Scan,,Binary: /bin/shuf,1,Normal
2026-09-25,15:28:12,Binary Scan,,Binary: /bin/size,1,Normal
2026-09-25,15:28:12,Binary Scan,,Binary: /bin/skill,1,Normal
2026-09-25,15:28:12,Binary Scan,,Binary: /bin/slabtop,1,Normal
2026-09-25,15:28:12,Binary Scan,,Binary: /bin/sleep,1,Normal
2026-09-25,15:28:12,Binary Scan,,Binary: /bin/slxdecode,1,Normal
2026-09-25,15:28:12,Binary Scan,,Binary: /bin/snap,1,Normal
2026-09-25,15:28:12,Binary Scan,,Binary: /bin/snapctl,1,Normal
2026-09-25,15:28:12,Binary Scan,,Binary: /bin/snapfuse,1,Normal
2026-09-25,15:28:12,Binary Scan,,Binary: /bin/snice,1,Normal
2026-09-25,15:28:12,Binary Scan,,Binary: /bin/soelim,1,Normal
2026-09-25,15:28:12,Binary Scan,,Binary: /bin/sort,1,Normal
2026-09-25,15:28:12,Binary Scan,,Binary: /bin/spa-acp-tool,1,Normal
2026-09-25,15:28:12,Binary Scan,,Binary: /bin/spa-inspect,1,Normal
2026-09-25,15:28:12,Binary Scan,,Binary: /bin/spa-json-dump,1,Normal
2026-09-25,15:28:12,Binary Scan,,Binary: /bin/spa-monitor,1,Normal
2026-09-25,15:28:12,Binary Scan,,Binary: /bin/spa-resample,1,Normal
2026-09-25,15:28:12,Binary Scan,,Binary: /bin/spd-conf,1,Normal
2026-09-25,15:28:12,Binary Scan,,Binary: /bin/spd-say,1,Normal
2026-09-25,15:28:12,Binary Scan,,Binary: /bin/spdsend,1,Normal
2026-09-25,15:28:12,Binary Scan,,Binary: /bin/speaker-test,1,Normal
2026-09-25,15:28:12,Binary Scan,,Binary: /bin/speech-dispatcher,1,Normal
2026-09-25,15:28:12,Binary Scan,,Binary: /bin/spice-vdagent,1,Normal
2026-09-25,15:28:12,Binary Scan,,Binary: /bin/splain,1,Normal
2026-09-25,15:28:12,Binary Scan,,Binary: /bin/split,1,Normal
2026-09-25,15:28:12,Binary Scan,,Binary: /bin/splitfont,1,Normal
2026-09-25,15:28:12,Binary Scan,,Binary: /bin/sqfscat,1,Normal
2026-09-25,15:28:12,Binary Scan,,Binary: /bin/sqfstar,1,Normal
2026-09-25,15:28:12,Binary Scan,,Binary: /bin/ss,1,Normal
2026-09-25,15:28:12,Binary Scan,,Binary: /bin/ssh,1,Normal
2026-09-25,15:28:12,Binary Scan,,Binary: /bin/ssh-add,1,Normal
2026-09-25,15:28:12,Binary Scan,,Binary: /bin/ssh-agent,1,Normal
2026-09-25,15:28:12,Binary Scan,,Binary: /bin/ssh-argv0,1,Normal
2026-09-25,15:28:12,Binary Scan,,Binary: /bin/ssh-copy-id,1,Normal
2026-09-25,15:28:12,Binary Scan,,Binary: /bin/ssh-keygen,1,Normal
2026-09-25,15:28:12,Binary Scan,,Binary: /bin/ssh-keyscan,1,Normal
2026-09-25,15:28:12,Binary Scan,,Binary: /bin/sss_ssh_authorizedkeys,1,Normal
2026-09-25,15:28:12,Binary Scan,,Binary: /bin/sss_ssh_knownhosts,1,Normal
2026-09-25,15:28:12,Binary Scan,,Binary: /bin/sss_ssh_knownhostsproxy,1,Normal
2026-09-25,15:28:12,Binary Scan,,Binary: /bin/stat,1,Normal
2026-09-25,15:28:12,Binary Scan,,Binary: /bin/static-sh,1,Normal
2026-09-25,15:28:12,Binary Scan,,Binary: /bin/stdbuf,1,Normal
2026-09-25,15:28:12,Binary Scan,,Binary: /bin/strace,1,Normal
2026-09-25,15:28:12,Binary Scan,,Binary: /bin/strace-log-merge,1,Normal
2026-09-25,15:28:12,Binary Scan,,Binary: /bin/streamzip,1,Normal
2026-09-25,15:28:12,Binary Scan,,Binary: /bin/strings,1,Normal
2026-09-25,15:28:12,Binary Scan,,Binary: /bin/strip,1,Normal
2026-09-25,15:28:12,Binary Scan,,Binary: /bin/stty,1,Normal
2026-09-25,15:28:12,Binary Scan,,Binary: /bin/su,1,Normal
2026-09-25,15:28:12,Binary Scan,,Binary: /bin/su-rs,1,Normal
2026-09-25,15:28:12,Binary Scan,,Binary: /bin/su-to-root,1,Normal
2026-09-25,15:28:12,Binary Scan,,Binary: /bin/sudo,1,Normal
2026-09-25,15:28:12,Binary Scan,,Binary: /bin/sudo-rs,1,Normal
2026-09-25,15:28:12,Binary Scan,,Binary: /bin/sudo.ws,1,Normal
2026-09-25,15:28:12,Binary Scan,,Binary: /bin/sudoedit,1,Normal
2026-09-25,15:28:12,Binary Scan,,Binary: /bin/sudoedit-rs,1,Normal
2026-09-25,15:28:12,Binary Scan,,Binary: /bin/sudoreplay.ws,1,Normal
2026-09-25,15:28:12,Binary Scan,,Binary: /bin/sum,1,Normal
2026-09-25,15:28:12,Binary Scan,,Binary: /bin/switcherooctl,1,Normal
2026-09-25,15:28:12,Binary Scan,,Binary: /bin/sync,1,Normal
2026-09-25,15:28:12,Binary Scan,,Binary: /bin/sysprof,1,Normal
2026-09-25,15:28:12,Binary Scan,,Binary: /bin/sysprof-agent,1,Normal
2026-09-25,15:28:13,Binary Scan,,Binary: /bin/sysprof-cat,1,Normal
2026-09-25,15:28:13,Binary Scan,,Binary: /bin/sysprof-cli,1,Normal
2026-09-25,15:28:13,Binary Scan,,Binary: /bin/systemctl,1,Normal
2026-09-25,15:28:13,Binary Scan,,Binary: /bin/systemd-ac-power,1,Normal
2026-09-25,15:28:13,Binary Scan,,Binary: /bin/systemd-analyze,1,Normal
2026-09-25,15:28:13,Binary Scan,,Binary: /bin/systemd-ask-password,1,Normal
2026-09-25,15:28:13,Binary Scan,,Binary: /bin/systemd-cat,1,Normal
2026-09-25,15:28:13,Binary Scan,,Binary: /bin/systemd-cgls,1,Normal
2026-09-25,15:28:13,Binary Scan,,Binary: /bin/systemd-cgtop,1,Normal
2026-09-25,15:28:13,Binary Scan,,Binary: /bin/systemd-confext,1,Normal
2026-09-25,15:28:13,Binary Scan,,Binary: /bin/systemd-creds,1,Normal
2026-09-25,15:28:13,Binary Scan,,Binary: /bin/systemd-cryptenroll,1,Normal
2026-09-25,15:28:13,Binary Scan,,Binary: /bin/systemd-cryptsetup,1,Normal
2026-09-25,15:28:13,Binary Scan,,Binary: /bin/systemd-delta,1,Normal
2026-09-25,15:28:13,Binary Scan,,Binary: /bin/systemd-detect-virt,1,Normal
2026-09-25,15:28:13,Binary Scan,,Binary: /bin/systemd-escape,1,Normal
2026-09-25,15:28:13,Binary Scan,,Binary: /bin/systemd-firstboot,1,Normal
2026-09-25,15:28:13,Binary Scan,,Binary: /bin/systemd-hwdb,1,Normal
2026-09-25,15:28:13,Binary Scan,,Binary: /bin/systemd-id128,1,Normal
2026-09-25,15:28:13,Binary Scan,,Binary: /bin/systemd-inhibit,1,Normal
2026-09-25,15:28:13,Binary Scan,,Binary: /bin/systemd-machine-id-setup,1,Normal
2026-09-25,15:28:13,Binary Scan,,Binary: /bin/systemd-mount,1,Normal
2026-09-25,15:28:13,Binary Scan,,Binary: /bin/systemd-mute-console,1,Normal
2026-09-25,15:28:13,Binary Scan,,Binary: /bin/systemd-notify,1,Normal
2026-09-25,15:28:13,Binary Scan,,Binary: /bin/systemd-path,1,Normal
2026-09-25,15:28:13,Binary Scan,,Binary: /bin/systemd-pty-forward,1,Normal
2026-09-25,15:28:13,Binary Scan,,Binary: /bin/systemd-run,1,Normal
2026-09-25,15:28:13,Binary Scan,,Binary: /bin/systemd-socket-activate,1,Normal
2026-09-25,15:28:13,Binary Scan,,Binary: /bin/systemd-stdio-bridge,1,Normal
2026-09-25,15:28:13,Binary Scan,,Binary: /bin/systemd-sysext,1,Normal
2026-09-25,15:28:13,Binary Scan,,Binary: /bin/systemd-sysusers,1,Normal
2026-09-25,15:28:13,Binary Scan,,Binary: /bin/systemd-tmpfiles,1,Normal
2026-09-25,15:28:13,Binary Scan,,Binary: /bin/systemd-tty-ask-password-agent,1,Normal
2026-09-25,15:28:13,Binary Scan,,Binary: /bin/systemd-umount,1,Normal
2026-09-25,15:28:13,Binary Scan,,Binary: /bin/systemd-vpick,1,Normal
2026-09-25,15:28:13,Binary Scan,,Binary: /bin/tabs,1,Normal
2026-09-25,15:28:13,Binary Scan,,Binary: /bin/tac,1,Normal
2026-09-25,15:28:13,Binary Scan,,Binary: /bin/tail,1,Normal
2026-09-25,15:28:13,Binary Scan,,Binary: /bin/tapestat,1,Normal
2026-09-25,15:28:13,Binary Scan,,Binary: /bin/tar,1,Normal
2026-09-25,15:28:13,Binary Scan,,Binary: /bin/taskset,1,Normal
2026-09-25,15:28:13,Binary Scan,,Binary: /bin/tbl,1,Normal
2026-09-25,15:28:13,Binary Scan,,Binary: /bin/tclsh,1,Normal
2026-09-25,15:28:13,Binary Scan,,Binary: /bin/tclsh8.6,1,Normal
2026-09-25,15:28:13,Binary Scan,,Binary: /bin/tcpdump,1,Normal
2026-09-25,15:28:13,Binary Scan,,Binary: /bin/tecla,1,Normal
2026-09-25,15:28:13,Binary Scan,,Binary: /bin/tee,1,Normal
2026-09-25,15:28:13,Binary Scan,,Binary: /bin/telnet,1,Normal
2026-09-25,15:28:13,Binary Scan,,Binary: /bin/tempfile,1,Normal
2026-09-25,15:28:13,Binary Scan,,Binary: /bin/test,1,Normal
2026-09-25,15:28:13,Binary Scan,,Binary: /bin/tic,1,Normal
2026-09-25,15:28:13,Binary Scan,,Binary: /bin/tificc,1,Normal
2026-09-25,15:28:13,Binary Scan,,Binary: /bin/time,1,Normal
2026-09-25,15:28:13,Binary Scan,,Binary: /bin/timedatectl,1,Normal
2026-09-25,15:28:13,Binary Scan,,Binary: /bin/timeout,1,Normal
2026-09-25,15:28:13,Binary Scan,,Binary: /bin/tinysparql,1,Normal
2026-09-25,15:28:13,Binary Scan,,Binary: /bin/tload,1,Normal
2026-09-25,15:28:13,Binary Scan,,Binary: /bin/tnftp,1,Normal
2026-09-25,15:28:13,Binary Scan,,Binary: /bin/toe,1,Normal
2026-09-25,15:28:13,Binary Scan,,Binary: /bin/top,1,Normal
2026-09-25,15:28:13,Binary Scan,,Binary: /bin/touch,1,Normal
2026-09-25,15:28:13,Binary Scan,,Binary: /bin/tput,1,Normal
2026-09-25,15:28:13,Binary Scan,,Binary: /bin/tr,1,Normal
2026-09-25,15:28:13,Binary Scan,,Binary: /bin/trace-cmd,1,Normal
2026-09-25,15:28:13,Binary Scan,,Binary: /bin/tracepath,1,Normal
2026-09-25,15:28:13,Binary Scan,,Binary: /bin/transicc,1,Normal
2026-09-25,15:28:13,Binary Scan,,Binary: /bin/troff,1,Normal
2026-09-25,15:28:13,Binary Scan,,Binary: /bin/true,1,Normal
2026-09-25,15:28:13,Binary Scan,,Binary: /bin/truncate,1,Normal
2026-09-25,15:28:14,Binary Scan,,Binary: /bin/trust,1,Normal
2026-09-25,15:28:14,Binary Scan,,Binary: /bin/tset,1,Normal
2026-09-25,15:28:14,Binary Scan,,Binary: /bin/tsort,1,Normal
2026-09-25,15:28:14,Binary Scan,,Binary: /bin/tty,1,Normal
2026-09-25,15:28:14,Binary Scan,,Binary: /bin/turbostat,1,Normal
2026-09-25,15:28:14,Binary Scan,,Binary: /bin/tzselect,1,Normal
2026-09-25,15:28:14,Binary Scan,,Binary: /bin/ua,1,Normal
2026-09-25,15:28:14,Binary Scan,,Binary: /bin/ubuntu-advantage,1,Normal
2026-09-25,15:28:14,Binary Scan,,Binary: /bin/ubuntu-bug,1,Normal
2026-09-25,15:28:14,Binary Scan,,Binary: /bin/ubuntu-distro-info,1,Normal
2026-09-25,15:28:14,Binary Scan,,Binary: /bin/ubuntu-drivers,1,Normal
2026-09-25,15:28:14,Binary Scan,,Binary: /bin/ubuntu-insights,1,Normal
2026-09-25,15:28:14,Binary Scan,,Binary: /bin/ubuntu-report,1,Normal
2026-09-25,15:28:14,Binary Scan,,Binary: /bin/ubuntu-security-status,1,Normal
2026-09-25,15:28:14,Binary Scan,,Binary: /bin/ucf,1,Normal
2026-09-25,15:28:14,Binary Scan,,Binary: /bin/ucfq,1,Normal
2026-09-25,15:28:14,Binary Scan,,Binary: /bin/ucfr,1,Normal
2026-09-25,15:28:14,Binary Scan,,Binary: /bin/uclampset,1,Normal
2026-09-25,15:28:14,Binary Scan,,Binary: /bin/ucs2any,1,Normal
2026-09-25,15:28:14,Binary Scan,,Binary: /bin/udevadm,1,Normal
2026-09-25,15:28:14,Binary Scan,,Binary: /bin/udisksctl,1,Normal
2026-09-25,15:28:14,Binary Scan,,Binary: /bin/ul,1,Normal
2026-09-25,15:28:14,Binary Scan,,Binary: /bin/umax_pp,1,Normal
2026-09-25,15:28:14,Binary Scan,,Binary: /bin/umount,1,Normal
2026-09-25,15:28:14,Binary Scan,,Binary: /bin/uname,1,Normal
2026-09-25,15:28:14,Binary Scan,,Binary: /bin/unattended-upgrade,1,Normal
2026-09-25,15:28:14,Binary Scan,,Binary: /bin/unattended-upgrades,1,Normal
2026-09-25,15:28:14,Binary Scan,,Binary: /bin/uncompress,1,Normal
2026-09-25,15:28:14,Binary Scan,,Binary: /bin/unexpand,1,Normal
2026-09-25,15:28:14,Binary Scan,,Binary: /bin/unicode_start,1,Normal
2026-09-25,15:28:14,Binary Scan,,Binary: /bin/unicode_stop,1,Normal
2026-09-25,15:28:14,Binary Scan,,Binary: /bin/uniq,1,Normal
2026-09-25,15:28:14,Binary Scan,,Binary: /bin/unity-scope-loader,1,Normal
2026-09-25,15:28:14,Binary Scan,,Binary: /bin/unlink,1,Normal
2026-09-25,15:28:14,Binary Scan,,Binary: /bin/unlzma,1,Normal
2026-09-25,15:28:14,Binary Scan,,Binary: /bin/unmkinitramfs,1,Normal
2026-09-25,15:28:14,Binary Scan,,Binary: /bin/unshare,1,Normal
2026-09-25,15:28:14,Binary Scan,,Binary: /bin/unsquashfs,1,Normal
2026-09-25,15:28:14,Binary Scan,,Binary: /bin/unxz,1,Normal
2026-09-25,15:28:14,Binary Scan,,Binary: /bin/unzip,1,Normal
2026-09-25,15:28:14,Binary Scan,,Binary: /bin/unzipsfx,1,Normal
2026-09-25,15:28:14,Binary Scan,,Binary: /bin/unzstd,1,Normal
2026-09-25,15:28:14,Binary Scan,,Binary: /bin/update-alternatives,1,Normal
2026-09-25,15:28:14,Binary Scan,,Binary: /bin/update-desktop-database,1,Normal
2026-09-25,15:28:14,Binary Scan,,Binary: /bin/update-manager,1,Normal
2026-09-25,15:28:14,Binary Scan,,Binary: /bin/update-menus,1,Normal
2026-09-25,15:28:14,Binary Scan,,Binary: /bin/update-mime-database,1,Normal
2026-09-25,15:28:14,Binary Scan,,Binary: /bin/update-notifier,1,Normal
2026-09-25,15:28:14,Binary Scan,,Binary: /bin/upower,1,Normal
2026-09-25,15:28:14,Binary Scan,,Binary: /bin/uptime,1,Normal
2026-09-25,15:28:14,Binary Scan,,Binary: /bin/usb-devices,1,Normal
2026-09-25,15:28:14,Binary Scan,,Binary: /bin/usb_printerid,1,Normal
2026-09-25,15:28:14,Binary Scan,,Binary: /bin/usbhid-dump,1,Normal
2026-09-25,15:28:14,Binary Scan,,Binary: /bin/usbip,1,Normal
2026-09-25,15:28:14,Binary Scan,,Binary: /bin/usbipd,1,Normal
2026-09-25,15:28:14,Binary Scan,,Binary: /bin/usbreset,1,Normal
2026-09-25,15:28:14,Binary Scan,,Binary: /bin/user-session-migration,1,Normal
2026-09-25,15:28:14,Binary Scan,,Binary: /bin/users,1,Normal
2026-09-25,15:28:14,Binary Scan,,Binary: /bin/uuidgen,1,Normal
2026-09-25,15:28:14,Binary Scan,,Binary: /bin/uuidparse,1,Normal
2026-09-25,15:28:14,Binary Scan,,Binary: /bin/varlinkctl,1,Normal
2026-09-25,15:28:14,Binary Scan,,Binary: /bin/vboxwl,1,Normal
2026-09-25,15:28:14,Binary Scan,,Binary: /bin/vcs-run,1,Normal
2026-09-25,15:28:14,Binary Scan,,Binary: /bin/vdir,1,Normal
2026-09-25,15:28:14,Binary Scan,,Binary: /bin/vi,1,Normal
2026-09-25,15:28:14,Binary Scan,,Binary: /bin/view,1,Normal
2026-09-25,15:28:14,Binary Scan,,Binary: /bin/viewres,1,Normal
2026-09-25,15:28:14,Binary Scan,,Binary: /bin/vim.tiny,1,Normal
2026-09-25,15:28:14,Binary Scan,,Binary: /bin/visudo-rs,1,Normal
2026-09-25,15:28:14,Binary Scan,,Binary: /bin/vmstat,1,Normal
2026-09-25,15:28:14,Binary Scan,,Binary: /bin/vstp,1,Normal
2026-09-25,15:28:14,Binary Scan,,Binary: /bin/w,1,Normal
2026-09-25,15:28:14,Binary Scan,,Binary: /bin/wall,1,Normal
2026-09-25,15:28:15,Binary Scan,,Binary: /bin/watch,1,Normal
2026-09-25,15:28:15,Binary Scan,,Binary: /bin/watchgnupg,1,Normal
2026-09-25,15:28:15,Binary Scan,,Binary: /bin/wc,1,Normal
2026-09-25,15:28:15,Binary Scan,,Binary: /bin/wget,1,Normal
2026-09-25,15:28:15,Binary Scan,,Binary: /bin/whatis,1,Normal
2026-09-25,15:28:15,Binary Scan,,Binary: /bin/whereis,1,Normal
2026-09-25,15:28:15,Binary Scan,,Binary: /bin/which,1,Normal
2026-09-25,15:28:15,Binary Scan,,Binary: /bin/which.debianutils,1,Normal
2026-09-25,15:28:15,Binary Scan,,Binary: /bin/whiptail,1,Normal
2026-09-25,15:28:15,Binary Scan,,Binary: /bin/who,1,Normal
2026-09-25,15:28:15,Binary Scan,,Binary: /bin/whoami,1,Normal
2026-09-25,15:28:15,Binary Scan,,Binary: /bin/whoopsie,1,Normal
2026-09-25,15:28:15,Binary Scan,,Binary: /bin/whoopsie-preferences,1,Normal
2026-09-25,15:28:15,Binary Scan,,Binary: /bin/wireplumber,1,Normal
2026-09-25,15:28:15,Binary Scan,,Binary: /bin/word-list-compress,1,Normal
2026-09-25,15:28:15,Binary Scan,,Binary: /bin/wpa_passphrase,1,Normal
2026-09-25,15:28:15,Binary Scan,,Binary: /bin/wpctl,1,Normal
2026-09-25,15:28:15,Binary Scan,,Binary: /bin/wpexec,1,Normal
2026-09-25,15:28:15,Binary Scan,,Binary: /bin/wsdd,1,Normal
2026-09-25,15:28:15,Binary Scan,,Binary: /bin/x-session-manager,1,Normal
2026-09-25,15:28:15,Binary Scan,,Binary: /bin/x-terminal-emulator,1,Normal
2026-09-25,15:28:15,Binary Scan,,Binary: /bin/x-www-browser,1,Normal
2026-09-25,15:28:15,Binary Scan,,Binary: /bin/x86_64,1,Normal
2026-09-25,15:28:15,Binary Scan,,Binary: /bin/x86_64-linux-gnu-addr2line,1,Normal
2026-09-25,15:28:15,Binary Scan,,Binary: /bin/x86_64-linux-gnu-ar,1,Normal
2026-09-25,15:28:15,Binary Scan,,Binary: /bin/x86_64-linux-gnu-as,1,Normal
2026-09-25,15:28:15,Binary Scan,,Binary: /bin/x86_64-linux-gnu-c++filt,1,Normal
2026-09-25,15:28:15,Binary Scan,,Binary: /bin/x86_64-linux-gnu-cpp,1,Normal
2026-09-25,15:28:15,Binary Scan,,Binary: /bin/x86_64-linux-gnu-cpp-15,1,Normal
2026-09-25,15:28:15,Binary Scan,,Binary: /bin/x86_64-linux-gnu-elfedit,1,Normal
2026-09-25,15:28:15,Binary Scan,,Binary: /bin/x86_64-linux-gnu-g++,1,Normal
2026-09-25,15:28:15,Binary Scan,,Binary: /bin/x86_64-linux-gnu-g++-15,1,Normal
2026-09-25,15:28:15,Binary Scan,,Binary: /bin/x86_64-linux-gnu-gcc,1,Normal
2026-09-25,15:28:15,Binary Scan,,Binary: /bin/x86_64-linux-gnu-gcc-15,1,Normal
2026-09-25,15:28:15,Binary Scan,,Binary: /bin/x86_64-linux-gnu-gcc-ar,1,Normal
2026-09-25,15:28:15,Binary Scan,,Binary: /bin/x86_64-linux-gnu-gcc-ar-15,1,Normal
2026-09-25,15:28:15,Binary Scan,,Binary: /bin/x86_64-linux-gnu-gcc-nm,1,Normal
2026-09-25,15:28:15,Binary Scan,,Binary: /bin/x86_64-linux-gnu-gcc-nm-15,1,Normal
2026-09-25,15:28:15,Binary Scan,,Binary: /bin/x86_64-linux-gnu-gcc-ranlib,1,Normal
2026-09-25,15:28:15,Binary Scan,,Binary: /bin/x86_64-linux-gnu-gcc-ranlib-15,1,Normal
2026-09-25,15:28:15,Binary Scan,,Binary: /bin/x86_64-linux-gnu-gcov,1,Normal
2026-09-25,15:28:15,Binary Scan,,Binary: /bin/x86_64-linux-gnu-gcov-15,1,Normal
2026-09-25,15:28:15,Binary Scan,,Binary: /bin/x86_64-linux-gnu-gcov-dump,1,Normal
2026-09-25,15:28:15,Binary Scan,,Binary: /bin/x86_64-linux-gnu-gcov-dump-15,1,Normal
2026-09-25,15:28:15,Binary Scan,,Binary: /bin/x86_64-linux-gnu-gcov-tool,1,Normal
2026-09-25,15:28:15,Binary Scan,,Binary: /bin/x86_64-linux-gnu-gcov-tool-15,1,Normal
2026-09-25,15:28:15,Binary Scan,,Binary: /bin/x86_64-linux-gnu-gprof,1,Normal
2026-09-25,15:28:15,Binary Scan,,Binary: /bin/x86_64-linux-gnu-ld,1,Normal
2026-09-25,15:28:15,Binary Scan,,Binary: /bin/x86_64-linux-gnu-ld.bfd,1,Normal
2026-09-25,15:28:15,Binary Scan,,Binary: /bin/x86_64-linux-gnu-lto-dump,1,Normal
2026-09-25,15:28:15,Binary Scan,,Binary: /bin/x86_64-linux-gnu-lto-dump-15,1,Normal
2026-09-25,15:28:15,Binary Scan,,Binary: /bin/x86_64-linux-gnu-nm,1,Normal
2026-09-25,15:28:15,Binary Scan,,Binary: /bin/x86_64-linux-gnu-objcopy,1,Normal
2026-09-25,15:28:15,Binary Scan,,Binary: /bin/x86_64-linux-gnu-objdump,1,Normal
2026-09-25,15:28:15,Binary Scan,,Binary: /bin/x86_64-linux-gnu-ranlib,1,Normal
2026-09-25,15:28:15,Binary Scan,,Binary: /bin/x86_64-linux-gnu-readelf,1,Normal
2026-09-25,15:28:15,Binary Scan,,Binary: /bin/x86_64-linux-gnu-size,1,Normal
2026-09-25,15:28:15,Binary Scan,,Binary: /bin/x86_64-linux-gnu-strings,1,Normal
2026-09-25,15:28:15,Binary Scan,,Binary: /bin/x86_64-linux-gnu-strip,1,Normal
2026-09-25,15:28:15,Binary Scan,,Binary: /bin/x86_energy_perf_policy,1,Normal
2026-09-25,15:28:15,Binary Scan,,Binary: /bin/xargs,1,Normal
2026-09-25,15:28:15,Binary Scan,,Binary: /bin/xauth,1,Normal
2026-09-25,15:28:15,Binary Scan,,Binary: /bin/xbrlapi,1,Normal
2026-09-25,15:28:15,Binary Scan,,Binary: /bin/xcmsdb,1,Normal
2026-09-25,15:28:15,Binary Scan,,Binary: /bin/xdg-dbus-proxy,1,Normal
2026-09-25,15:28:15,Binary Scan,,Binary: /bin/xdg-desktop-icon,1,Normal
2026-09-25,15:28:15,Binary Scan,,Binary: /bin/xdg-desktop-menu,1,Normal
2026-09-25,15:28:15,Binary Scan,,Binary: /bin/xdg-email,1,Normal
2026-09-25,15:28:15,Binary Scan,,Binary: /bin/xdg-icon-resource,1,Normal
2026-09-25,15:28:15,Binary Scan,,Binary: /bin/xdg-mime,1,Normal
2026-09-25,15:28:15,Binary Scan,,Binary: /bin/xdg-open,1,Normal
2026-09-25,15:28:15,Binary Scan,,Binary: /bin/xdg-screensaver,1,Normal
2026-09-25,15:28:15,Binary Scan,,Binary: /bin/xdg-settings,1,Normal
2026-09-25,15:28:16,Binary Scan,,Binary: /bin/xdg-terminal-exec,1,Normal
2026-09-25,15:28:16,Binary Scan,,Binary: /bin/xdg-user-dir,1,Normal
2026-09-25,15:28:16,Binary Scan,,Binary: /bin/xdg-user-dirs-gtk-update,1,Normal
2026-09-25,15:28:16,Binary Scan,,Binary: /bin/xdg-user-dirs-update,1,Normal
2026-09-25,15:28:16,Binary Scan,,Binary: /bin/xdpyinfo,1,Normal
2026-09-25,15:28:16,Binary Scan,,Binary: /bin/xdriinfo,1,Normal
2026-09-25,15:28:16,Binary Scan,,Binary: /bin/xev,1,Normal
2026-09-25,15:28:16,Binary Scan,,Binary: /bin/xfd,1,Normal
2026-09-25,15:28:16,Binary Scan,,Binary: /bin/xfontsel,1,Normal
2026-09-25,15:28:16,Binary Scan,,Binary: /bin/xgamma,1,Normal
2026-09-25,15:28:16,Binary Scan,,Binary: /bin/xhost,1,Normal
2026-09-25,15:28:16,Binary Scan,,Binary: /bin/xkbbell,1,Normal
2026-09-25,15:28:16,Binary Scan,,Binary: /bin/xkbcomp,1,Normal
2026-09-25,15:28:16,Binary Scan,,Binary: /bin/xkbevd,1,Normal
2026-09-25,15:28:16,Binary Scan,,Binary: /bin/xkbprint,1,Normal
2026-09-25,15:28:16,Binary Scan,,Binary: /bin/xkbvleds,1,Normal
2026-09-25,15:28:16,Binary Scan,,Binary: /bin/xkbwatch,1,Normal
2026-09-25,15:28:16,Binary Scan,,Binary: /bin/xkeystone,1,Normal
2026-09-25,15:28:16,Binary Scan,,Binary: /bin/xkill,1,Normal
2026-09-25,15:28:16,Binary Scan,,Binary: /bin/xlsatoms,1,Normal
2026-09-25,15:28:16,Binary Scan,,Binary: /bin/xlsclients,1,Normal
2026-09-25,15:28:16,Binary Scan,,Binary: /bin/xlsfonts,1,Normal
2026-09-25,15:28:16,Binary Scan,,Binary: /bin/xmessage,1,Normal
2026-09-25,15:28:16,Binary Scan,,Binary: /bin/xmodmap,1,Normal
2026-09-25,15:28:16,Binary Scan,,Binary: /bin/xprop,1,Normal
2026-09-25,15:28:16,Binary Scan,,Binary: /bin/xqxdecode,1,Normal
2026-09-25,15:28:16,Binary Scan,,Binary: /bin/xrandr,1,Normal
2026-09-25,15:28:16,Binary Scan,,Binary: /bin/xrdb,1,Normal
2026-09-25,15:28:16,Binary Scan,,Binary: /bin/xrefresh,1,Normal
2026-09-25,15:28:16,Binary Scan,,Binary: /bin/xset,1,Normal
2026-09-25,15:28:16,Binary Scan,,Binary: /bin/xsetmode,1,Normal
2026-09-25,15:28:16,Binary Scan,,Binary: /bin/xsetpointer,1,Normal
2026-09-25,15:28:16,Binary Scan,,Binary: /bin/xsetroot,1,Normal
2026-09-25,15:28:16,Binary Scan,,Binary: /bin/xstdcmap,1,Normal
2026-09-25,15:28:16,Binary Scan,,Binary: /bin/xsubpp,1,Normal
2026-09-25,15:28:16,Binary Scan,,Binary: /bin/xvidtune,1,Normal
2026-09-25,15:28:16,Binary Scan,,Binary: /bin/xvinfo,1,Normal
2026-09-25,15:28:16,Binary Scan,,Binary: /bin/xwininfo,1,Normal
2026-09-25,15:28:16,Binary Scan,,Binary: /bin/xxd,1,Normal
2026-09-25,15:28:16,Binary Scan,,Binary: /bin/xz,1,Normal
2026-09-25,15:28:16,Binary Scan,,Binary: /bin/xzcat,1,Normal
2026-09-25,15:28:16,Binary Scan,,Binary: /bin/xzcmp,1,Normal
2026-09-25,15:28:16,Binary Scan,,Binary: /bin/xzdiff,1,Normal
2026-09-25,15:28:16,Binary Scan,,Binary: /bin/xzegrep,1,Normal
2026-09-25,15:28:16,Binary Scan,,Binary: /bin/xzfgrep,1,Normal
2026-09-25,15:28:16,Binary Scan,,Binary: /bin/xzgrep,1,Normal
2026-09-25,15:28:16,Binary Scan,,Binary: /bin/xzless,1,Normal
2026-09-25,15:28:16,Binary Scan,,Binary: /bin/xzmore,1,Normal
2026-09-25,15:28:16,Binary Scan,,Binary: /bin/yelp,1,Normal
2026-09-25,15:28:16,Binary Scan,,Binary: /bin/yes,1,Normal
2026-09-25,15:28:16,Binary Scan,,Binary: /bin/ypdomainname,1,Normal
2026-09-25,15:28:16,Binary Scan,,Binary: /bin/zcat,1,Normal
2026-09-25,15:28:16,Binary Scan,,Binary: /bin/zcmp,1,Normal
2026-09-25,15:28:16,Binary Scan,,Binary: /bin/zdiff,1,Normal
2026-09-25,15:28:16,Binary Scan,,Binary: /bin/zdump,1,Normal
2026-09-25,15:28:16,Binary Scan,,Binary: /bin/zegrep,1,Normal
2026-09-25,15:28:16,Binary Scan,,Binary: /bin/zenity,1,Normal
2026-09-25,15:28:16,Binary Scan,,Binary: /bin/zfgrep,1,Normal
2026-09-25,15:28:16,Binary Scan,,Binary: /bin/zforce,1,Normal
2026-09-25,15:28:16,Binary Scan,,Binary: /bin/zgrep,1,Normal
2026-09-25,15:28:16,Binary Scan,,Binary: /bin/zip,1,Normal
2026-09-25,15:28:16,Binary Scan,,Binary: /bin/zipcloak,1,Normal
2026-09-25,15:28:16,Binary Scan,,Binary: /bin/zipdetails,1,Normal
2026-09-25,15:28:16,Binary Scan,,Binary: /bin/zipgrep,1,Normal
2026-09-25,15:28:16,Binary Scan,,Binary: /bin/zipinfo,1,Normal
2026-09-25,15:28:16,Binary Scan,,Binary: /bin/zipnote,1,Normal
2026-09-25,15:28:16,Binary Scan,,Binary: /bin/zipsplit,1,Normal
2026-09-25,15:28:16,Binary Scan,,Binary: /bin/zjsdecode,1,Normal
2026-09-25,15:28:16,Binary Scan,,Binary: /bin/zless,1,Normal
2026-09-25,15:28:16,Binary Scan,,Binary: /bin/zmore,1,Normal
2026-09-25,15:28:17,Binary Scan,,Binary: /bin/znew,1,Normal
2026-09-25,15:28:17,Binary Scan,,Binary: /bin/zstd,1,Normal
2026-09-25,15:28:17,Binary Scan,,Binary: /bin/zstdcat,1,Normal
2026-09-25,15:28:17,Binary Scan,,Binary: /bin/zstdgrep,1,Normal
2026-09-25,15:28:17,Binary Scan,,Binary: /bin/zstdless,1,Normal
2026-09-25,15:28:17,Binary Scan,,Binary: /bin/zstdmt,1,Normal
2026-09-25,15:28:17,Section Divider,,====,1,Normal
2026-09-25,15:28:17,Test,,Test: Checking binaries in directory /sbin,1,Normal
2026-09-25,15:28:17,General,,Directory /sbin exists. Starting directory scanning...,1,Normal
2026-09-25,15:28:17,Binary Scan,,Binary: /sbin/ModemManager,1,Normal
2026-09-25,15:28:17,Binary Scan,,Binary: /sbin/NetworkManager,1,Normal
2026-09-25,15:28:17,Binary Scan,,Binary: /sbin/VBoxService,1,Normal
2026-09-25,15:28:17,Binary Scan,,Binary: /sbin/aa-load,1,Normal
2026-09-25,15:28:17,Binary Scan,,Binary: /sbin/aa-remove-unknown,1,Normal
2026-09-25,15:28:17,Binary Scan,,Binary: /sbin/aa-status,1,Normal
2026-09-25,15:28:17,Binary Scan,,Binary: /sbin/aa-teardown,1,Normal
2026-09-25,15:28:17,Binary Scan,,Binary: /sbin/accessdb,1,Normal
2026-09-25,15:28:17,Binary Scan,,Binary: /sbin/add-shell,1,Normal
2026-09-25,15:28:17,Binary Scan,,Binary: /sbin/addgnupghome,1,Normal
2026-09-25,15:28:17,Binary Scan,,Binary: /sbin/addgroup,1,Normal
2026-09-25,15:28:17,Binary Scan,,Binary: /sbin/adduser,1,Normal
2026-09-25,15:28:17,Binary Scan,,Binary: /sbin/agetty,1,Normal
2026-09-25,15:28:17,Binary Scan,,Binary: /sbin/alsa,1,Normal
2026-09-25,15:28:17,Binary Scan,,Binary: /sbin/alsa-info,1,Normal
2026-09-25,15:28:17,Binary Scan,,Binary: /sbin/alsabat-test,1,Normal
2026-09-25,15:28:17,Binary Scan,,Binary: /sbin/alsactl,1,Normal
2026-09-25,15:28:17,Binary Scan,,Binary: /sbin/anacron,1,Normal
2026-09-25,15:28:17,Binary Scan,,Binary: /sbin/apparmor_parser,1,Normal
2026-09-25,15:28:17,Binary Scan,,Binary: /sbin/apparmor_status,1,Normal
2026-09-25,15:28:17,Binary Scan,,Binary: /sbin/applygnupgdefaults,1,Normal
2026-09-25,15:28:17,Binary Scan,,Binary: /sbin/aptd,1,Normal
2026-09-25,15:28:17,Binary Scan,,Binary: /sbin/argdist-bpfcc,1,Normal
2026-09-25,15:28:17,Binary Scan,,Binary: /sbin/arpd,1,Normal
2026-09-25,15:28:17,Binary Scan,,Binary: /sbin/arptables,1,Normal
2026-09-25,15:28:17,Binary Scan,,Binary: /sbin/arptables-nft,1,Normal
2026-09-25,15:28:17,Binary Scan,,Binary: /sbin/arptables-nft-restore,1,Normal
2026-09-25,15:28:17,Binary Scan,,Binary: /sbin/arptables-nft-save,1,Normal
2026-09-25,15:28:17,Binary Scan,,Binary: /sbin/arptables-restore,1,Normal
2026-09-25,15:28:17,Binary Scan,,Binary: /sbin/arptables-save,1,Normal
2026-09-25,15:28:17,Binary Scan,,Binary: /sbin/arptables-translate,1,Normal
2026-09-25,15:28:17,Binary Scan,,Binary: /sbin/aspell-autobuildhash,1,Normal
2026-09-25,15:28:17,Binary Scan,,Binary: /sbin/avahi-daemon,1,Normal
2026-09-25,15:28:17,Binary Scan,,Binary: /sbin/badblocks,1,Normal
2026-09-25,15:28:17,Binary Scan,,Binary: /sbin/bashreadline-bpfcc,1,Normal
2026-09-25,15:28:17,Binary Scan,,Binary: /sbin/bashreadline.bt,1,Normal
2026-09-25,15:28:17,Binary Scan,,Binary: /sbin/bindsnoop-bpfcc,1,Normal
2026-09-25,15:28:17,Binary Scan,,Binary: /sbin/biolatency-bpfcc,1,Normal
2026-09-25,15:28:17,Binary Scan,,Binary: /sbin/biolatency-kp.bt,1,Normal
2026-09-25,15:28:17,Binary Scan,,Binary: /sbin/biolatency.bt,1,Normal
2026-09-25,15:28:17,Binary Scan,,Binary: /sbin/biolatpcts-bpfcc,1,Normal
2026-09-25,15:28:17,Binary Scan,,Binary: /sbin/biopattern-bpfcc,1,Normal
2026-09-25,15:28:17,Binary Scan,,Binary: /sbin/biosdecode,1,Normal
2026-09-25,15:28:17,Binary Scan,,Binary: /sbin/biosnoop-bpfcc,1,Normal
2026-09-25,15:28:17,Binary Scan,,Binary: /sbin/biosnoop.bt,1,Normal
2026-09-25,15:28:17,Binary Scan,,Binary: /sbin/biostacks.bt,1,Normal
2026-09-25,15:28:17,Binary Scan,,Binary: /sbin/biotop-bpfcc,1,Normal
2026-09-25,15:28:17,Binary Scan,,Binary: /sbin/bitesize-bpfcc,1,Normal
2026-09-25,15:28:17,Binary Scan,,Binary: /sbin/bitesize.bt,1,Normal
2026-09-25,15:28:17,Binary Scan,,Binary: /sbin/blkdeactivate,1,Normal
2026-09-25,15:28:18,Binary Scan,,Binary: /sbin/blkdiscard,1,Normal
2026-09-25,15:28:18,Binary Scan,,Binary: /sbin/blkid,1,Normal
2026-09-25,15:28:18,Binary Scan,,Binary: /sbin/blockdev,1,Normal
2026-09-25,15:28:18,Binary Scan,,Binary: /sbin/bluetoothd,1,Normal
2026-09-25,15:28:18,Binary Scan,,Binary: /sbin/bpflist-bpfcc,1,Normal
2026-09-25,15:28:18,Binary Scan,,Binary: /sbin/bpftool,1,Normal
2026-09-25,15:28:18,Binary Scan,,Binary: /sbin/bridge,1,Normal
2026-09-25,15:28:18,Binary Scan,,Binary: /sbin/brltty-setup,1,Normal
2026-09-25,15:28:18,Binary Scan,,Binary: /sbin/btrfsdist-bpfcc,1,Normal
2026-09-25,15:28:18,Binary Scan,,Binary: /sbin/btrfsslower-bpfcc,1,Normal
2026-09-25,15:28:18,Binary Scan,,Binary: /sbin/cachestat-bpfcc,1,Normal
2026-09-25,15:28:18,Binary Scan,,Binary: /sbin/cachetop-bpfcc,1,Normal
2026-09-25,15:28:18,Binary Scan,,Binary: /sbin/capable-bpfcc,1,Normal
2026-09-25,15:28:18,Binary Scan,,Binary: /sbin/capable.bt,1,Normal
2026-09-25,15:28:18,Binary Scan,,Binary: /sbin/capsh,1,Normal
2026-09-25,15:28:18,Binary Scan,,Binary: /sbin/cfdisk,1,Normal
2026-09-25,15:28:18,Binary Scan,,Binary: /sbin/cgdisk,1,Normal
2026-09-25,15:28:18,Binary Scan,,Binary: /sbin/chat,1,Normal
2026-09-25,15:28:18,Binary Scan,,Binary: /sbin/chgpasswd,1,Normal
2026-09-25,15:28:18,Binary Scan,,Binary: /sbin/chpasswd,1,Normal
2026-09-25,15:28:18,Binary Scan,,Binary: /sbin/chronyd,1,Normal
2026-09-25,15:28:18,Binary Scan,,Binary: /sbin/cobjnew-bpfcc,1,Normal
2026-09-25,15:28:18,Binary Scan,,Binary: /sbin/coldreboot,1,Normal
2026-09-25,15:28:18,Binary Scan,,Binary: /sbin/compactsnoop-bpfcc,1,Normal
2026-09-25,15:28:18,Binary Scan,,Binary: /sbin/cpudist-bpfcc,1,Normal
2026-09-25,15:28:18,Binary Scan,,Binary: /sbin/cpuunclaimed-bpfcc,1,Normal
2026-09-25,15:28:18,Binary Scan,,Binary: /sbin/cpuwalk.bt,1,Normal
2026-09-25,15:28:18,Binary Scan,,Binary: /sbin/cracklib-check,1,Normal
2026-09-25,15:28:18,Binary Scan,,Binary: /sbin/cracklib-format,1,Normal
2026-09-25,15:28:18,Binary Scan,,Binary: /sbin/cracklib-packer,1,Normal
2026-09-25,15:28:18,Binary Scan,,Binary: /sbin/cracklib-unpacker,1,Normal
2026-09-25,15:28:18,Binary Scan,,Binary: /sbin/create-cracklib-dict,1,Normal
2026-09-25,15:28:18,Binary Scan,,Binary: /sbin/criticalstat-bpfcc,1,Normal
2026-09-25,15:28:18,Binary Scan,,Binary: /sbin/cron,1,Normal
2026-09-25,15:28:18,Binary Scan,,Binary: /sbin/cups-browsed,1,Normal
2026-09-25,15:28:18,Binary Scan,,Binary: /sbin/cupsaccept,1,Normal
2026-09-25,15:28:18,Binary Scan,,Binary: /sbin/cupsctl,1,Normal
2026-09-25,15:28:18,Binary Scan,,Binary: /sbin/cupsd,1,Normal
2026-09-25,15:28:18,Binary Scan,,Binary: /sbin/cupsdisable,1,Normal
2026-09-25,15:28:18,Binary Scan,,Binary: /sbin/cupsenable,1,Normal
2026-09-25,15:28:18,Binary Scan,,Binary: /sbin/cupsfilter,1,Normal
2026-09-25,15:28:18,Binary Scan,,Binary: /sbin/cupsreject,1,Normal
2026-09-25,15:28:18,Binary Scan,,Binary: /sbin/dbslower-bpfcc,1,Normal
2026-09-25,15:28:18,Binary Scan,,Binary: /sbin/dbstat-bpfcc,1,Normal
2026-09-25,15:28:18,Binary Scan,,Binary: /sbin/dcb,1,Normal
2026-09-25,15:28:18,Binary Scan,,Binary: /sbin/dcsnoop-bpfcc,1,Normal
2026-09-25,15:28:18,Binary Scan,,Binary: /sbin/dcsnoop.bt,1,Normal
2026-09-25,15:28:18,Binary Scan,,Binary: /sbin/dcstat-bpfcc,1,Normal
2026-09-25,15:28:18,Binary Scan,,Binary: /sbin/deadlock-bpfcc,1,Normal
2026-09-25,15:28:18,Binary Scan,,Binary: /sbin/debugfs,1,Normal
2026-09-25,15:28:18,Binary Scan,,Binary: /sbin/delgroup,1,Normal
2026-09-25,15:28:18,Binary Scan,,Binary: /sbin/deluser,1,Normal
2026-09-25,15:28:18,Binary Scan,,Binary: /sbin/depmod,1,Normal
2026-09-25,15:28:18,Binary Scan,,Binary: /sbin/devlink,1,Normal
2026-09-25,15:28:18,Binary Scan,,Binary: /sbin/dhcpcd,1,Normal
2026-09-25,15:28:18,Binary Scan,,Binary: /sbin/dirtop-bpfcc,1,Normal
2026-09-25,15:28:18,Binary Scan,,Binary: /sbin/dkms,1,Normal
2026-09-25,15:28:18,Binary Scan,,Binary: /sbin/dmidecode,1,Normal
2026-09-25,15:28:18,Binary Scan,,Binary: /sbin/dmsetup,1,Normal
2026-09-25,15:28:18,Binary Scan,,Binary: /sbin/dmstats,1,Normal
2026-09-25,15:28:18,Binary Scan,,Binary: /sbin/dnsmasq,1,Normal
2026-09-25,15:28:18,Binary Scan,,Binary: /sbin/dosfsck,1,Normal
2026-09-25,15:28:18,Binary Scan,,Binary: /sbin/dosfslabel,1,Normal
2026-09-25,15:28:18,Binary Scan,,Binary: /sbin/dpkg-preconfigure,1,Normal
2026-09-25,15:28:18,Binary Scan,,Binary: /sbin/dpkg-reconfigure,1,Normal
2026-09-25,15:28:18,Binary Scan,,Binary: /sbin/dpll,1,Normal
2026-09-25,15:28:18,Binary Scan,,Binary: /sbin/drsnoop-bpfcc,1,Normal
2026-09-25,15:28:18,Binary Scan,,Binary: /sbin/dump.exfat,1,Normal
2026-09-25,15:28:18,Binary Scan,,Binary: /sbin/dumpe2fs,1,Normal
2026-09-25,15:28:18,Binary Scan,,Binary: /sbin/e2freefrag,1,Normal
2026-09-25,15:28:18,Binary Scan,,Binary: /sbin/e2fsck,1,Normal
2026-09-25,15:28:18,Binary Scan,,Binary: /sbin/e2image,1,Normal
2026-09-25,15:28:18,Binary Scan,,Binary: /sbin/e2label,1,Normal
2026-09-25,15:28:18,Binary Scan,,Binary: /sbin/e2mmpstatus,1,Normal
2026-09-25,15:28:19,Binary Scan,,Binary: /sbin/e2scrub,1,Normal
2026-09-25,15:28:19,Binary Scan,,Binary: /sbin/e2scrub_all,1,Normal
2026-09-25,15:28:19,Binary Scan,,Binary: /sbin/e2undo,1,Normal
2026-09-25,15:28:19,Binary Scan,,Binary: /sbin/e4crypt,1,Normal
2026-09-25,15:28:19,Binary Scan,,Binary: /sbin/e4defrag,1,Normal
2026-09-25,15:28:19,Binary Scan,,Binary: /sbin/ebtables,1,Normal
2026-09-25,15:28:19,Binary Scan,,Binary: /sbin/ebtables-nft,1,Normal
2026-09-25,15:28:19,Binary Scan,,Binary: /sbin/ebtables-nft-restore,1,Normal
2026-09-25,15:28:19,Binary Scan,,Binary: /sbin/ebtables-nft-save,1,Normal
2026-09-25,15:28:19,Binary Scan,,Binary: /sbin/ebtables-restore,1,Normal
2026-09-25,15:28:19,Binary Scan,,Binary: /sbin/ebtables-save,1,Normal
2026-09-25,15:28:19,Binary Scan,,Binary: /sbin/ebtables-translate,1,Normal
2026-09-25,15:28:19,Binary Scan,,Binary: /sbin/ethtool,1,Normal
2026-09-25,15:28:19,Binary Scan,,Binary: /sbin/execsnoop-bpfcc,1,Normal
2026-09-25,15:28:19,Binary Scan,,Binary: /sbin/execsnoop.bt,1,Normal
2026-09-25,15:28:19,Binary Scan,,Binary: /sbin/exfat2img,1,Normal
2026-09-25,15:28:19,Binary Scan,,Binary: /sbin/exfatlabel,1,Normal
2026-09-25,15:28:19,Binary Scan,,Binary: /sbin/exitsnoop-bpfcc,1,Normal
2026-09-25,15:28:19,Binary Scan,,Binary: /sbin/ext4dist-bpfcc,1,Normal
2026-09-25,15:28:19,Binary Scan,,Binary: /sbin/ext4slower-bpfcc,1,Normal
2026-09-25,15:28:19,Binary Scan,,Binary: /sbin/f2fsslower-bpfcc,1,Normal
2026-09-25,15:28:19,Binary Scan,,Binary: /sbin/faillock,1,Normal
2026-09-25,15:28:19,Binary Scan,,Binary: /sbin/fatlabel,1,Normal
2026-09-25,15:28:19,Binary Scan,,Binary: /sbin/fdisk,1,Normal
2026-09-25,15:28:19,Binary Scan,,Binary: /sbin/filefrag,1,Normal
2026-09-25,15:28:19,Binary Scan,,Binary: /sbin/filegone-bpfcc,1,Normal
2026-09-25,15:28:19,Binary Scan,,Binary: /sbin/filelife-bpfcc,1,Normal
2026-09-25,15:28:19,Binary Scan,,Binary: /sbin/fileslower-bpfcc,1,Normal
2026-09-25,15:28:19,Binary Scan,,Binary: /sbin/filetop-bpfcc,1,Normal
2026-09-25,15:28:19,Binary Scan,,Binary: /sbin/findfs,1,Normal
2026-09-25,15:28:19,Binary Scan,,Binary: /sbin/fixparts,1,Normal
2026-09-25,15:28:19,Binary Scan,,Binary: /sbin/fsck,1,Normal
2026-09-25,15:28:19,Binary Scan,,Binary: /sbin/fsck.exfat,1,Normal
2026-09-25,15:28:19,Binary Scan,,Binary: /sbin/fsck.ext2,1,Normal
2026-09-25,15:28:19,Binary Scan,,Binary: /sbin/fsck.ext3,1,Normal
2026-09-25,15:28:19,Binary Scan,,Binary: /sbin/fsck.ext4,1,Normal
2026-09-25,15:28:19,Binary Scan,,Binary: /sbin/fsck.fat,1,Normal
2026-09-25,15:28:19,Binary Scan,,Binary: /sbin/fsck.msdos,1,Normal
2026-09-25,15:28:19,Binary Scan,,Binary: /sbin/fsck.vfat,1,Normal
2026-09-25,15:28:19,Binary Scan,,Binary: /sbin/fsfreeze,1,Normal
2026-09-25,15:28:19,Binary Scan,,Binary: /sbin/fstab-decode,1,Normal
2026-09-25,15:28:19,Binary Scan,,Binary: /sbin/fstrim,1,Normal
2026-09-25,15:28:19,Binary Scan,,Binary: /sbin/funccount-bpfcc,1,Normal
2026-09-25,15:28:19,Binary Scan,,Binary: /sbin/funcinterval-bpfcc,1,Normal
2026-09-25,15:28:19,Binary Scan,,Binary: /sbin/funclatency-bpfcc,1,Normal
2026-09-25,15:28:19,Binary Scan,,Binary: /sbin/funcslower-bpfcc,1,Normal
2026-09-25,15:28:19,Binary Scan,,Binary: /sbin/gdisk,1,Normal
2026-09-25,15:28:19,Binary Scan,,Binary: /sbin/gdm3,1,Normal
2026-09-25,15:28:19,Binary Scan,,Binary: /sbin/genl,1,Normal
2026-09-25,15:28:19,Binary Scan,,Binary: /sbin/getcap,1,Normal
2026-09-25,15:28:19,Binary Scan,,Binary: /sbin/gethostlatency-bpfcc,1,Normal
2026-09-25,15:28:19,Binary Scan,,Binary: /sbin/gethostlatency.bt,1,Normal
2026-09-25,15:28:19,Binary Scan,,Binary: /sbin/getpcaps,1,Normal
2026-09-25,15:28:19,Binary Scan,,Binary: /sbin/getty,1,Normal
2026-09-25,15:28:19,Binary Scan,,Binary: /sbin/getweb,1,Normal
2026-09-25,15:28:19,Binary Scan,,Binary: /sbin/gnome-menus-blacklist,1,Normal
2026-09-25,15:28:19,Binary Scan,,Binary: /sbin/gnuchroot,1,Normal
2026-09-25,15:28:19,Binary Scan,,Binary: /sbin/groupadd,1,Normal
2026-09-25,15:28:19,Binary Scan,,Binary: /sbin/groupdel,1,Normal
2026-09-25,15:28:19,Binary Scan,,Binary: /sbin/groupmod,1,Normal
2026-09-25,15:28:19,Binary Scan,,Binary: /sbin/grpck,1,Normal
2026-09-25,15:28:19,Binary Scan,,Binary: /sbin/grpconv,1,Normal
2026-09-25,15:28:19,Binary Scan,,Binary: /sbin/grpunconv,1,Normal
2026-09-25,15:28:19,Binary Scan,,Binary: /sbin/grub-bios-setup,1,Normal
2026-09-25,15:28:19,Binary Scan,,Binary: /sbin/grub-install,1,Normal
2026-09-25,15:28:19,Binary Scan,,Binary: /sbin/grub-macbless,1,Normal
2026-09-25,15:28:19,Binary Scan,,Binary: /sbin/grub-mkconfig,1,Normal
2026-09-25,15:28:19,Binary Scan,,Binary: /sbin/grub-mkdevicemap,1,Normal
2026-09-25,15:28:19,Binary Scan,,Binary: /sbin/grub-probe,1,Normal
2026-09-25,15:28:19,Binary Scan,,Binary: /sbin/grub-reboot,1,Normal
2026-09-25,15:28:19,Binary Scan,,Binary: /sbin/grub-set-default,1,Normal
2026-09-25,15:28:19,Binary Scan,,Binary: /sbin/halt,1,Normal
2026-09-25,15:28:19,Binary Scan,,Binary: /sbin/hardirqs-bpfcc,1,Normal
2026-09-25,15:28:19,Binary Scan,,Binary: /sbin/hdparm,1,Normal
2026-09-25,15:28:19,Binary Scan,,Binary: /sbin/iconvconfig,1,Normal
2026-09-25,15:28:20,Binary Scan,,Binary: /sbin/init,1,Normal
2026-09-25,15:28:20,Binary Scan,,Binary: /sbin/inject-bpfcc,1,Normal
2026-09-25,15:28:20,Binary Scan,,Binary: /sbin/insmod,1,Normal
2026-09-25,15:28:20,Binary Scan,,Binary: /sbin/install-sgmlcatalog,1,Normal
2026-09-25,15:28:20,Binary Scan,,Binary: /sbin/installkernel,1,Normal
2026-09-25,15:28:20,Binary Scan,,Binary: /sbin/invoke-rc.d,1,Normal
2026-09-25,15:28:20,Binary Scan,,Binary: /sbin/ip,1,Normal
2026-09-25,15:28:20,Binary Scan,,Binary: /sbin/ip6tables,1,Normal
2026-09-25,15:28:20,Binary Scan,,Binary: /sbin/ip6tables-apply,1,Normal
2026-09-25,15:28:20,Binary Scan,,Binary: /sbin/ip6tables-legacy,1,Normal
2026-09-25,15:28:20,Binary Scan,,Binary: /sbin/ip6tables-legacy-restore,1,Normal
2026-09-25,15:28:20,Binary Scan,,Binary: /sbin/ip6tables-legacy-save,1,Normal
2026-09-25,15:28:20,Binary Scan,,Binary: /sbin/ip6tables-nft,1,Normal
2026-09-25,15:28:20,Binary Scan,,Binary: /sbin/ip6tables-nft-restore,1,Normal
2026-09-25,15:28:20,Binary Scan,,Binary: /sbin/ip6tables-nft-save,1,Normal
2026-09-25,15:28:20,Binary Scan,,Binary: /sbin/ip6tables-restore,1,Normal
2026-09-25,15:28:20,Binary Scan,,Binary: /sbin/ip6tables-restore-translate,1,Normal
2026-09-25,15:28:20,Binary Scan,,Binary: /sbin/ip6tables-save,1,Normal
2026-09-25,15:28:20,Binary Scan,,Binary: /sbin/ip6tables-translate,1,Normal
2026-09-25,15:28:20,Binary Scan,,Binary: /sbin/ipp-usb,1,Normal
2026-09-25,15:28:20,Binary Scan,,Binary: /sbin/ippevepcl,1,Normal
2026-09-25,15:28:20,Binary Scan,,Binary: /sbin/ippeveprinter,1,Normal
2026-09-25,15:28:20,Binary Scan,,Binary: /sbin/ippeveps,1,Normal
2026-09-25,15:28:20,Binary Scan,,Binary: /sbin/iptables,1,Normal
2026-09-25,15:28:20,Binary Scan,,Binary: /sbin/iptables-apply,1,Normal
2026-09-25,15:28:20,Binary Scan,,Binary: /sbin/iptables-legacy,1,Normal
2026-09-25,15:28:20,Binary Scan,,Binary: /sbin/iptables-legacy-restore,1,Normal
2026-09-25,15:28:20,Binary Scan,,Binary: /sbin/iptables-legacy-save,1,Normal
2026-09-25,15:28:20,Binary Scan,,Binary: /sbin/iptables-nft,1,Normal
2026-09-25,15:28:20,Binary Scan,,Binary: /sbin/iptables-nft-restore,1,Normal
2026-09-25,15:28:20,Binary Scan,,Binary: /sbin/iptables-nft-save,1,Normal
2026-09-25,15:28:20,Binary Scan,,Binary: /sbin/iptables-restore,1,Normal
2026-09-25,15:28:20,Binary Scan,,Binary: /sbin/iptables-restore-translate,1,Normal
2026-09-25,15:28:20,Binary Scan,,Binary: /sbin/iptables-save,1,Normal
2026-09-25,15:28:20,Binary Scan,,Binary: /sbin/iptables-translate,1,Normal
2026-09-25,15:28:20,Binary Scan,,Binary: /sbin/ispell-autobuildhash,1,Normal
2026-09-25,15:28:20,Binary Scan,,Binary: /sbin/iucode-tool,1,Normal
2026-09-25,15:28:20,Binary Scan,,Binary: /sbin/iucode_tool,1,Normal
2026-09-25,15:28:20,Binary Scan,,Binary: /sbin/iw,1,Normal
2026-09-25,15:28:20,Binary Scan,,Binary: /sbin/javacalls-bpfcc,1,Normal
2026-09-25,15:28:20,Binary Scan,,Binary: /sbin/javaflow-bpfcc,1,Normal
2026-09-25,15:28:20,Binary Scan,,Binary: /sbin/javagc-bpfcc,1,Normal
2026-09-25,15:28:20,Binary Scan,,Binary: /sbin/javaobjnew-bpfcc,1,Normal
2026-09-25,15:28:20,Binary Scan,,Binary: /sbin/javastat-bpfcc,1,Normal
2026-09-25,15:28:20,Binary Scan,,Binary: /sbin/javathreads-bpfcc,1,Normal
2026-09-25,15:28:20,Binary Scan,,Binary: /sbin/kbdrate,1,Normal
2026-09-25,15:28:20,Binary Scan,,Binary: /sbin/kdump-config,1,Normal
2026-09-25,15:28:20,Binary Scan,,Binary: /sbin/kexec,1,Normal
2026-09-25,15:28:20,Binary Scan,,Binary: /sbin/kexec-load-kernel,1,Normal
2026-09-25,15:28:20,Binary Scan,,Binary: /sbin/killall5,1,Normal
2026-09-25,15:28:20,Binary Scan,,Binary: /sbin/killsnoop-bpfcc,1,Normal
2026-09-25,15:28:20,Binary Scan,,Binary: /sbin/killsnoop.bt,1,Normal
2026-09-25,15:28:20,Binary Scan,,Binary: /sbin/klockstat-bpfcc,1,Normal
2026-09-25,15:28:20,Binary Scan,,Binary: /sbin/kvmexit-bpfcc,1,Normal
2026-09-25,15:28:20,Binary Scan,,Binary: /sbin/ldconfig,1,Normal
2026-09-25,15:28:20,Binary Scan,,Binary: /sbin/llcstat-bpfcc,1,Normal
2026-09-25,15:28:20,Binary Scan,,Binary: /sbin/loads.bt,1,Normal
2026-09-25,15:28:20,Binary Scan,,Binary: /sbin/locale-gen,1,Normal
2026-09-25,15:28:20,Binary Scan,,Binary: /sbin/logrotate,1,Normal
2026-09-25,15:28:20,Binary Scan,,Binary: /sbin/logsave,1,Normal
2026-09-25,15:28:20,Binary Scan,,Binary: /sbin/losetup,1,Normal
2026-09-25,15:28:20,Binary Scan,,Binary: /sbin/lpadmin,1,Normal
2026-09-25,15:28:20,Binary Scan,,Binary: /sbin/lpc,1,Normal
2026-09-25,15:28:20,Binary Scan,,Binary: /sbin/lpinfo,1,Normal
2026-09-25,15:28:20,Binary Scan,,Binary: /sbin/lpmove,1,Normal
2026-09-25,15:28:20,Binary Scan,,Binary: /sbin/lsmod,1,Normal
2026-09-25,15:28:20,Binary Scan,,Binary: /sbin/lspcmcia,1,Normal
2026-09-25,15:28:20,Binary Scan,,Binary: /sbin/lynis,1,Normal
2026-09-25,15:28:20,Binary Scan,,Binary: /sbin/make-ssl-cert,1,Normal
2026-09-25,15:28:20,Binary Scan,,Binary: /sbin/mdflush-bpfcc,1,Normal
2026-09-25,15:28:20,Binary Scan,,Binary: /sbin/mdflush.bt,1,Normal
2026-09-25,15:28:20,Binary Scan,,Binary: /sbin/memleak-bpfcc,1,Normal
2026-09-25,15:28:20,Binary Scan,,Binary: /sbin/mkdosfs,1,Normal
2026-09-25,15:28:21,Binary Scan,,Binary: /sbin/mke2fs,1,Normal
2026-09-25,15:28:21,Binary Scan,,Binary: /sbin/mkfs,1,Normal
2026-09-25,15:28:21,Binary Scan,,Binary: /sbin/mkfs.exfat,1,Normal
2026-09-25,15:28:21,Binary Scan,,Binary: /sbin/mkfs.ext2,1,Normal
2026-09-25,15:28:21,Binary Scan,,Binary: /sbin/mkfs.ext3,1,Normal
2026-09-25,15:28:21,Binary Scan,,Binary: /sbin/mkfs.ext4,1,Normal
2026-09-25,15:28:21,Binary Scan,,Binary: /sbin/mkfs.fat,1,Normal
2026-09-25,15:28:21,Binary Scan,,Binary: /sbin/mkfs.msdos,1,Normal
2026-09-25,15:28:21,Binary Scan,,Binary: /sbin/mkfs.ntfs,1,Normal
2026-09-25,15:28:21,Binary Scan,,Binary: /sbin/mkfs.vfat,1,Normal
2026-09-25,15:28:21,Binary Scan,,Binary: /sbin/mkhomedir_helper,1,Normal
2026-09-25,15:28:21,Binary Scan,,Binary: /sbin/mkinitramfs,1,Normal
2026-09-25,15:28:21,Binary Scan,,Binary: /sbin/mklost+found,1,Normal
2026-09-25,15:28:21,Binary Scan,,Binary: /sbin/mkntfs,1,Normal
2026-09-25,15:28:21,Binary Scan,,Binary: /sbin/mkswap,1,Normal
2026-09-25,15:28:21,Binary Scan,,Binary: /sbin/modinfo,1,Normal
2026-09-25,15:28:21,Binary Scan,,Binary: /sbin/modprobe,1,Normal
2026-09-25,15:28:21,Binary Scan,,Binary: /sbin/mount.fuse,1,Normal
2026-09-25,15:28:21,Binary Scan,,Binary: /sbin/mount.fuse3,1,Normal
2026-09-25,15:28:21,Binary Scan,,Binary: /sbin/mount.lowntfs-3g,1,Normal
2026-09-25,15:28:21,Binary Scan,,Binary: /sbin/mount.ntfs,1,Normal
2026-09-25,15:28:21,Binary Scan,,Binary: /sbin/mount.ntfs-3g,1,Normal
2026-09-25,15:28:21,Binary Scan,,Binary: /sbin/mount.vboxsf,1,Normal
2026-09-25,15:28:21,Binary Scan,,Binary: /sbin/mountsnoop-bpfcc,1,Normal
2026-09-25,15:28:21,Binary Scan,,Binary: /sbin/mptcpify-bpfcc,1,Normal
2026-09-25,15:28:21,Binary Scan,,Binary: /sbin/mysqld_qslower-bpfcc,1,Normal
2026-09-25,15:28:21,Binary Scan,,Binary: /sbin/naptime.bt,1,Normal
2026-09-25,15:28:21,Binary Scan,,Binary: /sbin/netplan,1,Normal
2026-09-25,15:28:21,Binary Scan,,Binary: /sbin/netqtop-bpfcc,1,Normal
2026-09-25,15:28:21,Binary Scan,,Binary: /sbin/newusers,1,Normal
2026-09-25,15:28:21,Binary Scan,,Binary: /sbin/nfnl_osf,1,Normal
2026-09-25,15:28:21,Binary Scan,,Binary: /sbin/nfsdist-bpfcc,1,Normal
2026-09-25,15:28:21,Binary Scan,,Binary: /sbin/nfsslower-bpfcc,1,Normal
2026-09-25,15:28:21,Binary Scan,,Binary: /sbin/nft,1,Normal
2026-09-25,15:28:21,Binary Scan,,Binary: /sbin/nodegc-bpfcc,1,Normal
2026-09-25,15:28:21,Binary Scan,,Binary: /sbin/nodestat-bpfcc,1,Normal
2026-09-25,15:28:21,Binary Scan,,Binary: /sbin/nologin,1,Normal
2026-09-25,15:28:21,Binary Scan,,Binary: /sbin/ntfsclone,1,Normal
2026-09-25,15:28:21,Binary Scan,,Binary: /sbin/ntfscp,1,Normal
2026-09-25,15:28:21,Binary Scan,,Binary: /sbin/ntfslabel,1,Normal
2026-09-25,15:28:21,Binary Scan,,Binary: /sbin/ntfsresize,1,Normal
2026-09-25,15:28:21,Binary Scan,,Binary: /sbin/ntfsundelete,1,Normal
2026-09-25,15:28:21,Binary Scan,,Binary: /sbin/numasched-bpfcc,1,Normal
2026-09-25,15:28:21,Binary Scan,,Binary: /sbin/offcputime-bpfcc,1,Normal
2026-09-25,15:28:21,Binary Scan,,Binary: /sbin/offwaketime-bpfcc,1,Normal
2026-09-25,15:28:21,Binary Scan,,Binary: /sbin/on_ac_power,1,Normal
2026-09-25,15:28:21,Binary Scan,,Binary: /sbin/oomkill-bpfcc,1,Normal
2026-09-25,15:28:21,Binary Scan,,Binary: /sbin/oomkill.bt,1,Normal
2026-09-25,15:28:21,Binary Scan,,Binary: /sbin/opensnoop-bpfcc,1,Normal
2026-09-25,15:28:21,Binary Scan,,Binary: /sbin/opensnoop.bt,1,Normal
2026-09-25,15:28:21,Binary Scan,,Binary: /sbin/openvpn,1,Normal
2026-09-25,15:28:21,Binary Scan,,Binary: /sbin/ownership,1,Normal
2026-09-25,15:28:21,Binary Scan,,Binary: /sbin/pam-auth-update,1,Normal
2026-09-25,15:28:21,Binary Scan,,Binary: /sbin/pam_extrausers_chkpwd,1,Normal
2026-09-25,15:28:21,Binary Scan,,Binary: /sbin/pam_extrausers_update,1,Normal
2026-09-25,15:28:21,Binary Scan,,Binary: /sbin/pam_getenv,1,Normal
2026-09-25,15:28:21,Binary Scan,,Binary: /sbin/pam_namespace_helper,1,Normal
2026-09-25,15:28:21,Binary Scan,,Binary: /sbin/pam_timestamp_check,1,Normal
2026-09-25,15:28:21,Binary Scan,,Binary: /sbin/paperconfig,1,Normal
2026-09-25,15:28:21,Binary Scan,,Binary: /sbin/parted,1,Normal
2026-09-25,15:28:21,Binary Scan,,Binary: /sbin/partprobe,1,Normal
2026-09-25,15:28:21,Binary Scan,,Binary: /sbin/pccardctl,1,Normal
2026-09-25,15:28:21,Binary Scan,,Binary: /sbin/perlcalls-bpfcc,1,Normal
2026-09-25,15:28:21,Binary Scan,,Binary: /sbin/perlflow-bpfcc,1,Normal
2026-09-25,15:28:21,Binary Scan,,Binary: /sbin/perlstat-bpfcc,1,Normal
2026-09-25,15:28:21,Binary Scan,,Binary: /sbin/phpcalls-bpfcc,1,Normal
2026-09-25,15:28:21,Binary Scan,,Binary: /sbin/phpflow-bpfcc,1,Normal
2026-09-25,15:28:21,Binary Scan,,Binary: /sbin/phpstat-bpfcc,1,Normal
2026-09-25,15:28:21,Binary Scan,,Binary: /sbin/pidpersec-bpfcc,1,Normal
2026-09-25,15:28:21,Binary Scan,,Binary: /sbin/pidpersec.bt,1,Normal
2026-09-25,15:28:21,Binary Scan,,Binary: /sbin/plymouthd,1,Normal
2026-09-25,15:28:21,Binary Scan,,Binary: /sbin/poweroff,1,Normal
2026-09-25,15:28:21,Binary Scan,,Binary: /sbin/ppchcalls-bpfcc,1,Normal
2026-09-25,15:28:21,Binary Scan,,Binary: /sbin/pppd,1,Normal
2026-09-25,15:28:22,Binary Scan,,Binary: /sbin/pppdump,1,Normal
2026-09-25,15:28:22,Binary Scan,,Binary: /sbin/pppoe-discovery,1,Normal
2026-09-25,15:28:22,Binary Scan,,Binary: /sbin/pppstats,1,Normal
2026-09-25,15:28:22,Binary Scan,,Binary: /sbin/pptp,1,Normal
2026-09-25,15:28:22,Binary Scan,,Binary: /sbin/pptpsetup,1,Normal
2026-09-25,15:28:22,Binary Scan,,Binary: /sbin/profile-bpfcc,1,Normal
2026-09-25,15:28:22,Binary Scan,,Binary: /sbin/pwck,1,Normal
2026-09-25,15:28:22,Binary Scan,,Binary: /sbin/pwconv,1,Normal
2026-09-25,15:28:22,Binary Scan,,Binary: /sbin/pwhistory_helper,1,Normal
2026-09-25,15:28:22,Binary Scan,,Binary: /sbin/pwunconv,1,Normal
2026-09-25,15:28:22,Binary Scan,,Binary: /sbin/pythoncalls-bpfcc,1,Normal
2026-09-25,15:28:22,Binary Scan,,Binary: /sbin/pythonflow-bpfcc,1,Normal
2026-09-25,15:28:22,Binary Scan,,Binary: /sbin/pythongc-bpfcc,1,Normal
2026-09-25,15:28:22,Binary Scan,,Binary: /sbin/pythonstat-bpfcc,1,Normal
2026-09-25,15:28:22,Binary Scan,,Binary: /sbin/rcvboxadd,1,Normal
2026-09-25,15:28:22,Binary Scan,,Binary: /sbin/rcvboxadd-service,1,Normal
2026-09-25,15:28:22,Binary Scan,,Binary: /sbin/rdmaucma-bpfcc,1,Normal
2026-09-25,15:28:22,Binary Scan,,Binary: /sbin/readahead-bpfcc,1,Normal
2026-09-25,15:28:22,Binary Scan,,Binary: /sbin/readprofile,1,Normal
2026-09-25,15:28:22,Binary Scan,,Binary: /sbin/reboot,1,Normal
2026-09-25,15:28:22,Binary Scan,,Binary: /sbin/remove-default-ispell,1,Normal
2026-09-25,15:28:22,Binary Scan,,Binary: /sbin/remove-default-wordlist,1,Normal
2026-09-25,15:28:22,Binary Scan,,Binary: /sbin/remove-shell,1,Normal
2026-09-25,15:28:22,Binary Scan,,Binary: /sbin/reset-trace-bpfcc,1,Normal
2026-09-25,15:28:22,Binary Scan,,Binary: /sbin/resize2fs,1,Normal
2026-09-25,15:28:22,Binary Scan,,Binary: /sbin/resolvconf,1,Normal
2026-09-25,15:28:22,Binary Scan,,Binary: /sbin/rfkill,1,Normal
2026-09-25,15:28:22,Binary Scan,,Binary: /sbin/rmmod,1,Normal
2026-09-25,15:28:22,Binary Scan,,Binary: /sbin/rmt,1,Normal
2026-09-25,15:28:22,Binary Scan,,Binary: /sbin/rmt-tar,1,Normal
2026-09-25,15:28:22,Binary Scan,,Binary: /sbin/rsyslogd,1,Normal
2026-09-25,15:28:22,Binary Scan,,Binary: /sbin/rtacct,1,Normal
2026-09-25,15:28:22,Binary Scan,,Binary: /sbin/rtcwake,1,Normal
2026-09-25,15:28:22,Binary Scan,,Binary: /sbin/rtkitctl,1,Normal
2026-09-25,15:28:22,Binary Scan,,Binary: /sbin/rtmon,1,Normal
2026-09-25,15:28:22,Binary Scan,,Binary: /sbin/rubycalls-bpfcc,1,Normal
2026-09-25,15:28:22,Binary Scan,,Binary: /sbin/rubyflow-bpfcc,1,Normal
2026-09-25,15:28:22,Binary Scan,,Binary: /sbin/rubygc-bpfcc,1,Normal
2026-09-25,15:28:22,Binary Scan,,Binary: /sbin/rubyobjnew-bpfcc,1,Normal
2026-09-25,15:28:22,Binary Scan,,Binary: /sbin/rubystat-bpfcc,1,Normal
2026-09-25,15:28:22,Binary Scan,,Binary: /sbin/runqlat-bpfcc,1,Normal
2026-09-25,15:28:22,Binary Scan,,Binary: /sbin/runqlat.bt,1,Normal
2026-09-25,15:28:22,Binary Scan,,Binary: /sbin/runqlen-bpfcc,1,Normal
2026-09-25,15:28:22,Binary Scan,,Binary: /sbin/runqlen.bt,1,Normal
2026-09-25,15:28:22,Binary Scan,,Binary: /sbin/runqslower-bpfcc,1,Normal
2026-09-25,15:28:22,Binary Scan,,Binary: /sbin/runuser,1,Normal
2026-09-25,15:28:22,Binary Scan,,Binary: /sbin/saned,1,Normal
2026-09-25,15:28:22,Binary Scan,,Binary: /sbin/select-default-ispell,1,Normal
2026-09-25,15:28:22,Binary Scan,,Binary: /sbin/select-default-wordlist,1,Normal
2026-09-25,15:28:22,Binary Scan,,Binary: /sbin/service,1,Normal
2026-09-25,15:28:22,Binary Scan,,Binary: /sbin/setcap,1,Normal
2026-09-25,15:28:22,Binary Scan,,Binary: /sbin/setuids.bt,1,Normal
2026-09-25,15:28:22,Binary Scan,,Binary: /sbin/setvesablank,1,Normal
2026-09-25,15:28:22,Binary Scan,,Binary: /sbin/setvtrgb,1,Normal
2026-09-25,15:28:22,Binary Scan,,Binary: /sbin/sfdisk,1,Normal
2026-09-25,15:28:22,Binary Scan,,Binary: /sbin/sgdisk,1,Normal
2026-09-25,15:28:22,Binary Scan,,Binary: /sbin/shadowconfig,1,Normal
2026-09-25,15:28:22,Binary Scan,,Binary: /sbin/shmsnoop-bpfcc,1,Normal
2026-09-25,15:28:22,Binary Scan,,Binary: /sbin/shutdown,1,Normal
2026-09-25,15:28:22,Binary Scan,,Binary: /sbin/slabratetop-bpfcc,1,Normal
2026-09-25,15:28:22,Binary Scan,,Binary: /sbin/sofdsnoop-bpfcc,1,Normal
2026-09-25,15:28:22,Binary Scan,,Binary: /sbin/softirqs-bpfcc,1,Normal
2026-09-25,15:28:22,Binary Scan,,Binary: /sbin/solisten-bpfcc,1,Normal
2026-09-25,15:28:22,Binary Scan,,Binary: /sbin/spice-vdagentd,1,Normal
2026-09-25,15:28:22,Binary Scan,,Binary: /sbin/ssllatency.bt,1,Normal
2026-09-25,15:28:23,Binary Scan,,Binary: /sbin/sslsniff-bpfcc,1,Normal
2026-09-25,15:28:23,Binary Scan,,Binary: /sbin/sslsnoop.bt,1,Normal
2026-09-25,15:28:23,Binary Scan,,Binary: /sbin/sssd,1,Normal
2026-09-25,15:28:23,Binary Scan,,Binary: /sbin/stackcount-bpfcc,1,Normal
2026-09-25,15:28:23,Binary Scan,,Binary: /sbin/start-stop-daemon,1,Normal
2026-09-25,15:28:23,Binary Scan,,Binary: /sbin/statsnoop-bpfcc,1,Normal
2026-09-25,15:28:23,Binary Scan,,Binary: /sbin/statsnoop.bt,1,Normal
2026-09-25,15:28:23,Binary Scan,,Binary: /sbin/sudo_logsrvd,1,Normal
2026-09-25,15:28:23,Binary Scan,,Binary: /sbin/sudo_sendlog.ws,1,Normal
2026-09-25,15:28:23,Binary Scan,,Binary: /sbin/sulogin,1,Normal
2026-09-25,15:28:23,Binary Scan,,Binary: /sbin/swapin.bt,1,Normal
2026-09-25,15:28:23,Binary Scan,,Binary: /sbin/swaplabel,1,Normal
2026-09-25,15:28:23,Binary Scan,,Binary: /sbin/swapoff,1,Normal
2026-09-25,15:28:23,Binary Scan,,Binary: /sbin/swapon,1,Normal
2026-09-25,15:28:23,Binary Scan,,Binary: /sbin/syncsnoop-bpfcc,1,Normal
2026-09-25,15:28:23,Binary Scan,,Binary: /sbin/syncsnoop.bt,1,Normal
2026-09-25,15:28:23,Binary Scan,,Binary: /sbin/syscount-bpfcc,1,Normal
2026-09-25,15:28:23,Binary Scan,,Binary: /sbin/syscount.bt,1,Normal
2026-09-25,15:28:23,Binary Scan,,Binary: /sbin/sysctl,1,Normal
2026-09-25,15:28:23,Binary Scan,,Binary: /sbin/tarcat,1,Normal
2026-09-25,15:28:23,Binary Scan,,Binary: /sbin/tc,1,Normal
2026-09-25,15:28:23,Binary Scan,,Binary: /sbin/tclcalls-bpfcc,1,Normal
2026-09-25,15:28:23,Binary Scan,,Binary: /sbin/tclflow-bpfcc,1,Normal
2026-09-25,15:28:23,Binary Scan,,Binary: /sbin/tclobjnew-bpfcc,1,Normal
2026-09-25,15:28:23,Binary Scan,,Binary: /sbin/tclstat-bpfcc,1,Normal
2026-09-25,15:28:23,Binary Scan,,Binary: /sbin/tcpaccept-bpfcc,1,Normal
2026-09-25,15:28:23,Binary Scan,,Binary: /sbin/tcpaccept.bt,1,Normal
2026-09-25,15:28:23,Binary Scan,,Binary: /sbin/tcpcong-bpfcc,1,Normal
2026-09-25,15:28:23,Binary Scan,,Binary: /sbin/tcpconnect-bpfcc,1,Normal
2026-09-25,15:28:23,Binary Scan,,Binary: /sbin/tcpconnect.bt,1,Normal
2026-09-25,15:28:23,Binary Scan,,Binary: /sbin/tcpconnlat-bpfcc,1,Normal
2026-09-25,15:28:23,Binary Scan,,Binary: /sbin/tcpdrop-bpfcc,1,Normal
2026-09-25,15:28:23,Binary Scan,,Binary: /sbin/tcpdrop.bt,1,Normal
2026-09-25,15:28:23,Binary Scan,,Binary: /sbin/tcplife-bpfcc,1,Normal
2026-09-25,15:28:23,Binary Scan,,Binary: /sbin/tcplife.bt,1,Normal
2026-09-25,15:28:23,Binary Scan,,Binary: /sbin/tcpretrans-bpfcc,1,Normal
2026-09-25,15:28:23,Binary Scan,,Binary: /sbin/tcpretrans.bt,1,Normal
2026-09-25,15:28:23,Binary Scan,,Binary: /sbin/tcprtt-bpfcc,1,Normal
2026-09-25,15:28:23,Binary Scan,,Binary: /sbin/tcpstates-bpfcc,1,Normal
2026-09-25,15:28:23,Binary Scan,,Binary: /sbin/tcpsubnet-bpfcc,1,Normal
2026-09-25,15:28:23,Binary Scan,,Binary: /sbin/tcpsynbl-bpfcc,1,Normal
2026-09-25,15:28:23,Binary Scan,,Binary: /sbin/tcpsynbl.bt,1,Normal
2026-09-25,15:28:23,Binary Scan,,Binary: /sbin/tcptop-bpfcc,1,Normal
2026-09-25,15:28:23,Binary Scan,,Binary: /sbin/tcptracer-bpfcc,1,Normal
2026-09-25,15:28:23,Binary Scan,,Binary: /sbin/thermald,1,Normal
2026-09-25,15:28:23,Binary Scan,,Binary: /sbin/threadsnoop-bpfcc,1,Normal
2026-09-25,15:28:23,Binary Scan,,Binary: /sbin/threadsnoop.bt,1,Normal
2026-09-25,15:28:23,Binary Scan,,Binary: /sbin/tipc,1,Normal
2026-09-25,15:28:23,Binary Scan,,Binary: /sbin/tplist-bpfcc,1,Normal
2026-09-25,15:28:23,Binary Scan,,Binary: /sbin/trace-bpfcc,1,Normal
2026-09-25,15:28:23,Binary Scan,,Binary: /sbin/ttysnoop-bpfcc,1,Normal
2026-09-25,15:28:23,Binary Scan,,Binary: /sbin/tune.exfat,1,Normal
2026-09-25,15:28:23,Binary Scan,,Binary: /sbin/tune2fs,1,Normal
2026-09-25,15:28:23,Binary Scan,,Binary: /sbin/u-d-c-print-pci-ids,1,Normal
2026-09-25,15:28:23,Binary Scan,,Binary: /sbin/ucalls,1,Normal
2026-09-25,15:28:23,Binary Scan,,Binary: /sbin/uflow,1,Normal
2026-09-25,15:28:23,Binary Scan,,Binary: /sbin/ufw,1,Normal
2026-09-25,15:28:23,Binary Scan,,Binary: /sbin/ugc,1,Normal
2026-09-25,15:28:23,Binary Scan,,Binary: /sbin/umount.udisks2,1,Normal
2026-09-25,15:28:23,Binary Scan,,Binary: /sbin/undump.bt,1,Normal
2026-09-25,15:28:23,Binary Scan,,Binary: /sbin/unix_chkpwd,1,Normal
2026-09-25,15:28:23,Binary Scan,,Binary: /sbin/unix_update,1,Normal
2026-09-25,15:28:24,Binary Scan,,Binary: /sbin/uobjnew,1,Normal
2026-09-25,15:28:24,Binary Scan,,Binary: /sbin/update-ca-certificates,1,Normal
2026-09-25,15:28:24,Binary Scan,,Binary: /sbin/update-catalog,1,Normal
2026-09-25,15:28:24,Binary Scan,,Binary: /sbin/update-cracklib,1,Normal
2026-09-25,15:28:24,Binary Scan,,Binary: /sbin/update-default-aspell,1,Normal
2026-09-25,15:28:24,Binary Scan,,Binary: /sbin/update-default-ispell,1,Normal
2026-09-25,15:28:24,Binary Scan,,Binary: /sbin/update-default-wordlist,1,Normal
2026-09-25,15:28:24,Binary Scan,,Binary: /sbin/update-dictcommon-aspell,1,Normal
2026-09-25,15:28:24,Binary Scan,,Binary: /sbin/update-dictcommon-hunspell,1,Normal
2026-09-25,15:28:24,Binary Scan,,Binary: /sbin/update-fonts-alias,1,Normal
2026-09-25,15:28:24,Binary Scan,,Binary: /sbin/update-fonts-dir,1,Normal
2026-09-25,15:28:24,Binary Scan,,Binary: /sbin/update-fonts-scale,1,Normal
2026-09-25,15:28:24,Binary Scan,,Binary: /sbin/update-grub,1,Normal
2026-09-25,15:28:24,Binary Scan,,Binary: /sbin/update-grub-gfxpayload,1,Normal
2026-09-25,15:28:24,Binary Scan,,Binary: /sbin/update-grub2,1,Normal
2026-09-25,15:28:24,Binary Scan,,Binary: /sbin/update-gsfontmap,1,Normal
2026-09-25,15:28:24,Binary Scan,,Binary: /sbin/update-icon-caches,1,Normal
2026-09-25,15:28:24,Binary Scan,,Binary: /sbin/update-ieee-data,1,Normal
2026-09-25,15:28:24,Binary Scan,,Binary: /sbin/update-inetd,1,Normal
2026-09-25,15:28:24,Binary Scan,,Binary: /sbin/update-info-dir,1,Normal
2026-09-25,15:28:24,Binary Scan,,Binary: /sbin/update-initramfs,1,Normal
2026-09-25,15:28:24,Binary Scan,,Binary: /sbin/update-locale,1,Normal
2026-09-25,15:28:24,Binary Scan,,Binary: /sbin/update-passwd,1,Normal
2026-09-25,15:28:24,Binary Scan,,Binary: /sbin/update-pciids,1,Normal
2026-09-25,15:28:24,Binary Scan,,Binary: /sbin/update-rc.d,1,Normal
2026-09-25,15:28:24,Binary Scan,,Binary: /sbin/update-shells,1,Normal
2026-09-25,15:28:24,Binary Scan,,Binary: /sbin/update-xmlcatalog,1,Normal
2026-09-25,15:28:24,Binary Scan,,Binary: /sbin/usb_modeswitch,1,Normal
2026-09-25,15:28:24,Binary Scan,,Binary: /sbin/usb_modeswitch_dispatcher,1,Normal
2026-09-25,15:28:24,Binary Scan,,Binary: /sbin/usbmuxd,1,Normal
2026-09-25,15:28:24,Binary Scan,,Binary: /sbin/useradd,1,Normal
2026-09-25,15:28:24,Binary Scan,,Binary: /sbin/userdel,1,Normal
2026-09-25,15:28:24,Binary Scan,,Binary: /sbin/usermod,1,Normal
2026-09-25,15:28:24,Binary Scan,,Binary: /sbin/ustat,1,Normal
2026-09-25,15:28:24,Binary Scan,,Binary: /sbin/uthreads,1,Normal
2026-09-25,15:28:24,Binary Scan,,Binary: /sbin/uuidd,1,Normal
2026-09-25,15:28:24,Binary Scan,,Binary: /sbin/validlocale,1,Normal
2026-09-25,15:28:24,Binary Scan,,Binary: /sbin/vbox-uninstall-guest-additions,1,Normal
2026-09-25,15:28:24,Binary Scan,,Binary: /sbin/vcstime,1,Normal
2026-09-25,15:28:24,Binary Scan,,Binary: /sbin/vdpa,1,Normal
2026-09-25,15:28:24,Binary Scan,,Binary: /sbin/vfscount-bpfcc,1,Normal
2026-09-25,15:28:24,Binary Scan,,Binary: /sbin/vfscount.bt,1,Normal
2026-09-25,15:28:24,Binary Scan,,Binary: /sbin/vfsstat-bpfcc,1,Normal
2026-09-25,15:28:24,Binary Scan,,Binary: /sbin/vfsstat.bt,1,Normal
2026-09-25,15:28:24,Binary Scan,,Binary: /sbin/vigr,1,Normal
2026-09-25,15:28:24,Binary Scan,,Binary: /sbin/vipw,1,Normal
2026-09-25,15:28:24,Binary Scan,,Binary: /sbin/virtiostat-bpfcc,1,Normal
2026-09-25,15:28:24,Binary Scan,,Binary: /sbin/visudo,1,Normal
2026-09-25,15:28:24,Binary Scan,,Binary: /sbin/visudo.ws,1,Normal
2026-09-25,15:28:24,Binary Scan,,Binary: /sbin/vmcore-dmesg,1,Normal
2026-09-25,15:28:24,Binary Scan,,Binary: /sbin/vpddecode,1,Normal
2026-09-25,15:28:24,Binary Scan,,Binary: /sbin/wakeuptime-bpfcc,1,Normal
2026-09-25,15:28:24,Binary Scan,,Binary: /sbin/wipefs,1,Normal
2026-09-25,15:28:24,Binary Scan,,Binary: /sbin/wpa_action,1,Normal
2026-09-25,15:28:24,Binary Scan,,Binary: /sbin/wpa_cli,1,Normal
2026-09-25,15:28:24,Binary Scan,,Binary: /sbin/wpa_supplicant,1,Normal
2026-09-25,15:28:24,Binary Scan,,Binary: /sbin/wqlat-bpfcc,1,Normal
2026-09-25,15:28:24,Binary Scan,,Binary: /sbin/writeback.bt,1,Normal
2026-09-25,15:28:24,Binary Scan,,Binary: /sbin/xfsdist-bpfcc,1,Normal
2026-09-25,15:28:24,Binary Scan,,Binary: /sbin/xfsdist.bt,1,Normal
2026-09-25,15:28:24,Binary Scan,,Binary: /sbin/xfsslower-bpfcc,1,Normal
2026-09-25,15:28:24,Binary Scan,,Binary: /sbin/xtables-legacy-multi,1,Normal
2026-09-25,15:28:24,Binary Scan,,Binary: /sbin/xtables-monitor,1,Normal
2026-09-25,15:28:24,Binary Scan,,Binary: /sbin/xtables-nft-multi,1,Normal
2026-09-25,15:28:24,Binary Scan,,Binary: /sbin/zfsdist-bpfcc,1,Normal
2026-09-25,15:28:24,Binary Scan,,Binary: /sbin/zfsslower-bpfcc,1,Normal
2026-09-25,15:28:24,Binary Scan,,Binary: /sbin/zic,1,Normal
2026-09-25,15:28:24,Binary Scan,,Binary: /sbin/zramctl,1,Normal
2026-09-25,15:28:24,Section Divider,,====,1,Normal
2026-09-25,15:28:24,Test,,Test: Checking binaries in directory /usr/bin,1,Normal
2026-09-25,15:28:24,General,,Directory /usr/bin exists. Starting directory scanning...,1,Normal
2026-09-25,15:28:24,Binary Scan,,Binary: /usr/bin/3cpio,1,Normal
2026-09-25,15:28:24,Binary Scan,,Binary: /usr/bin/GET,1,Normal
2026-09-25,15:28:24,Binary Scan,,Binary: /usr/bin/HEAD,1,Normal
2026-09-25,15:28:24,Binary Scan,,Binary: /usr/bin/POST,1,Normal
2026-09-25,15:28:25,Binary Scan,,Binary: /usr/bin/VBoxAudioTest,1,Normal
2026-09-25,15:28:25,Binary Scan,,Binary: /usr/bin/VBoxClient,1,Normal
2026-09-25,15:28:25,Binary Scan,,Binary: /usr/bin/VBoxClient-all,1,Normal
2026-09-25,15:28:25,Binary Scan,,Binary: /usr/bin/VBoxControl,1,Normal
2026-09-25,15:28:25,Binary Scan,,Binary: /usr/bin/VBoxDRMClient,1,Normal
2026-09-25,15:28:25,Binary Scan,,Binary: /usr/bin/X11,1,Normal
2026-09-25,15:28:25,Binary Scan,,Binary: /usr/bin/Xwayland,1,Normal
2026-09-25,15:28:25,Binary Scan,,Binary: /usr/bin/[,1,Normal
2026-09-25,15:28:25,Binary Scan,,Binary: /usr/bin/aa-enabled,1,Normal
2026-09-25,15:28:25,Binary Scan,,Binary: /usr/bin/aa-exec,1,Normal
2026-09-25,15:28:25,Binary Scan,,Binary: /usr/bin/aa-features-abi,1,Normal
2026-09-25,15:28:25,Binary Scan,,Binary: /usr/bin/aconnect,1,Normal
2026-09-25,15:28:25,Binary Scan,,Binary: /usr/bin/acpidbg,1,Normal
2026-09-25,15:28:25,Binary Scan,,Binary: /usr/bin/add-apt-repository,1,Normal
2026-09-25,15:28:25,Binary Scan,,Binary: /usr/bin/addr2line,1,Normal
2026-09-25,15:28:25,Binary Scan,,Binary: /usr/bin/airscan-discover,1,Normal
2026-09-25,15:28:25,Binary Scan,,Binary: /usr/bin/alsabat,1,Normal
2026-09-25,15:28:25,Binary Scan,,Binary: /usr/bin/alsaloop,1,Normal
2026-09-25,15:28:25,Binary Scan,,Binary: /usr/bin/alsamixer,1,Normal
2026-09-25,15:28:25,Binary Scan,,Binary: /usr/bin/alsatplg,1,Normal
2026-09-25,15:28:25,Binary Scan,,Binary: /usr/bin/alsaucm,1,Normal
2026-09-25,15:28:25,Binary Scan,,Binary: /usr/bin/amidi,1,Normal
2026-09-25,15:28:25,Binary Scan,,Binary: /usr/bin/amixer,1,Normal
2026-09-25,15:28:25,Binary Scan,,Binary: /usr/bin/aplay,1,Normal
2026-09-25,15:28:25,Binary Scan,,Binary: /usr/bin/aplaymidi,1,Normal
2026-09-25,15:28:25,Binary Scan,,Binary: /usr/bin/aplaymidi2,1,Normal
2026-09-25,15:28:25,Binary Scan,,Binary: /usr/bin/apport-bug,1,Normal
2026-09-25,15:28:25,Binary Scan,,Binary: /usr/bin/apport-cli,1,Normal
2026-09-25,15:28:25,Binary Scan,,Binary: /usr/bin/apport-collect,1,Normal
2026-09-25,15:28:25,Binary Scan,,Binary: /usr/bin/apport-unpack,1,Normal
2026-09-25,15:28:25,Binary Scan,,Binary: /usr/bin/appres,1,Normal
2026-09-25,15:28:25,Binary Scan,,Binary: /usr/bin/appstreamcli,1,Normal
2026-09-25,15:28:25,Binary Scan,,Binary: /usr/bin/apropos,1,Normal
2026-09-25,15:28:25,Binary Scan,,Binary: /usr/bin/apt,1,Normal
2026-09-25,15:28:25,Binary Scan,,Binary: /usr/bin/apt-add-repository,1,Normal
2026-09-25,15:28:25,Binary Scan,,Binary: /usr/bin/apt-cache,1,Normal
2026-09-25,15:28:25,Binary Scan,,Binary: /usr/bin/apt-cdrom,1,Normal
2026-09-25,15:28:25,Binary Scan,,Binary: /usr/bin/apt-config,1,Normal
2026-09-25,15:28:25,Binary Scan,,Binary: /usr/bin/apt-get,1,Normal
2026-09-25,15:28:25,Binary Scan,,Binary: /usr/bin/apt-mark,1,Normal
2026-09-25,15:28:25,Binary Scan,,Binary: /usr/bin/aptdcon,1,Normal
2026-09-25,15:28:25,Binary Scan,,Binary: /usr/bin/ar,1,Normal
2026-09-25,15:28:25,Binary Scan,,Binary: /usr/bin/arch,1,Normal
2026-09-25,15:28:25,Binary Scan,,Binary: /usr/bin/arecord,1,Normal
2026-09-25,15:28:25,Binary Scan,,Binary: /usr/bin/arecordmidi,1,Normal
2026-09-25,15:28:25,Binary Scan,,Binary: /usr/bin/arecordmidi2,1,Normal
2026-09-25,15:28:25,Binary Scan,,Binary: /usr/bin/arm2hpdl,1,Normal
2026-09-25,15:28:25,Binary Scan,,Binary: /usr/bin/as,1,Normal
2026-09-25,15:28:25,Binary Scan,,Binary: /usr/bin/aseqdump,1,Normal
2026-09-25,15:28:25,Binary Scan,,Binary: /usr/bin/aseqnet,1,Normal
2026-09-25,15:28:25,Binary Scan,,Binary: /usr/bin/aseqsend,1,Normal
2026-09-25,15:28:25,Binary Scan,,Binary: /usr/bin/aspell,1,Normal
2026-09-25,15:28:25,Binary Scan,,Binary: /usr/bin/aspell-import,1,Normal
2026-09-25,15:28:25,Binary Scan,,Binary: /usr/bin/awk,1,Normal
2026-09-25,15:28:25,Binary Scan,,Binary: /usr/bin/axfer,1,Normal
2026-09-25,15:28:25,Binary Scan,,Binary: /usr/bin/b2sum,1,Normal
2026-09-25,15:28:25,Binary Scan,,Binary: /usr/bin/baobab,1,Normal
2026-09-25,15:28:25,Binary Scan,,Binary: /usr/bin/base32,1,Normal
2026-09-25,15:28:25,Binary Scan,,Binary: /usr/bin/base64,1,Normal
2026-09-25,15:28:25,Binary Scan,,Binary: /usr/bin/basename,1,Normal
2026-09-25,15:28:25,Binary Scan,,Binary: /usr/bin/basenc,1,Normal
2026-09-25,15:28:25,Binary Scan,,Binary: /usr/bin/bash,1,Normal
2026-09-25,15:28:25,Binary Scan,,Binary: /usr/bin/bashbug,1,Normal
2026-09-25,15:28:25,Binary Scan,,Binary: /usr/bin/bc,1,Normal
2026-09-25,15:28:25,Binary Scan,,Binary: /usr/bin/bdftopcf,1,Normal
2026-09-25,15:28:25,Binary Scan,,Binary: /usr/bin/bdftruncate,1,Normal
2026-09-25,15:28:25,Binary Scan,,Binary: /usr/bin/bluemoon,1,Normal
2026-09-25,15:28:25,Binary Scan,,Binary: /usr/bin/bluetooth-sendto,1,Normal
2026-09-25,15:28:25,Binary Scan,,Binary: /usr/bin/bluetoothctl,1,Normal
2026-09-25,15:28:25,Binary Scan,,Binary: /usr/bin/boltctl,1,Normal
2026-09-25,15:28:25,Binary Scan,,Binary: /usr/bin/bpftrace,1,Normal
2026-09-25,15:28:25,Binary Scan,,Binary: /usr/bin/bpftrace-aotrt,1,Normal
2026-09-25,15:28:25,Binary Scan,,Binary: /usr/bin/brltty,1,Normal
2026-09-25,15:28:25,Binary Scan,,Binary: /usr/bin/brltty-atb,1,Normal
2026-09-25,15:28:25,Binary Scan,,Binary: /usr/bin/brltty-clip,1,Normal
2026-09-25,15:28:25,Binary Scan,,Binary: /usr/bin/brltty-ctb,1,Normal
2026-09-25,15:28:26,Binary Scan,,Binary: /usr/bin/brltty-hid,1,Normal
2026-09-25,15:28:26,Binary Scan,,Binary: /usr/bin/brltty-ktb,1,Normal
2026-09-25,15:28:26,Binary Scan,,Binary: /usr/bin/brltty-lscmds,1,Normal
2026-09-25,15:28:26,Binary Scan,,Binary: /usr/bin/brltty-morse,1,Normal
2026-09-25,15:28:26,Binary Scan,,Binary: /usr/bin/brltty-trtxt,1,Normal
2026-09-25,15:28:26,Binary Scan,,Binary: /usr/bin/brltty-ttb,1,Normal
2026-09-25,15:28:26,Binary Scan,,Binary: /usr/bin/brltty-tune,1,Normal
2026-09-25,15:28:26,Binary Scan,,Binary: /usr/bin/broadwayd,1,Normal
2026-09-25,15:28:26,Binary Scan,,Binary: /usr/bin/browse,1,Normal
2026-09-25,15:28:26,Binary Scan,,Binary: /usr/bin/btattach,1,Normal
2026-09-25,15:28:26,Binary Scan,,Binary: /usr/bin/btmgmt,1,Normal
2026-09-25,15:28:26,Binary Scan,,Binary: /usr/bin/btmon,1,Normal
2026-09-25,15:28:26,Binary Scan,,Binary: /usr/bin/bunzip2,1,Normal
2026-09-25,15:28:26,Binary Scan,,Binary: /usr/bin/busctl,1,Normal
2026-09-25,15:28:26,Binary Scan,,Binary: /usr/bin/busybox,1,Normal
2026-09-25,15:28:26,Binary Scan,,Binary: /usr/bin/bwrap,1,Normal
2026-09-25,15:28:26,Binary Scan,,Binary: /usr/bin/bzcat,1,Normal
2026-09-25,15:28:26,Binary Scan,,Binary: /usr/bin/bzcmp,1,Normal
2026-09-25,15:28:26,Binary Scan,,Binary: /usr/bin/bzdiff,1,Normal
2026-09-25,15:28:26,Binary Scan,,Binary: /usr/bin/bzegrep,1,Normal
2026-09-25,15:28:26,Binary Scan,,Binary: /usr/bin/bzexe,1,Normal
2026-09-25,15:28:26,Binary Scan,,Binary: /usr/bin/bzfgrep,1,Normal
2026-09-25,15:28:26,Binary Scan,,Binary: /usr/bin/bzgrep,1,Normal
2026-09-25,15:28:26,Binary Scan,,Binary: /usr/bin/bzip2,1,Normal
2026-09-25,15:28:26,Binary Scan,,Binary: /usr/bin/bzip2recover,1,Normal
2026-09-25,15:28:26,Binary Scan,,Binary: /usr/bin/bzless,1,Normal
2026-09-25,15:28:26,Binary Scan,,Binary: /usr/bin/bzmore,1,Normal
2026-09-25,15:28:26,Binary Scan,,Binary: /usr/bin/c++,1,Normal
2026-09-25,15:28:26,Binary Scan,,Binary: /usr/bin/c++filt,1,Normal
2026-09-25,15:28:26,Binary Scan,,Binary: /usr/bin/c89,1,Normal
2026-09-25,15:28:26,Binary Scan,,Binary: /usr/bin/c89-gcc,1,Normal
2026-09-25,15:28:26,Binary Scan,,Binary: /usr/bin/c99,1,Normal
2026-09-25,15:28:26,Binary Scan,,Binary: /usr/bin/c99-gcc,1,Normal
2026-09-25,15:28:26,Binary Scan,,Binary: /usr/bin/c_rehash,1,Normal
2026-09-25,15:28:26,Binary Scan,,Binary: /usr/bin/calibrate_ppa,1,Normal
2026-09-25,15:28:26,Binary Scan,,Binary: /usr/bin/canberra-gtk-play,1,Normal
2026-09-25,15:28:26,Binary Scan,,Binary: /usr/bin/cancel,1,Normal
2026-09-25,15:28:26,Binary Scan,,Binary: /usr/bin/captoinfo,1,Normal
2026-09-25,15:28:26,Binary Scan,,Binary: /usr/bin/cat,1,Normal
2026-09-25,15:28:26,Binary Scan,,Binary: /usr/bin/catman,1,Normal
2026-09-25,15:28:26,Binary Scan,,Binary: /usr/bin/cc,1,Normal
2026-09-25,15:28:26,Binary Scan,,Binary: /usr/bin/cd-create-profile,1,Normal
2026-09-25,15:28:26,Binary Scan,,Binary: /usr/bin/cd-fix-profile,1,Normal
2026-09-25,15:28:26,Binary Scan,,Binary: /usr/bin/cd-iccdump,1,Normal
2026-09-25,15:28:26,Binary Scan,,Binary: /usr/bin/cd-it8,1,Normal
2026-09-25,15:28:26,Binary Scan,,Binary: /usr/bin/chacl,1,Normal
2026-09-25,15:28:26,Binary Scan,,Binary: /usr/bin/chage,1,Normal
2026-09-25,15:28:26,Binary Scan,,Binary: /usr/bin/chardet,1,Normal
2026-09-25,15:28:26,Binary Scan,,Binary: /usr/bin/chardetect,1,Normal
2026-09-25,15:28:26,Binary Scan,,Binary: /usr/bin/chattr,1,Normal
2026-09-25,15:28:26,Binary Scan,,Binary: /usr/bin/chcon,1,Normal
2026-09-25,15:28:26,Binary Scan,,Binary: /usr/bin/check-language-support,1,Normal
2026-09-25,15:28:26,Binary Scan,,Binary: /usr/bin/chfn,1,Normal
2026-09-25,15:28:26,Binary Scan,,Binary: /usr/bin/chgrp,1,Normal
2026-09-25,15:28:26,Binary Scan,,Binary: /usr/bin/chmod,1,Normal
2026-09-25,15:28:26,Binary Scan,,Binary: /usr/bin/choom,1,Normal
2026-09-25,15:28:26,Binary Scan,,Binary: /usr/bin/chown,1,Normal
2026-09-25,15:28:26,Binary Scan,,Binary: /usr/bin/chronyc,1,Normal
2026-09-25,15:28:26,Binary Scan,,Binary: /usr/bin/chroot,1,Normal
2026-09-25,15:28:26,Binary Scan,,Binary: /usr/bin/chrt,1,Normal
2026-09-25,15:28:26,Binary Scan,,Binary: /usr/bin/chsh,1,Normal
2026-09-25,15:28:26,Binary Scan,,Binary: /usr/bin/chvt,1,Normal
2026-09-25,15:28:26,Binary Scan,,Binary: /usr/bin/cifsiostat,1,Normal
2026-09-25,15:28:26,Binary Scan,,Binary: /usr/bin/ciptool,1,Normal
2026-09-25,15:28:26,Binary Scan,,Binary: /usr/bin/ckbcomp,1,Normal
2026-09-25,15:28:26,Binary Scan,,Binary: /usr/bin/cksum,1,Normal
2026-09-25,15:28:26,Binary Scan,,Binary: /usr/bin/clear,1,Normal
2026-09-25,15:28:26,Binary Scan,,Binary: /usr/bin/clear_console,1,Normal
2026-09-25,15:28:26,Binary Scan,,Binary: /usr/bin/cloud-id,1,Normal
2026-09-25,15:28:26,Binary Scan,,Binary: /usr/bin/cloud-init,1,Normal
2026-09-25,15:28:26,Binary Scan,,Binary: /usr/bin/cloud-init-per,1,Normal
2026-09-25,15:28:26,Binary Scan,,Binary: /usr/bin/cmp,1,Normal
2026-09-25,15:28:26,Binary Scan,,Binary: /usr/bin/codepage,1,Normal
2026-09-25,15:28:26,Binary Scan,,Binary: /usr/bin/col,1,Normal
2026-09-25,15:28:26,Binary Scan,,Binary: /usr/bin/colcrt,1,Normal
2026-09-25,15:28:27,Binary Scan,,Binary: /usr/bin/colormgr,1,Normal
2026-09-25,15:28:27,Binary Scan,,Binary: /usr/bin/colrm,1,Normal
2026-09-25,15:28:27,Binary Scan,,Binary: /usr/bin/column,1,Normal
2026-09-25,15:28:27,Binary Scan,,Binary: /usr/bin/comm,1,Normal
2026-09-25,15:28:27,Binary Scan,,Binary: /usr/bin/corelist,1,Normal
2026-09-25,15:28:27,Binary Scan,,Binary: /usr/bin/coreutils,1,Normal
2026-09-25,15:28:27,Binary Scan,,Binary: /usr/bin/cp,1,Normal
2026-09-25,15:28:27,Binary Scan,,Binary: /usr/bin/cpan,1,Normal
2026-09-25,15:28:27,Binary Scan,,Binary: /usr/bin/cpan5.40-x86_64-linux-gnu,1,Normal
2026-09-25,15:28:27,Binary Scan,,Binary: /usr/bin/cpio,1,Normal
2026-09-25,15:28:27,Binary Scan,,Binary: /usr/bin/cpp,1,Normal
2026-09-25,15:28:27,Binary Scan,,Binary: /usr/bin/cpp-15,1,Normal
2026-09-25,15:28:27,Binary Scan,,Binary: /usr/bin/cpupower,1,Normal
2026-09-25,15:28:27,Binary Scan,,Binary: /usr/bin/crash,1,Normal
2026-09-25,15:28:27,Binary Scan,,Binary: /usr/bin/crontab,1,Normal
2026-09-25,15:28:27,Binary Scan,,Binary: /usr/bin/csplit,1,Normal
2026-09-25,15:28:27,Binary Scan,,Binary: /usr/bin/ctstat,1,Normal
2026-09-25,15:28:27,Binary Scan,,Binary: /usr/bin/cupstestppd,1,Normal
2026-09-25,15:28:27,Binary Scan,,Binary: /usr/bin/cut,1,Normal
2026-09-25,15:28:27,Binary Scan,,Binary: /usr/bin/cvtsudoers.ws,1,Normal
2026-09-25,15:28:27,Binary Scan,,Binary: /usr/bin/dash,1,Normal
2026-09-25,15:28:27,Binary Scan,,Binary: /usr/bin/date,1,Normal
2026-09-25,15:28:27,Binary Scan,,Binary: /usr/bin/dbus-cleanup-sockets,1,Normal
2026-09-25,15:28:27,Binary Scan,,Binary: /usr/bin/dbus-daemon,1,Normal
2026-09-25,15:28:27,Binary Scan,,Binary: /usr/bin/dbus-monitor,1,Normal
2026-09-25,15:28:27,Binary Scan,,Binary: /usr/bin/dbus-run-session,1,Normal
2026-09-25,15:28:27,Binary Scan,,Binary: /usr/bin/dbus-send,1,Normal
2026-09-25,15:28:27,Binary Scan,,Binary: /usr/bin/dbus-update-activation-environment,1,Normal
2026-09-25,15:28:27,Binary Scan,,Binary: /usr/bin/dbus-uuidgen,1,Normal
2026-09-25,15:28:27,Binary Scan,,Binary: /usr/bin/dbxtool,1,Normal
2026-09-25,15:28:27,Binary Scan,,Binary: /usr/bin/dc,1,Normal
2026-09-25,15:28:27,Binary Scan,,Binary: /usr/bin/dconf,1,Normal
2026-09-25,15:28:27,Binary Scan,,Binary: /usr/bin/dd,1,Normal
2026-09-25,15:28:27,Binary Scan,,Binary: /usr/bin/ddstdecode,1,Normal
2026-09-25,15:28:27,Binary Scan,,Binary: /usr/bin/deallocvt,1,Normal
2026-09-25,15:28:27,Binary Scan,,Binary: /usr/bin/deb-systemd-helper,1,Normal
2026-09-25,15:28:27,Binary Scan,,Binary: /usr/bin/deb-systemd-invoke,1,Normal
2026-09-25,15:28:27,Binary Scan,,Binary: /usr/bin/debconf,1,Normal
2026-09-25,15:28:27,Binary Scan,,Binary: /usr/bin/debconf-apt-progress,1,Normal
2026-09-25,15:28:27,Binary Scan,,Binary: /usr/bin/debconf-communicate,1,Normal
2026-09-25,15:28:27,Binary Scan,,Binary: /usr/bin/debconf-copydb,1,Normal
2026-09-25,15:28:27,Binary Scan,,Binary: /usr/bin/debconf-escape,1,Normal
2026-09-25,15:28:27,Binary Scan,,Binary: /usr/bin/debconf-set-selections,1,Normal
2026-09-25,15:28:27,Binary Scan,,Binary: /usr/bin/debconf-show,1,Normal
2026-09-25,15:28:27,Binary Scan,,Binary: /usr/bin/debian-distro-info,1,Normal
2026-09-25,15:28:27,Binary Scan,,Binary: /usr/bin/delv,1,Normal
2026-09-25,15:28:27,Binary Scan,,Binary: /usr/bin/desktop-file-edit,1,Normal
2026-09-25,15:28:27,Binary Scan,,Binary: /usr/bin/desktop-file-install,1,Normal
2026-09-25,15:28:27,Binary Scan,,Binary: /usr/bin/desktop-file-validate,1,Normal
2026-09-25,15:28:27,Binary Scan,,Binary: /usr/bin/df,1,Normal
2026-09-25,15:28:27,Binary Scan,,Binary: /usr/bin/dh_bash-completion,1,Normal
2026-09-25,15:28:27,Binary Scan,,Binary: /usr/bin/dh_installxmlcatalogs,1,Normal
2026-09-25,15:28:27,Binary Scan,,Binary: /usr/bin/dh_perl_openssl,1,Normal
2026-09-25,15:28:27,Binary Scan,,Binary: /usr/bin/diff,1,Normal
2026-09-25,15:28:27,Binary Scan,,Binary: /usr/bin/diff3,1,Normal
2026-09-25,15:28:27,Binary Scan,,Binary: /usr/bin/dig,1,Normal
2026-09-25,15:28:27,Binary Scan,,Binary: /usr/bin/dir,1,Normal
2026-09-25,15:28:27,Binary Scan,,Binary: /usr/bin/dircolors,1,Normal
2026-09-25,15:28:27,Binary Scan,,Binary: /usr/bin/dirmngr,1,Normal
2026-09-25,15:28:27,Binary Scan,,Binary: /usr/bin/dirmngr-client,1,Normal
2026-09-25,15:28:27,Binary Scan,,Binary: /usr/bin/dirname,1,Normal
2026-09-25,15:28:27,Binary Scan,,Binary: /usr/bin/distro-info,1,Normal
2026-09-25,15:28:27,Binary Scan,,Binary: /usr/bin/dmesg,1,Normal
2026-09-25,15:28:27,Binary Scan,,Binary: /usr/bin/dnsdomainname,1,Normal
2026-09-25,15:28:27,Binary Scan,,Binary: /usr/bin/do-release-upgrade,1,Normal
2026-09-25,15:28:27,Binary Scan,,Binary: /usr/bin/domainname,1,Normal
2026-09-25,15:28:27,Binary Scan,,Binary: /usr/bin/dpkg,1,Normal
2026-09-25,15:28:27,Binary Scan,,Binary: /usr/bin/dpkg-architecture,1,Normal
2026-09-25,15:28:27,Binary Scan,,Binary: /usr/bin/dpkg-buildapi,1,Normal
2026-09-25,15:28:27,Binary Scan,,Binary: /usr/bin/dpkg-buildflags,1,Normal
2026-09-25,15:28:27,Binary Scan,,Binary: /usr/bin/dpkg-buildpackage,1,Normal
2026-09-25,15:28:27,Binary Scan,,Binary: /usr/bin/dpkg-buildtree,1,Normal
2026-09-25,15:28:28,Binary Scan,,Binary: /usr/bin/dpkg-checkbuilddeps,1,Normal
2026-09-25,15:28:28,Binary Scan,,Binary: /usr/bin/dpkg-deb,1,Normal
2026-09-25,15:28:28,Binary Scan,,Binary: /usr/bin/dpkg-distaddfile,1,Normal
2026-09-25,15:28:28,Binary Scan,,Binary: /usr/bin/dpkg-divert,1,Normal
2026-09-25,15:28:28,Binary Scan,,Binary: /usr/bin/dpkg-genbuildinfo,1,Normal
2026-09-25,15:28:28,Binary Scan,,Binary: /usr/bin/dpkg-genchanges,1,Normal
2026-09-25,15:28:28,Binary Scan,,Binary: /usr/bin/dpkg-gencontrol,1,Normal
2026-09-25,15:28:28,Binary Scan,,Binary: /usr/bin/dpkg-gensymbols,1,Normal
2026-09-25,15:28:28,Binary Scan,,Binary: /usr/bin/dpkg-maintscript-helper,1,Normal
2026-09-25,15:28:28,Binary Scan,,Binary: /usr/bin/dpkg-mergechangelogs,1,Normal
2026-09-25,15:28:28,Binary Scan,,Binary: /usr/bin/dpkg-name,1,Normal
2026-09-25,15:28:28,Binary Scan,,Binary: /usr/bin/dpkg-parsechangelog,1,Normal
2026-09-25,15:28:28,Binary Scan,,Binary: /usr/bin/dpkg-query,1,Normal
2026-09-25,15:28:28,Binary Scan,,Binary: /usr/bin/dpkg-realpath,1,Normal
2026-09-25,15:28:28,Binary Scan,,Binary: /usr/bin/dpkg-scanpackages,1,Normal
2026-09-25,15:28:28,Binary Scan,,Binary: /usr/bin/dpkg-scansources,1,Normal
2026-09-25,15:28:28,Binary Scan,,Binary: /usr/bin/dpkg-shlibdeps,1,Normal
2026-09-25,15:28:28,Binary Scan,,Binary: /usr/bin/dpkg-source,1,Normal
2026-09-25,15:28:28,Binary Scan,,Binary: /usr/bin/dpkg-split,1,Normal
2026-09-25,15:28:28,Binary Scan,,Binary: /usr/bin/dpkg-statoverride,1,Normal
2026-09-25,15:28:28,Binary Scan,,Binary: /usr/bin/dpkg-trigger,1,Normal
2026-09-25,15:28:28,Binary Scan,,Binary: /usr/bin/dpkg-vendor,1,Normal
2026-09-25,15:28:28,Binary Scan,,Binary: /usr/bin/dracut,1,Normal
2026-09-25,15:28:28,Binary Scan,,Binary: /usr/bin/dracut-catimages,1,Normal
2026-09-25,15:28:28,Binary Scan,,Binary: /usr/bin/driverless,1,Normal
2026-09-25,15:28:28,Binary Scan,,Binary: /usr/bin/driverless-fax,1,Normal
2026-09-25,15:28:28,Binary Scan,,Binary: /usr/bin/du,1,Normal
2026-09-25,15:28:28,Binary Scan,,Binary: /usr/bin/dumpkeys,1,Normal
2026-09-25,15:28:28,Binary Scan,,Binary: /usr/bin/dvipdf,1,Normal
2026-09-25,15:28:28,Binary Scan,,Binary: /usr/bin/eatmydata,1,Normal
2026-09-25,15:28:28,Binary Scan,,Binary: /usr/bin/ec2metadata,1,Normal
2026-09-25,15:28:28,Binary Scan,,Binary: /usr/bin/echo,1,Normal
2026-09-25,15:28:28,Binary Scan,,Binary: /usr/bin/ed,1,Normal
2026-09-25,15:28:28,Binary Scan,,Binary: /usr/bin/editor,1,Normal
2026-09-25,15:28:28,Binary Scan,,Binary: /usr/bin/editres,1,Normal
2026-09-25,15:28:28,Binary Scan,,Binary: /usr/bin/egrep,1,Normal
2026-09-25,15:28:28,Binary Scan,,Binary: /usr/bin/eject,1,Normal
2026-09-25,15:28:28,Binary Scan,,Binary: /usr/bin/elfedit,1,Normal
2026-09-25,15:28:28,Binary Scan,,Binary: /usr/bin/enc2xs,1,Normal
2026-09-25,15:28:28,Binary Scan,,Binary: /usr/bin/encguess,1,Normal
2026-09-25,15:28:28,Binary Scan,,Binary: /usr/bin/enchant-2,1,Normal
2026-09-25,15:28:28,Binary Scan,,Binary: /usr/bin/enchant-lsmod-2,1,Normal
2026-09-25,15:28:28,Binary Scan,,Binary: /usr/bin/env,1,Normal
2026-09-25,15:28:28,Binary Scan,,Binary: /usr/bin/envsubst,1,Normal
2026-09-25,15:28:28,Binary Scan,,Binary: /usr/bin/eps2eps,1,Normal
2026-09-25,15:28:28,Binary Scan,,Binary: /usr/bin/eqn,1,Normal
2026-09-25,15:28:28,Binary Scan,,Binary: /usr/bin/esc-m,1,Normal
2026-09-25,15:28:28,Binary Scan,,Binary: /usr/bin/eutp,1,Normal
2026-09-25,15:28:28,Binary Scan,,Binary: /usr/bin/ex,1,Normal
2026-09-25,15:28:28,Binary Scan,,Binary: /usr/bin/expand,1,Normal
2026-09-25,15:28:28,Binary Scan,,Binary: /usr/bin/expiry,1,Normal
2026-09-25,15:28:28,Binary Scan,,Binary: /usr/bin/expr,1,Normal
2026-09-25,15:28:28,Binary Scan,,Binary: /usr/bin/factor,1,Normal
2026-09-25,15:28:28,Binary Scan,,Binary: /usr/bin/faked-sysv,1,Normal
2026-09-25,15:28:28,Binary Scan,,Binary: /usr/bin/faked-tcp,1,Normal
2026-09-25,15:28:28,Binary Scan,,Binary: /usr/bin/fakeroot,1,Normal
2026-09-25,15:28:28,Binary Scan,,Binary: /usr/bin/fakeroot-sysv,1,Normal
2026-09-25,15:28:28,Binary Scan,,Binary: /usr/bin/fakeroot-tcp,1,Normal
2026-09-25,15:28:28,Binary Scan,,Binary: /usr/bin/fallocate,1,Normal
2026-09-25,15:28:28,Binary Scan,,Binary: /usr/bin/false,1,Normal
2026-09-25,15:28:28,Binary Scan,,Binary: /usr/bin/fc-cache,1,Normal
2026-09-25,15:28:28,Binary Scan,,Binary: /usr/bin/fc-cat,1,Normal
2026-09-25,15:28:28,Binary Scan,,Binary: /usr/bin/fc-conflist,1,Normal
2026-09-25,15:28:28,Binary Scan,,Binary: /usr/bin/fc-list,1,Normal
2026-09-25,15:28:28,Binary Scan,,Binary: /usr/bin/fc-match,1,Normal
2026-09-25,15:28:28,Binary Scan,,Binary: /usr/bin/fc-pattern,1,Normal
2026-09-25,15:28:28,Binary Scan,,Binary: /usr/bin/fc-query,1,Normal
2026-09-25,15:28:28,Binary Scan,,Binary: /usr/bin/fc-scan,1,Normal
2026-09-25,15:28:28,Binary Scan,,Binary: /usr/bin/fc-validate,1,Normal
2026-09-25,15:28:28,Binary Scan,,Binary: /usr/bin/fgconsole,1,Normal
2026-09-25,15:28:28,Binary Scan,,Binary: /usr/bin/fgrep,1,Normal
2026-09-25,15:28:28,Binary Scan,,Binary: /usr/bin/file,1,Normal
2026-09-25,15:28:28,Binary Scan,,Binary: /usr/bin/file2brl,1,Normal
2026-09-25,15:28:29,Binary Scan,,Binary: /usr/bin/find,1,Normal
2026-09-25,15:28:29,Binary Scan,,Binary: /usr/bin/findmnt,1,Normal
2026-09-25,15:28:29,Binary Scan,,Binary: /usr/bin/firefox,1,Normal
2026-09-25,15:28:29,Binary Scan,,Binary: /usr/bin/flock,1,Normal
2026-09-25,15:28:29,Binary Scan,,Binary: /usr/bin/fmt,1,Normal
2026-09-25,15:28:29,Binary Scan,,Binary: /usr/bin/fold,1,Normal
2026-09-25,15:28:29,Binary Scan,,Binary: /usr/bin/fonttosfnt,1,Normal
2026-09-25,15:28:29,Binary Scan,,Binary: /usr/bin/foo2ddst,1,Normal
2026-09-25,15:28:29,Binary Scan,,Binary: /usr/bin/foo2ddst-wrapper,1,Normal
2026-09-25,15:28:29,Binary Scan,,Binary: /usr/bin/foo2hbpl2,1,Normal
2026-09-25,15:28:29,Binary Scan,,Binary: /usr/bin/foo2hbpl2-wrapper,1,Normal
2026-09-25,15:28:29,Binary Scan,,Binary: /usr/bin/foo2hiperc,1,Normal
2026-09-25,15:28:29,Binary Scan,,Binary: /usr/bin/foo2hiperc-wrapper,1,Normal
2026-09-25,15:28:29,Binary Scan,,Binary: /usr/bin/foo2hp,1,Normal
2026-09-25,15:28:29,Binary Scan,,Binary: /usr/bin/foo2hp2600-wrapper,1,Normal
2026-09-25,15:28:29,Binary Scan,,Binary: /usr/bin/foo2lava,1,Normal
2026-09-25,15:28:29,Binary Scan,,Binary: /usr/bin/foo2lava-wrapper,1,Normal
2026-09-25,15:28:29,Binary Scan,,Binary: /usr/bin/foo2oak,1,Normal
2026-09-25,15:28:29,Binary Scan,,Binary: /usr/bin/foo2oak-wrapper,1,Normal
2026-09-25,15:28:29,Binary Scan,,Binary: /usr/bin/foo2qpdl,1,Normal
2026-09-25,15:28:29,Binary Scan,,Binary: /usr/bin/foo2qpdl-wrapper,1,Normal
2026-09-25,15:28:29,Binary Scan,,Binary: /usr/bin/foo2slx,1,Normal
2026-09-25,15:28:29,Binary Scan,,Binary: /usr/bin/foo2slx-wrapper,1,Normal
2026-09-25,15:28:29,Binary Scan,,Binary: /usr/bin/foo2xqx,1,Normal
2026-09-25,15:28:29,Binary Scan,,Binary: /usr/bin/foo2xqx-wrapper,1,Normal
2026-09-25,15:28:29,Binary Scan,,Binary: /usr/bin/foo2zjs,1,Normal
2026-09-25,15:28:29,Binary Scan,,Binary: /usr/bin/foo2zjs-icc2ps,1,Normal
2026-09-25,15:28:29,Binary Scan,,Binary: /usr/bin/foo2zjs-pstops,1,Normal
2026-09-25,15:28:29,Binary Scan,,Binary: /usr/bin/foo2zjs-wrapper,1,Normal
2026-09-25,15:28:29,Binary Scan,,Binary: /usr/bin/foomatic-rip,1,Normal
2026-09-25,15:28:29,Binary Scan,,Binary: /usr/bin/fprintd-delete,1,Normal
2026-09-25,15:28:29,Binary Scan,,Binary: /usr/bin/fprintd-enroll,1,Normal
2026-09-25,15:28:29,Binary Scan,,Binary: /usr/bin/fprintd-list,1,Normal
2026-09-25,15:28:29,Binary Scan,,Binary: /usr/bin/fprintd-verify,1,Normal
2026-09-25,15:28:29,Binary Scan,,Binary: /usr/bin/free,1,Normal
2026-09-25,15:28:29,Binary Scan,,Binary: /usr/bin/ftp,1,Normal
2026-09-25,15:28:29,Binary Scan,,Binary: /usr/bin/funzip,1,Normal
2026-09-25,15:28:29,Binary Scan,,Binary: /usr/bin/fuser,1,Normal
2026-09-25,15:28:29,Binary Scan,,Binary: /usr/bin/fusermount,1,Normal
2026-09-25,15:28:29,Binary Scan,,Binary: /usr/bin/fusermount3,1,Normal
2026-09-25,15:28:29,Binary Scan,,Binary: /usr/bin/fwupdmgr,1,Normal
2026-09-25,15:28:29,Binary Scan,,Binary: /usr/bin/fwupdtool,1,Normal
2026-09-25,15:28:29,Binary Scan,,Binary: /usr/bin/g++,1,Normal
2026-09-25,15:28:29,Binary Scan,,Binary: /usr/bin/g++-15,1,Normal
2026-09-25,15:28:29,Binary Scan,,Binary: /usr/bin/gamemoded,1,Normal
2026-09-25,15:28:29,Binary Scan,,Binary: /usr/bin/gamma4scanimage,1,Normal
2026-09-25,15:28:29,Binary Scan,,Binary: /usr/bin/gapplication,1,Normal
2026-09-25,15:28:29,Binary Scan,,Binary: /usr/bin/gatttool,1,Normal
2026-09-25,15:28:29,Binary Scan,,Binary: /usr/bin/gcalccmd,1,Normal
2026-09-25,15:28:29,Binary Scan,,Binary: /usr/bin/gcc,1,Normal
2026-09-25,15:28:29,Binary Scan,,Binary: /usr/bin/gcc-15,1,Normal
2026-09-25,15:28:29,Binary Scan,,Binary: /usr/bin/gcc-ar,1,Normal
2026-09-25,15:28:29,Binary Scan,,Binary: /usr/bin/gcc-ar-15,1,Normal
2026-09-25,15:28:29,Binary Scan,,Binary: /usr/bin/gcc-nm,1,Normal
2026-09-25,15:28:29,Binary Scan,,Binary: /usr/bin/gcc-nm-15,1,Normal
2026-09-25,15:28:29,Binary Scan,,Binary: /usr/bin/gcc-ranlib,1,Normal
2026-09-25,15:28:29,Binary Scan,,Binary: /usr/bin/gcc-ranlib-15,1,Normal
2026-09-25,15:28:29,Binary Scan,,Binary: /usr/bin/gcore,1,Normal
2026-09-25,15:28:29,Binary Scan,,Binary: /usr/bin/gcov,1,Normal
2026-09-25,15:28:29,Binary Scan,,Binary: /usr/bin/gcov-15,1,Normal
2026-09-25,15:28:29,Binary Scan,,Binary: /usr/bin/gcov-dump,1,Normal
2026-09-25,15:28:29,Binary Scan,,Binary: /usr/bin/gcov-dump-15,1,Normal
2026-09-25,15:28:29,Binary Scan,,Binary: /usr/bin/gcov-tool,1,Normal
2026-09-25,15:28:29,Binary Scan,,Binary: /usr/bin/gcov-tool-15,1,Normal
2026-09-25,15:28:29,Binary Scan,,Binary: /usr/bin/gcr-viewer,1,Normal
2026-09-25,15:28:29,Binary Scan,,Binary: /usr/bin/gcr-viewer-gtk4,1,Normal
2026-09-25,15:28:29,Binary Scan,,Binary: /usr/bin/gdb,1,Normal
2026-09-25,15:28:29,Binary Scan,,Binary: /usr/bin/gdb-add-index,1,Normal
2026-09-25,15:28:29,Binary Scan,,Binary: /usr/bin/gdbtui,1,Normal
2026-09-25,15:28:29,Binary Scan,,Binary: /usr/bin/gdbus,1,Normal
2026-09-25,15:28:29,Binary Scan,,Binary: /usr/bin/gdctl,1,Normal
2026-09-25,15:28:29,Binary Scan,,Binary: /usr/bin/gdk-pixbuf-csource,1,Normal
2026-09-25,15:28:29,Binary Scan,,Binary: /usr/bin/gdk-pixbuf-pixdata,1,Normal
2026-09-25,15:28:29,Binary Scan,,Binary: /usr/bin/gdm-config,1,Normal
2026-09-25,15:28:29,Binary Scan,,Binary: /usr/bin/gencat,1,Normal
2026-09-25,15:28:30,Binary Scan,,Binary: /usr/bin/geqn,1,Normal
2026-09-25,15:28:30,Binary Scan,,Binary: /usr/bin/getconf,1,Normal
2026-09-25,15:28:30,Binary Scan,,Binary: /usr/bin/getent,1,Normal
2026-09-25,15:28:30,Binary Scan,,Binary: /usr/bin/getfacl,1,Normal
2026-09-25,15:28:30,Binary Scan,,Binary: /usr/bin/getkeycodes,1,Normal
2026-09-25,15:28:30,Binary Scan,,Binary: /usr/bin/getopt,1,Normal
2026-09-25,15:28:30,Binary Scan,,Binary: /usr/bin/gettext,1,Normal
2026-09-25,15:28:30,Binary Scan,,Binary: /usr/bin/gettext.sh,1,Normal
2026-09-25,15:28:30,Binary Scan,,Binary: /usr/bin/ghostscript,1,Normal
2026-09-25,15:28:30,Binary Scan,,Binary: /usr/bin/ginstall-info,1,Normal
2026-09-25,15:28:30,Binary Scan,,Binary: /usr/bin/gio,1,Normal
2026-09-25,15:28:30,Binary Scan,,Binary: /usr/bin/gio-querymodules,1,Normal
2026-09-25,15:28:30,Binary Scan,,Binary: /usr/bin/gipddecode,1,Normal
2026-09-25,15:28:30,Binary Scan,,Binary: /usr/bin/gjs,1,Normal
2026-09-25,15:28:30,Binary Scan,,Binary: /usr/bin/gjs-console,1,Normal
2026-09-25,15:28:30,Binary Scan,,Binary: /usr/bin/glib-compile-schemas,1,Normal
2026-09-25,15:28:30,Binary Scan,,Binary: /usr/bin/glycin-thumbnailer,1,Normal
2026-09-25,15:28:30,Binary Scan,,Binary: /usr/bin/gmake,1,Normal
2026-09-25,15:28:30,Binary Scan,,Binary: /usr/bin/gnome-calculator,1,Normal
2026-09-25,15:28:30,Binary Scan,,Binary: /usr/bin/gnome-characters,1,Normal
2026-09-25,15:28:30,Binary Scan,,Binary: /usr/bin/gnome-clocks,1,Normal
2026-09-25,15:28:30,Binary Scan,,Binary: /usr/bin/gnome-control-center,1,Normal
2026-09-25,15:28:30,Binary Scan,,Binary: /usr/bin/gnome-disk-image-mounter,1,Normal
2026-09-25,15:28:30,Binary Scan,,Binary: /usr/bin/gnome-disks,1,Normal
2026-09-25,15:28:30,Binary Scan,,Binary: /usr/bin/gnome-extensions,1,Normal
2026-09-25,15:28:30,Binary Scan,,Binary: /usr/bin/gnome-font-viewer,1,Normal
2026-09-25,15:28:30,Binary Scan,,Binary: /usr/bin/gnome-help,1,Normal
2026-09-25,15:28:30,Binary Scan,,Binary: /usr/bin/gnome-keyring,1,Normal
2026-09-25,15:28:30,Binary Scan,,Binary: /usr/bin/gnome-keyring-3,1,Normal
2026-09-25,15:28:30,Binary Scan,,Binary: /usr/bin/gnome-keyring-daemon,1,Normal
2026-09-25,15:28:30,Binary Scan,,Binary: /usr/bin/gnome-language-selector,1,Normal
2026-09-25,15:28:30,Binary Scan,,Binary: /usr/bin/gnome-logs,1,Normal
2026-09-25,15:28:30,Binary Scan,,Binary: /usr/bin/gnome-service-client,1,Normal
2026-09-25,15:28:30,Binary Scan,,Binary: /usr/bin/gnome-session,1,Normal
2026-09-25,15:28:30,Binary Scan,,Binary: /usr/bin/gnome-session-inhibit,1,Normal
2026-09-25,15:28:30,Binary Scan,,Binary: /usr/bin/gnome-session-quit,1,Normal
2026-09-25,15:28:30,Binary Scan,,Binary: /usr/bin/gnome-shell,1,Normal
2026-09-25,15:28:30,Binary Scan,,Binary: /usr/bin/gnome-shell-extension-tool,1,Normal
2026-09-25,15:28:30,Binary Scan,,Binary: /usr/bin/gnome-shell-test-tool,1,Normal
2026-09-25,15:28:30,Binary Scan,,Binary: /usr/bin/gnome-text-editor,1,Normal
2026-09-25,15:28:30,Binary Scan,,Binary: /usr/bin/gnome-thumbnail-font,1,Normal
2026-09-25,15:28:30,Binary Scan,,Binary: /usr/bin/gnome-www-browser,1,Normal
2026-09-25,15:28:30,Binary Scan,,Binary: /usr/bin/gnu[,1,Normal
2026-09-25,15:28:30,Binary Scan,,Binary: /usr/bin/gnuarch,1,Normal
2026-09-25,15:28:30,Binary Scan,,Binary: /usr/bin/gnub2sum,1,Normal
2026-09-25,15:28:30,Binary Scan,,Binary: /usr/bin/gnubase32,1,Normal
2026-09-25,15:28:30,Binary Scan,,Binary: /usr/bin/gnubase64,1,Normal
2026-09-25,15:28:30,Binary Scan,,Binary: /usr/bin/gnubasename,1,Normal
2026-09-25,15:28:30,Binary Scan,,Binary: /usr/bin/gnubasenc,1,Normal
2026-09-25,15:28:30,Binary Scan,,Binary: /usr/bin/gnucat,1,Normal
2026-09-25,15:28:30,Binary Scan,,Binary: /usr/bin/gnuchcon,1,Normal
2026-09-25,15:28:30,Binary Scan,,Binary: /usr/bin/gnuchgrp,1,Normal
2026-09-25,15:28:30,Binary Scan,,Binary: /usr/bin/gnuchmod,1,Normal
2026-09-25,15:28:30,Binary Scan,,Binary: /usr/bin/gnuchown,1,Normal
2026-09-25,15:28:30,Binary Scan,,Binary: /usr/bin/gnucksum,1,Normal
2026-09-25,15:28:30,Binary Scan,,Binary: /usr/bin/gnucomm,1,Normal
2026-09-25,15:28:30,Binary Scan,,Binary: /usr/bin/gnucp,1,Normal
2026-09-25,15:28:30,Binary Scan,,Binary: /usr/bin/gnucsplit,1,Normal
2026-09-25,15:28:30,Binary Scan,,Binary: /usr/bin/gnucut,1,Normal
2026-09-25,15:28:30,Binary Scan,,Binary: /usr/bin/gnudate,1,Normal
2026-09-25,15:28:30,Binary Scan,,Binary: /usr/bin/gnudd,1,Normal
2026-09-25,15:28:30,Binary Scan,,Binary: /usr/bin/gnudf,1,Normal
2026-09-25,15:28:30,Binary Scan,,Binary: /usr/bin/gnudir,1,Normal
2026-09-25,15:28:30,Binary Scan,,Binary: /usr/bin/gnudircolors,1,Normal
2026-09-25,15:28:30,Binary Scan,,Binary: /usr/bin/gnudirname,1,Normal
2026-09-25,15:28:30,Binary Scan,,Binary: /usr/bin/gnudu,1,Normal
2026-09-25,15:28:30,Binary Scan,,Binary: /usr/bin/gnuecho,1,Normal
2026-09-25,15:28:30,Binary Scan,,Binary: /usr/bin/gnuenv,1,Normal
2026-09-25,15:28:30,Binary Scan,,Binary: /usr/bin/gnuexpand,1,Normal
2026-09-25,15:28:30,Binary Scan,,Binary: /usr/bin/gnuexpr,1,Normal
2026-09-25,15:28:30,Binary Scan,,Binary: /usr/bin/gnufactor,1,Normal
2026-09-25,15:28:30,Binary Scan,,Binary: /usr/bin/gnufalse,1,Normal
2026-09-25,15:28:30,Binary Scan,,Binary: /usr/bin/gnufmt,1,Normal
2026-09-25,15:28:31,Binary Scan,,Binary: /usr/bin/gnufold,1,Normal
2026-09-25,15:28:31,Binary Scan,,Binary: /usr/bin/gnugroups,1,Normal
2026-09-25,15:28:31,Binary Scan,,Binary: /usr/bin/gnuhead,1,Normal
2026-09-25,15:28:31,Binary Scan,,Binary: /usr/bin/gnuhostid,1,Normal
2026-09-25,15:28:31,Binary Scan,,Binary: /usr/bin/gnuid,1,Normal
2026-09-25,15:28:31,Binary Scan,,Binary: /usr/bin/gnuinstall,1,Normal
2026-09-25,15:28:31,Binary Scan,,Binary: /usr/bin/gnujoin,1,Normal
2026-09-25,15:28:31,Binary Scan,,Binary: /usr/bin/gnulink,1,Normal
2026-09-25,15:28:31,Binary Scan,,Binary: /usr/bin/gnuln,1,Normal
2026-09-25,15:28:31,Binary Scan,,Binary: /usr/bin/gnulogname,1,Normal
2026-09-25,15:28:31,Binary Scan,,Binary: /usr/bin/gnuls,1,Normal
2026-09-25,15:28:31,Binary Scan,,Binary: /usr/bin/gnumd5sum,1,Normal
2026-09-25,15:28:31,Binary Scan,,Binary: /usr/bin/gnumkdir,1,Normal
2026-09-25,15:28:31,Binary Scan,,Binary: /usr/bin/gnumkfifo,1,Normal
2026-09-25,15:28:31,Binary Scan,,Binary: /usr/bin/gnumknod,1,Normal
2026-09-25,15:28:31,Binary Scan,,Binary: /usr/bin/gnumktemp,1,Normal
2026-09-25,15:28:31,Binary Scan,,Binary: /usr/bin/gnumv,1,Normal
2026-09-25,15:28:31,Binary Scan,,Binary: /usr/bin/gnunice,1,Normal
2026-09-25,15:28:31,Binary Scan,,Binary: /usr/bin/gnunl,1,Normal
2026-09-25,15:28:31,Binary Scan,,Binary: /usr/bin/gnunohup,1,Normal
2026-09-25,15:28:31,Binary Scan,,Binary: /usr/bin/gnunproc,1,Normal
2026-09-25,15:28:31,Binary Scan,,Binary: /usr/bin/gnunumfmt,1,Normal
2026-09-25,15:28:31,Binary Scan,,Binary: /usr/bin/gnuod,1,Normal
2026-09-25,15:28:31,Binary Scan,,Binary: /usr/bin/gnupaste,1,Normal
2026-09-25,15:28:31,Binary Scan,,Binary: /usr/bin/gnupathchk,1,Normal
2026-09-25,15:28:31,Binary Scan,,Binary: /usr/bin/gnupinky,1,Normal
2026-09-25,15:28:31,Binary Scan,,Binary: /usr/bin/gnupr,1,Normal
2026-09-25,15:28:31,Binary Scan,,Binary: /usr/bin/gnuprintenv,1,Normal
2026-09-25,15:28:31,Binary Scan,,Binary: /usr/bin/gnuprintf,1,Normal
2026-09-25,15:28:31,Binary Scan,,Binary: /usr/bin/gnuptx,1,Normal
2026-09-25,15:28:31,Binary Scan,,Binary: /usr/bin/gnupwd,1,Normal
2026-09-25,15:28:31,Binary Scan,,Binary: /usr/bin/gnureadlink,1,Normal
2026-09-25,15:28:31,Binary Scan,,Binary: /usr/bin/gnurealpath,1,Normal
2026-09-25,15:28:31,Binary Scan,,Binary: /usr/bin/gnurm,1,Normal
2026-09-25,15:28:31,Binary Scan,,Binary: /usr/bin/gnurmdir,1,Normal
2026-09-25,15:28:31,Binary Scan,,Binary: /usr/bin/gnuruncon,1,Normal
2026-09-25,15:28:31,Binary Scan,,Binary: /usr/bin/gnuseq,1,Normal
2026-09-25,15:28:31,Binary Scan,,Binary: /usr/bin/gnusha1sum,1,Normal
2026-09-25,15:28:31,Binary Scan,,Binary: /usr/bin/gnusha224sum,1,Normal
2026-09-25,15:28:31,Binary Scan,,Binary: /usr/bin/gnusha256sum,1,Normal
2026-09-25,15:28:31,Binary Scan,,Binary: /usr/bin/gnusha384sum,1,Normal
2026-09-25,15:28:31,Binary Scan,,Binary: /usr/bin/gnusha512sum,1,Normal
2026-09-25,15:28:31,Binary Scan,,Binary: /usr/bin/gnushred,1,Normal
2026-09-25,15:28:31,Binary Scan,,Binary: /usr/bin/gnushuf,1,Normal
2026-09-25,15:28:31,Binary Scan,,Binary: /usr/bin/gnusleep,1,Normal
2026-09-25,15:28:31,Binary Scan,,Binary: /usr/bin/gnusort,1,Normal
2026-09-25,15:28:31,Binary Scan,,Binary: /usr/bin/gnusplit,1,Normal
2026-09-25,15:28:31,Binary Scan,,Binary: /usr/bin/gnustat,1,Normal
2026-09-25,15:28:31,Binary Scan,,Binary: /usr/bin/gnustdbuf,1,Normal
2026-09-25,15:28:31,Binary Scan,,Binary: /usr/bin/gnustty,1,Normal
2026-09-25,15:28:31,Binary Scan,,Binary: /usr/bin/gnusum,1,Normal
2026-09-25,15:28:31,Binary Scan,,Binary: /usr/bin/gnusync,1,Normal
2026-09-25,15:28:31,Binary Scan,,Binary: /usr/bin/gnutac,1,Normal
2026-09-25,15:28:31,Binary Scan,,Binary: /usr/bin/gnutail,1,Normal
2026-09-25,15:28:31,Binary Scan,,Binary: /usr/bin/gnutee,1,Normal
2026-09-25,15:28:31,Binary Scan,,Binary: /usr/bin/gnutest,1,Normal
2026-09-25,15:28:31,Binary Scan,,Binary: /usr/bin/gnutimeout,1,Normal
2026-09-25,15:28:31,Binary Scan,,Binary: /usr/bin/gnutouch,1,Normal
2026-09-25,15:28:31,Binary Scan,,Binary: /usr/bin/gnutr,1,Normal
2026-09-25,15:28:31,Binary Scan,,Binary: /usr/bin/gnutrue,1,Normal
2026-09-25,15:28:31,Binary Scan,,Binary: /usr/bin/gnutruncate,1,Normal
2026-09-25,15:28:31,Binary Scan,,Binary: /usr/bin/gnutsort,1,Normal
2026-09-25,15:28:31,Binary Scan,,Binary: /usr/bin/gnutty,1,Normal
2026-09-25,15:28:31,Binary Scan,,Binary: /usr/bin/gnuuname,1,Normal
2026-09-25,15:28:31,Binary Scan,,Binary: /usr/bin/gnuunexpand,1,Normal
2026-09-25,15:28:31,Binary Scan,,Binary: /usr/bin/gnuuniq,1,Normal
2026-09-25,15:28:31,Binary Scan,,Binary: /usr/bin/gnuunlink,1,Normal
2026-09-25,15:28:31,Binary Scan,,Binary: /usr/bin/gnuusers,1,Normal
2026-09-25,15:28:31,Binary Scan,,Binary: /usr/bin/gnuvdir,1,Normal
2026-09-25,15:28:31,Binary Scan,,Binary: /usr/bin/gnuwc,1,Normal
2026-09-25,15:28:31,Binary Scan,,Binary: /usr/bin/gnuwho,1,Normal
2026-09-25,15:28:31,Binary Scan,,Binary: /usr/bin/gnuwhoami,1,Normal
2026-09-25,15:28:31,Binary Scan,,Binary: /usr/bin/gnuyes,1,Normal
2026-09-25,15:28:31,Binary Scan,,Binary: /usr/bin/gp-archive,1,Normal
2026-09-25,15:28:32,Binary Scan,,Binary: /usr/bin/gp-collect-app,1,Normal
2026-09-25,15:28:32,Binary Scan,,Binary: /usr/bin/gp-display-html,1,Normal
2026-09-25,15:28:32,Binary Scan,,Binary: /usr/bin/gp-display-src,1,Normal
2026-09-25,15:28:32,Binary Scan,,Binary: /usr/bin/gp-display-text,1,Normal
2026-09-25,15:28:32,Binary Scan,,Binary: /usr/bin/gpasswd,1,Normal
2026-09-25,15:28:32,Binary Scan,,Binary: /usr/bin/gpg,1,Normal
2026-09-25,15:28:32,Binary Scan,,Binary: /usr/bin/gpg-agent,1,Normal
2026-09-25,15:28:32,Binary Scan,,Binary: /usr/bin/gpg-connect-agent,1,Normal
2026-09-25,15:28:32,Binary Scan,,Binary: /usr/bin/gpg-mail-tube,1,Normal
2026-09-25,15:28:32,Binary Scan,,Binary: /usr/bin/gpg-wks-client,1,Normal
2026-09-25,15:28:32,Binary Scan,,Binary: /usr/bin/gpgconf,1,Normal
2026-09-25,15:28:32,Binary Scan,,Binary: /usr/bin/gpgparsemail,1,Normal
2026-09-25,15:28:32,Binary Scan,,Binary: /usr/bin/gpgsm,1,Normal
2026-09-25,15:28:32,Binary Scan,,Binary: /usr/bin/gpgsplit,1,Normal
2026-09-25,15:28:32,Binary Scan,,Binary: /usr/bin/gpgtar,1,Normal
2026-09-25,15:28:32,Binary Scan,,Binary: /usr/bin/gpgv,1,Normal
2026-09-25,15:28:32,Binary Scan,,Binary: /usr/bin/gpic,1,Normal
2026-09-25,15:28:32,Binary Scan,,Binary: /usr/bin/gprof,1,Normal
2026-09-25,15:28:32,Binary Scan,,Binary: /usr/bin/gprofng,1,Normal
2026-09-25,15:28:32,Binary Scan,,Binary: /usr/bin/gprofng-archive,1,Normal
2026-09-25,15:28:32,Binary Scan,,Binary: /usr/bin/gprofng-collect-app,1,Normal
2026-09-25,15:28:32,Binary Scan,,Binary: /usr/bin/gprofng-display-html,1,Normal
2026-09-25,15:28:32,Binary Scan,,Binary: /usr/bin/gprofng-display-src,1,Normal
2026-09-25,15:28:32,Binary Scan,,Binary: /usr/bin/gprofng-display-text,1,Normal
2026-09-25,15:28:32,Binary Scan,,Binary: /usr/bin/gprofng-gmon,1,Normal
2026-09-25,15:28:32,Binary Scan,,Binary: /usr/bin/gpu-manager,1,Normal
2026-09-25,15:28:32,Binary Scan,,Binary: /usr/bin/grdctl,1,Normal
2026-09-25,15:28:32,Binary Scan,,Binary: /usr/bin/grep,1,Normal
2026-09-25,15:28:32,Binary Scan,,Binary: /usr/bin/gresource,1,Normal
2026-09-25,15:28:32,Binary Scan,,Binary: /usr/bin/groff,1,Normal
2026-09-25,15:28:32,Binary Scan,,Binary: /usr/bin/grog,1,Normal
2026-09-25,15:28:32,Binary Scan,,Binary: /usr/bin/grops,1,Normal
2026-09-25,15:28:32,Binary Scan,,Binary: /usr/bin/grotty,1,Normal
2026-09-25,15:28:32,Binary Scan,,Binary: /usr/bin/groups,1,Normal
2026-09-25,15:28:32,Binary Scan,,Binary: /usr/bin/growpart,1,Normal
2026-09-25,15:28:32,Binary Scan,,Binary: /usr/bin/grub-editenv,1,Normal
2026-09-25,15:28:32,Binary Scan,,Binary: /usr/bin/grub-file,1,Normal
2026-09-25,15:28:32,Binary Scan,,Binary: /usr/bin/grub-fstest,1,Normal
2026-09-25,15:28:32,Binary Scan,,Binary: /usr/bin/grub-glue-efi,1,Normal
2026-09-25,15:28:32,Binary Scan,,Binary: /usr/bin/grub-kbdcomp,1,Normal
2026-09-25,15:28:32,Binary Scan,,Binary: /usr/bin/grub-menulst2cfg,1,Normal
2026-09-25,15:28:32,Binary Scan,,Binary: /usr/bin/grub-mkfont,1,Normal
2026-09-25,15:28:32,Binary Scan,,Binary: /usr/bin/grub-mkimage,1,Normal
2026-09-25,15:28:32,Binary Scan,,Binary: /usr/bin/grub-mklayout,1,Normal
2026-09-25,15:28:32,Binary Scan,,Binary: /usr/bin/grub-mknetdir,1,Normal
2026-09-25,15:28:32,Binary Scan,,Binary: /usr/bin/grub-mkpasswd-pbkdf2,1,Normal
2026-09-25,15:28:32,Binary Scan,,Binary: /usr/bin/grub-mkrelpath,1,Normal
2026-09-25,15:28:32,Binary Scan,,Binary: /usr/bin/grub-mkrescue,1,Normal
2026-09-25,15:28:32,Binary Scan,,Binary: /usr/bin/grub-mkstandalone,1,Normal
2026-09-25,15:28:32,Binary Scan,,Binary: /usr/bin/grub-mount,1,Normal
2026-09-25,15:28:32,Binary Scan,,Binary: /usr/bin/grub-ntldr-img,1,Normal
2026-09-25,15:28:32,Binary Scan,,Binary: /usr/bin/grub-render-label,1,Normal
2026-09-25,15:28:32,Binary Scan,,Binary: /usr/bin/grub-script-check,1,Normal
2026-09-25,15:28:32,Binary Scan,,Binary: /usr/bin/grub-syslinux2cfg,1,Normal
2026-09-25,15:28:32,Binary Scan,,Binary: /usr/bin/gs,1,Normal
2026-09-25,15:28:32,Binary Scan,,Binary: /usr/bin/gsbj,1,Normal
2026-09-25,15:28:32,Binary Scan,,Binary: /usr/bin/gsdj,1,Normal
2026-09-25,15:28:32,Binary Scan,,Binary: /usr/bin/gsdj500,1,Normal
2026-09-25,15:28:32,Binary Scan,,Binary: /usr/bin/gsettings,1,Normal
2026-09-25,15:28:32,Binary Scan,,Binary: /usr/bin/gslj,1,Normal
2026-09-25,15:28:32,Binary Scan,,Binary: /usr/bin/gslp,1,Normal
2026-09-25,15:28:32,Binary Scan,,Binary: /usr/bin/gsnd,1,Normal
2026-09-25,15:28:32,Binary Scan,,Binary: /usr/bin/gst-device-monitor-1.0,1,Normal
2026-09-25,15:28:32,Binary Scan,,Binary: /usr/bin/gst-discoverer-1.0,1,Normal
2026-09-25,15:28:32,Binary Scan,,Binary: /usr/bin/gst-inspect-1.0,1,Normal
2026-09-25,15:28:32,Binary Scan,,Binary: /usr/bin/gst-launch-1.0,1,Normal
2026-09-25,15:28:32,Binary Scan,,Binary: /usr/bin/gst-play-1.0,1,Normal
2026-09-25,15:28:32,Binary Scan,,Binary: /usr/bin/gst-stats-1.0,1,Normal
2026-09-25,15:28:32,Binary Scan,,Binary: /usr/bin/gst-tester-1.0,1,Normal
2026-09-25,15:28:32,Binary Scan,,Binary: /usr/bin/gst-typefind-1.0,1,Normal
2026-09-25,15:28:32,Binary Scan,,Binary: /usr/bin/gstack,1,Normal
2026-09-25,15:28:32,Binary Scan,,Binary: /usr/bin/gstreamer-codec-install,1,Normal
2026-09-25,15:28:32,Binary Scan,,Binary: /usr/bin/gtbl,1,Normal
2026-09-25,15:28:32,Binary Scan,,Binary: /usr/bin/gted,1,Normal
2026-09-25,15:28:33,Binary Scan,,Binary: /usr/bin/gtk-builder-tool,1,Normal
2026-09-25,15:28:33,Binary Scan,,Binary: /usr/bin/gtk-encode-symbolic-svg,1,Normal
2026-09-25,15:28:33,Binary Scan,,Binary: /usr/bin/gtk-launch,1,Normal
2026-09-25,15:28:33,Binary Scan,,Binary: /usr/bin/gtk-query-settings,1,Normal
2026-09-25,15:28:33,Binary Scan,,Binary: /usr/bin/gtk-update-icon-cache,1,Normal
2026-09-25,15:28:33,Binary Scan,,Binary: /usr/bin/gtk4-broadwayd,1,Normal
2026-09-25,15:28:33,Binary Scan,,Binary: /usr/bin/gtk4-builder-tool,1,Normal
2026-09-25,15:28:33,Binary Scan,,Binary: /usr/bin/gtk4-encode-symbolic-svg,1,Normal
2026-09-25,15:28:33,Binary Scan,,Binary: /usr/bin/gtk4-image-tool,1,Normal
2026-09-25,15:28:33,Binary Scan,,Binary: /usr/bin/gtk4-launch,1,Normal
2026-09-25,15:28:33,Binary Scan,,Binary: /usr/bin/gtk4-path-tool,1,Normal
2026-09-25,15:28:33,Binary Scan,,Binary: /usr/bin/gtk4-query-settings,1,Normal
2026-09-25,15:28:33,Binary Scan,,Binary: /usr/bin/gtk4-rendernode-tool,1,Normal
2026-09-25,15:28:33,Binary Scan,,Binary: /usr/bin/gtk4-update-icon-cache,1,Normal
2026-09-25,15:28:33,Binary Scan,,Binary: /usr/bin/gunzip,1,Normal
2026-09-25,15:28:33,Binary Scan,,Binary: /usr/bin/gzexe,1,Normal
2026-09-25,15:28:33,Binary Scan,,Binary: /usr/bin/gzip,1,Normal
2026-09-25,15:28:33,Binary Scan,,Binary: /usr/bin/h2ph,1,Normal
2026-09-25,15:28:33,Binary Scan,,Binary: /usr/bin/h2xs,1,Normal
2026-09-25,15:28:33,Binary Scan,,Binary: /usr/bin/hardlink,1,Normal
2026-09-25,15:28:33,Binary Scan,,Binary: /usr/bin/hashsum,1,Normal
2026-09-25,15:28:33,Binary Scan,,Binary: /usr/bin/hbpldecode,1,Normal
2026-09-25,15:28:33,Binary Scan,,Binary: /usr/bin/hciattach,1,Normal
2026-09-25,15:28:33,Binary Scan,,Binary: /usr/bin/hciconfig,1,Normal
2026-09-25,15:28:33,Binary Scan,,Binary: /usr/bin/hcitool,1,Normal
2026-09-25,15:28:33,Binary Scan,,Binary: /usr/bin/hd,1,Normal
2026-09-25,15:28:33,Binary Scan,,Binary: /usr/bin/head,1,Normal
2026-09-25,15:28:33,Binary Scan,,Binary: /usr/bin/heif-thumbnailer,1,Normal
2026-09-25,15:28:33,Binary Scan,,Binary: /usr/bin/helpztags,1,Normal
2026-09-25,15:28:33,Binary Scan,,Binary: /usr/bin/hex2hcd,1,Normal
2026-09-25,15:28:33,Binary Scan,,Binary: /usr/bin/hexdump,1,Normal
2026-09-25,15:28:33,Binary Scan,,Binary: /usr/bin/hipercdecode,1,Normal
2026-09-25,15:28:33,Binary Scan,,Binary: /usr/bin/host,1,Normal
2026-09-25,15:28:33,Binary Scan,,Binary: /usr/bin/hostid,1,Normal
2026-09-25,15:28:33,Binary Scan,,Binary: /usr/bin/hostname,1,Normal
2026-09-25,15:28:33,Binary Scan,,Binary: /usr/bin/hostnamectl,1,Normal
2026-09-25,15:28:33,Binary Scan,,Binary: /usr/bin/hp-align,1,Normal
2026-09-25,15:28:33,Binary Scan,,Binary: /usr/bin/hp-check,1,Normal
2026-09-25,15:28:33,Binary Scan,,Binary: /usr/bin/hp-clean,1,Normal
2026-09-25,15:28:33,Binary Scan,,Binary: /usr/bin/hp-colorcal,1,Normal
2026-09-25,15:28:33,Binary Scan,,Binary: /usr/bin/hp-config_usb_printer,1,Normal
2026-09-25,15:28:33,Binary Scan,,Binary: /usr/bin/hp-doctor,1,Normal
2026-09-25,15:28:33,Binary Scan,,Binary: /usr/bin/hp-firmware,1,Normal
2026-09-25,15:28:33,Binary Scan,,Binary: /usr/bin/hp-info,1,Normal
2026-09-25,15:28:33,Binary Scan,,Binary: /usr/bin/hp-levels,1,Normal
2026-09-25,15:28:33,Binary Scan,,Binary: /usr/bin/hp-logcapture,1,Normal
2026-09-25,15:28:33,Binary Scan,,Binary: /usr/bin/hp-makeuri,1,Normal
2026-09-25,15:28:33,Binary Scan,,Binary: /usr/bin/hp-pkservice,1,Normal
2026-09-25,15:28:33,Binary Scan,,Binary: /usr/bin/hp-plugin,1,Normal
2026-09-25,15:28:33,Binary Scan,,Binary: /usr/bin/hp-plugin-ubuntu,1,Normal
2026-09-25,15:28:33,Binary Scan,,Binary: /usr/bin/hp-probe,1,Normal
2026-09-25,15:28:33,Binary Scan,,Binary: /usr/bin/hp-query,1,Normal
2026-09-25,15:28:33,Binary Scan,,Binary: /usr/bin/hp-scan,1,Normal
2026-09-25,15:28:33,Binary Scan,,Binary: /usr/bin/hp-setup,1,Normal
2026-09-25,15:28:33,Binary Scan,,Binary: /usr/bin/hp-testpage,1,Normal
2026-09-25,15:28:33,Binary Scan,,Binary: /usr/bin/hp-timedate,1,Normal
2026-09-25,15:28:33,Binary Scan,,Binary: /usr/bin/hwctl,1,Normal
2026-09-25,15:28:33,Binary Scan,,Binary: /usr/bin/hwe-support-status,1,Normal
2026-09-25,15:28:33,Binary Scan,,Binary: /usr/bin/i386,1,Normal
2026-09-25,15:28:33,Binary Scan,,Binary: /usr/bin/ibus,1,Normal
2026-09-25,15:28:33,Binary Scan,,Binary: /usr/bin/ibus-daemon,1,Normal
2026-09-25,15:28:33,Binary Scan,,Binary: /usr/bin/ibus-setup,1,Normal
2026-09-25,15:28:33,Binary Scan,,Binary: /usr/bin/ibus-table-createdb,1,Normal
2026-09-25,15:28:33,Binary Scan,,Binary: /usr/bin/iceauth,1,Normal
2026-09-25,15:28:33,Binary Scan,,Binary: /usr/bin/iconv,1,Normal
2026-09-25,15:28:33,Binary Scan,,Binary: /usr/bin/id,1,Normal
2026-09-25,15:28:33,Binary Scan,,Binary: /usr/bin/iecset,1,Normal
2026-09-25,15:28:33,Binary Scan,,Binary: /usr/bin/ijs_pxljr,1,Normal
2026-09-25,15:28:33,Binary Scan,,Binary: /usr/bin/im-config,1,Normal
2026-09-25,15:28:33,Binary Scan,,Binary: /usr/bin/im-launch,1,Normal
2026-09-25,15:28:33,Binary Scan,,Binary: /usr/bin/inetutils-telnet,1,Normal
2026-09-25,15:28:33,Binary Scan,,Binary: /usr/bin/info,1,Normal
2026-09-25,15:28:33,Binary Scan,,Binary: /usr/bin/infobrowser,1,Normal
2026-09-25,15:28:34,Binary Scan,,Binary: /usr/bin/infocmp,1,Normal
2026-09-25,15:28:34,Binary Scan,,Binary: /usr/bin/infotocap,1,Normal
2026-09-25,15:28:34,Binary Scan,,Binary: /usr/bin/inputattach,1,Normal
2026-09-25,15:28:34,Binary Scan,,Binary: /usr/bin/install,1,Normal
2026-09-25,15:28:34,Binary Scan,,Binary: /usr/bin/install-info,1,Normal
2026-09-25,15:28:34,Binary Scan,,Binary: /usr/bin/install-menu,1,Normal
2026-09-25,15:28:34,Binary Scan,,Binary: /usr/bin/instmodsh,1,Normal
2026-09-25,15:28:34,Binary Scan,,Binary: /usr/bin/ionice,1,Normal
2026-09-25,15:28:34,Binary Scan,,Binary: /usr/bin/iostat,1,Normal
2026-09-25,15:28:34,Binary Scan,,Binary: /usr/bin/ip,1,Normal
2026-09-25,15:28:34,Binary Scan,,Binary: /usr/bin/ipcmk,1,Normal
2026-09-25,15:28:34,Binary Scan,,Binary: /usr/bin/ipcrm,1,Normal
2026-09-25,15:28:34,Binary Scan,,Binary: /usr/bin/ipcs,1,Normal
2026-09-25,15:28:34,Binary Scan,,Binary: /usr/bin/ippfind,1,Normal
2026-09-25,15:28:34,Binary Scan,,Binary: /usr/bin/ipptool,1,Normal
2026-09-25,15:28:34,Binary Scan,,Binary: /usr/bin/iptables-xml,1,Normal
2026-09-25,15:28:34,Binary Scan,,Binary: /usr/bin/ischroot,1,Normal
2026-09-25,15:28:34,Binary Scan,,Binary: /usr/bin/ispell-wrapper,1,Normal
2026-09-25,15:28:34,Binary Scan,,Binary: /usr/bin/join,1,Normal
2026-09-25,15:28:34,Binary Scan,,Binary: /usr/bin/journalctl,1,Normal
2026-09-25,15:28:34,Binary Scan,,Binary: /usr/bin/jpgicc,1,Normal
2026-09-25,15:28:34,Binary Scan,,Binary: /usr/bin/jq,1,Normal
2026-09-25,15:28:34,Binary Scan,,Binary: /usr/bin/json-patch-jsondiff,1,Normal
2026-09-25,15:28:34,Binary Scan,,Binary: /usr/bin/json_pp,1,Normal
2026-09-25,15:28:34,Binary Scan,,Binary: /usr/bin/jsondiff,1,Normal
2026-09-25,15:28:34,Binary Scan,,Binary: /usr/bin/jsonpatch,1,Normal
2026-09-25,15:28:34,Binary Scan,,Binary: /usr/bin/jsonpointer,1,Normal
2026-09-25,15:28:34,Binary Scan,,Binary: /usr/bin/jsonschema,1,Normal
2026-09-25,15:28:34,Binary Scan,,Binary: /usr/bin/kbd_mode,1,Normal
2026-09-25,15:28:34,Binary Scan,,Binary: /usr/bin/kbdinfo,1,Normal
2026-09-25,15:28:34,Binary Scan,,Binary: /usr/bin/kbxutil,1,Normal
2026-09-25,15:28:34,Binary Scan,,Binary: /usr/bin/kernel-install,1,Normal
2026-09-25,15:28:34,Binary Scan,,Binary: /usr/bin/kill,1,Normal
2026-09-25,15:28:34,Binary Scan,,Binary: /usr/bin/killall,1,Normal
2026-09-25,15:28:34,Binary Scan,,Binary: /usr/bin/kmod,1,Normal
2026-09-25,15:28:34,Binary Scan,,Binary: /usr/bin/kmodsign,1,Normal
2026-09-25,15:28:34,Binary Scan,,Binary: /usr/bin/l2ping,1,Normal
2026-09-25,15:28:34,Binary Scan,,Binary: /usr/bin/l2test,1,Normal
2026-09-25,15:28:34,Binary Scan,,Binary: /usr/bin/laptop-detect,1,Normal
2026-09-25,15:28:34,Binary Scan,,Binary: /usr/bin/lavadecode,1,Normal
2026-09-25,15:28:34,Binary Scan,,Binary: /usr/bin/ld,1,Normal
2026-09-25,15:28:34,Binary Scan,,Binary: /usr/bin/ld.bfd,1,Normal
2026-09-25,15:28:34,Binary Scan,,Binary: /usr/bin/ld.so,1,Normal
2026-09-25,15:28:34,Binary Scan,,Binary: /usr/bin/ldapadd,1,Normal
2026-09-25,15:28:34,Binary Scan,,Binary: /usr/bin/ldapcompare,1,Normal
2026-09-25,15:28:34,Binary Scan,,Binary: /usr/bin/ldapdelete,1,Normal
2026-09-25,15:28:34,Binary Scan,,Binary: /usr/bin/ldapexop,1,Normal
2026-09-25,15:28:34,Binary Scan,,Binary: /usr/bin/ldapmodify,1,Normal
2026-09-25,15:28:34,Binary Scan,,Binary: /usr/bin/ldapmodrdn,1,Normal
2026-09-25,15:28:34,Binary Scan,,Binary: /usr/bin/ldappasswd,1,Normal
2026-09-25,15:28:34,Binary Scan,,Binary: /usr/bin/ldapsearch,1,Normal
2026-09-25,15:28:34,Binary Scan,,Binary: /usr/bin/ldapurl,1,Normal
2026-09-25,15:28:34,Binary Scan,,Binary: /usr/bin/ldapwhoami,1,Normal
2026-09-25,15:28:34,Binary Scan,,Binary: /usr/bin/ldd,1,Normal
2026-09-25,15:28:34,Binary Scan,,Binary: /usr/bin/less,1,Normal
2026-09-25,15:28:34,Binary Scan,,Binary: /usr/bin/lessecho,1,Normal
2026-09-25,15:28:34,Binary Scan,,Binary: /usr/bin/lessfile,1,Normal
2026-09-25,15:28:34,Binary Scan,,Binary: /usr/bin/lesskey,1,Normal
2026-09-25,15:28:34,Binary Scan,,Binary: /usr/bin/lesspipe,1,Normal
2026-09-25,15:28:34,Binary Scan,,Binary: /usr/bin/lexgrog,1,Normal
2026-09-25,15:28:34,Binary Scan,,Binary: /usr/bin/libnetcfg,1,Normal
2026-09-25,15:28:34,Binary Scan,,Binary: /usr/bin/link,1,Normal
2026-09-25,15:28:34,Binary Scan,,Binary: /usr/bin/linkicc,1,Normal
2026-09-25,15:28:34,Binary Scan,,Binary: /usr/bin/linux-boot-prober,1,Normal
2026-09-25,15:28:34,Binary Scan,,Binary: /usr/bin/linux-check-removal,1,Normal
2026-09-25,15:28:34,Binary Scan,,Binary: /usr/bin/linux-run-hooks,1,Normal
2026-09-25,15:28:34,Binary Scan,,Binary: /usr/bin/linux-update-symlinks,1,Normal
2026-09-25,15:28:34,Binary Scan,,Binary: /usr/bin/linux-version,1,Normal
2026-09-25,15:28:34,Binary Scan,,Binary: /usr/bin/linux32,1,Normal
2026-09-25,15:28:34,Binary Scan,,Binary: /usr/bin/linux64,1,Normal
2026-09-25,15:28:34,Binary Scan,,Binary: /usr/bin/listres,1,Normal
2026-09-25,15:28:34,Binary Scan,,Binary: /usr/bin/ln,1,Normal
2026-09-25,15:28:34,Binary Scan,,Binary: /usr/bin/lnstat,1,Normal
2026-09-25,15:28:34,Binary Scan,,Binary: /usr/bin/loadkeys,1,Normal
2026-09-25,15:28:34,Binary Scan,,Binary: /usr/bin/loadunimap,1,Normal
2026-09-25,15:28:35,Binary Scan,,Binary: /usr/bin/locale,1,Normal
2026-09-25,15:28:35,Binary Scan,,Binary: /usr/bin/locale-check,1,Normal
2026-09-25,15:28:35,Binary Scan,,Binary: /usr/bin/localectl,1,Normal
2026-09-25,15:28:35,Binary Scan,,Binary: /usr/bin/localedef,1,Normal
2026-09-25,15:28:35,Binary Scan,,Binary: /usr/bin/localsearch,1,Normal
2026-09-25,15:28:35,Binary Scan,,Binary: /usr/bin/logger,1,Normal
2026-09-25,15:28:35,Binary Scan,,Binary: /usr/bin/login,1,Normal
2026-09-25,15:28:35,Binary Scan,,Binary: /usr/bin/loginctl,1,Normal
2026-09-25,15:28:35,Binary Scan,,Binary: /usr/bin/logname,1,Normal
2026-09-25,15:28:35,Binary Scan,,Binary: /usr/bin/look,1,Normal
2026-09-25,15:28:35,Binary Scan,,Binary: /usr/bin/loupe,1,Normal
2026-09-25,15:28:35,Binary Scan,,Binary: /usr/bin/lowntfs-3g,1,Normal
2026-09-25,15:28:35,Binary Scan,,Binary: /usr/bin/lp,1,Normal
2026-09-25,15:28:35,Binary Scan,,Binary: /usr/bin/lpoptions,1,Normal
2026-09-25,15:28:35,Binary Scan,,Binary: /usr/bin/lpq,1,Normal
2026-09-25,15:28:35,Binary Scan,,Binary: /usr/bin/lpr,1,Normal
2026-09-25,15:28:35,Binary Scan,,Binary: /usr/bin/lprm,1,Normal
2026-09-25,15:28:35,Binary Scan,,Binary: /usr/bin/lpstat,1,Normal
2026-09-25,15:28:35,Binary Scan,,Binary: /usr/bin/ls,1,Normal
2026-09-25,15:28:35,Binary Scan,,Binary: /usr/bin/lsattr,1,Normal
2026-09-25,15:28:35,Binary Scan,,Binary: /usr/bin/lsb_release,1,Normal
2026-09-25,15:28:35,Binary Scan,,Binary: /usr/bin/lsblk,1,Normal
2026-09-25,15:28:35,Binary Scan,,Binary: /usr/bin/lscpu,1,Normal
2026-09-25,15:28:35,Binary Scan,,Binary: /usr/bin/lshw,1,Normal
2026-09-25,15:28:35,Binary Scan,,Binary: /usr/bin/lsinitramfs,1,Normal
2026-09-25,15:28:35,Binary Scan,,Binary: /usr/bin/lsinitrd,1,Normal
2026-09-25,15:28:35,Binary Scan,,Binary: /usr/bin/lsipc,1,Normal
2026-09-25,15:28:35,Binary Scan,,Binary: /usr/bin/lslocks,1,Normal
2026-09-25,15:28:35,Binary Scan,,Binary: /usr/bin/lsmod,1,Normal
2026-09-25,15:28:35,Binary Scan,,Binary: /usr/bin/lsns,1,Normal
2026-09-25,15:28:35,Binary Scan,,Binary: /usr/bin/lsof,1,Normal
2026-09-25,15:28:35,Binary Scan,,Binary: /usr/bin/lspci,1,Normal
2026-09-25,15:28:35,Binary Scan,,Binary: /usr/bin/lspgpot,1,Normal
2026-09-25,15:28:35,Binary Scan,,Binary: /usr/bin/lspower,1,Normal
2026-09-25,15:28:35,Binary Scan,,Binary: /usr/bin/lsusb,1,Normal
2026-09-25,15:28:35,Binary Scan,,Binary: /usr/bin/lto-dump,1,Normal
2026-09-25,15:28:35,Binary Scan,,Binary: /usr/bin/lto-dump-15,1,Normal
2026-09-25,15:28:35,Binary Scan,,Binary: /usr/bin/luit,1,Normal
2026-09-25,15:28:35,Binary Scan,,Binary: /usr/bin/lwp-download,1,Normal
2026-09-25,15:28:35,Binary Scan,,Binary: /usr/bin/lwp-dump,1,Normal
2026-09-25,15:28:35,Binary Scan,,Binary: /usr/bin/lwp-mirror,1,Normal
2026-09-25,15:28:35,Binary Scan,,Binary: /usr/bin/lwp-request,1,Normal
2026-09-25,15:28:35,Binary Scan,,Binary: /usr/bin/lzcat,1,Normal
2026-09-25,15:28:35,Binary Scan,,Binary: /usr/bin/lzcmp,1,Normal
2026-09-25,15:28:35,Binary Scan,,Binary: /usr/bin/lzdiff,1,Normal
2026-09-25,15:28:35,Binary Scan,,Binary: /usr/bin/lzegrep,1,Normal
2026-09-25,15:28:35,Binary Scan,,Binary: /usr/bin/lzfgrep,1,Normal
2026-09-25,15:28:35,Binary Scan,,Binary: /usr/bin/lzgrep,1,Normal
2026-09-25,15:28:35,Binary Scan,,Binary: /usr/bin/lzless,1,Normal
2026-09-25,15:28:35,Binary Scan,,Binary: /usr/bin/lzma,1,Normal
2026-09-25,15:28:35,Binary Scan,,Binary: /usr/bin/lzmainfo,1,Normal
2026-09-25,15:28:35,Binary Scan,,Binary: /usr/bin/lzmore,1,Normal
2026-09-25,15:28:35,Binary Scan,,Binary: /usr/bin/m17n-db,1,Normal
2026-09-25,15:28:35,Binary Scan,,Binary: /usr/bin/m2300w,1,Normal
2026-09-25,15:28:35,Binary Scan,,Binary: /usr/bin/m2300w-wrapper,1,Normal
2026-09-25,15:28:35,Binary Scan,,Binary: /usr/bin/m2400w,1,Normal
2026-09-25,15:28:35,Binary Scan,,Binary: /usr/bin/make,1,Normal
2026-09-25,15:28:35,Binary Scan,,Binary: /usr/bin/make-first-existing-target,1,Normal
2026-09-25,15:28:35,Binary Scan,,Binary: /usr/bin/makedumpfile,1,Normal
2026-09-25,15:28:35,Binary Scan,,Binary: /usr/bin/makedumpfile-R.pl,1,Normal
2026-09-25,15:28:35,Binary Scan,,Binary: /usr/bin/man,1,Normal
2026-09-25,15:28:35,Binary Scan,,Binary: /usr/bin/man-recode,1,Normal
2026-09-25,15:28:35,Binary Scan,,Binary: /usr/bin/mandb,1,Normal
2026-09-25,15:28:35,Binary Scan,,Binary: /usr/bin/manpath,1,Normal
2026-09-25,15:28:35,Binary Scan,,Binary: /usr/bin/mapscrn,1,Normal
2026-09-25,15:28:35,Binary Scan,,Binary: /usr/bin/markdown-it,1,Normal
2026-09-25,15:28:35,Binary Scan,,Binary: /usr/bin/mawk,1,Normal
2026-09-25,15:28:35,Binary Scan,,Binary: /usr/bin/mbim-network,1,Normal
2026-09-25,15:28:35,Binary Scan,,Binary: /usr/bin/mbimcli,1,Normal
2026-09-25,15:28:35,Binary Scan,,Binary: /usr/bin/mcookie,1,Normal
2026-09-25,15:28:35,Binary Scan,,Binary: /usr/bin/md5sum,1,Normal
2026-09-25,15:28:35,Binary Scan,,Binary: /usr/bin/mdig,1,Normal
2026-09-25,15:28:35,Binary Scan,,Binary: /usr/bin/memhog,1,Normal
2026-09-25,15:28:35,Binary Scan,,Binary: /usr/bin/mesa-overlay-control.py,1,Normal
2026-09-25,15:28:35,Binary Scan,,Binary: /usr/bin/mesa-screenshot-control.py,1,Normal
2026-09-25,15:28:36,Binary Scan,,Binary: /usr/bin/migrate-pubring-from-classic-gpg,1,Normal
2026-09-25,15:28:36,Binary Scan,,Binary: /usr/bin/migratepages,1,Normal
2026-09-25,15:28:36,Binary Scan,,Binary: /usr/bin/migspeed,1,Normal
2026-09-25,15:28:36,Binary Scan,,Binary: /usr/bin/mimeopen,1,Normal
2026-09-25,15:28:36,Binary Scan,,Binary: /usr/bin/mimetype,1,Normal
2026-09-25,15:28:36,Binary Scan,,Binary: /usr/bin/min12xxw,1,Normal
2026-09-25,15:28:36,Binary Scan,,Binary: /usr/bin/mk_modmap,1,Normal
2026-09-25,15:28:36,Binary Scan,,Binary: /usr/bin/mkdir,1,Normal
2026-09-25,15:28:36,Binary Scan,,Binary: /usr/bin/mkfifo,1,Normal
2026-09-25,15:28:36,Binary Scan,,Binary: /usr/bin/mkfontdir,1,Normal
2026-09-25,15:28:36,Binary Scan,,Binary: /usr/bin/mkfontscale,1,Normal
2026-09-25,15:28:36,Binary Scan,,Binary: /usr/bin/mknod,1,Normal
2026-09-25,15:28:36,Binary Scan,,Binary: /usr/bin/mksquashfs,1,Normal
2026-09-25,15:28:36,Binary Scan,,Binary: /usr/bin/mktemp,1,Normal
2026-09-25,15:28:36,Binary Scan,,Binary: /usr/bin/mmcli,1,Normal
2026-09-25,15:28:36,Binary Scan,,Binary: /usr/bin/mokutil,1,Normal
2026-09-25,15:28:36,Binary Scan,,Binary: /usr/bin/monitor-sensor,1,Normal
2026-09-25,15:28:36,Binary Scan,,Binary: /usr/bin/more,1,Normal
2026-09-25,15:28:36,Binary Scan,,Binary: /usr/bin/mount,1,Normal
2026-09-25,15:28:36,General,,Fount known binary: mount (File system tool) - /usr/bin/mount,1,Normal
2026-09-25,15:28:36,Binary Scan,,Binary: /usr/bin/mountpoint,1,Normal
2026-09-25,15:28:36,Binary Scan,,Binary: /usr/bin/mpris-proxy,1,Normal
2026-09-25,15:28:36,Binary Scan,,Binary: /usr/bin/mpstat,1,Normal
2026-09-25,15:28:36,Binary Scan,,Binary: /usr/bin/mscompress,1,Normal
2026-09-25,15:28:36,Binary Scan,,Binary: /usr/bin/msexpand,1,Normal
2026-09-25,15:28:36,Binary Scan,,Binary: /usr/bin/mt,1,Normal
2026-09-25,15:28:36,Binary Scan,,Binary: /usr/bin/mt-gnu,1,Normal
2026-09-25,15:28:36,Binary Scan,,Binary: /usr/bin/mtr,1,Normal
2026-09-25,15:28:36,Binary Scan,,Binary: /usr/bin/mtr-packet,1,Normal
2026-09-25,15:28:36,Binary Scan,,Binary: /usr/bin/mv,1,Normal
2026-09-25,15:28:36,Binary Scan,,Binary: /usr/bin/namei,1,Normal
2026-09-25,15:28:36,Binary Scan,,Binary: /usr/bin/nano,1,Normal
2026-09-25,15:28:36,Binary Scan,,Binary: /usr/bin/nautilus,1,Normal
2026-09-25,15:28:36,Binary Scan,,Binary: /usr/bin/nautilus-autorun-software,1,Normal
2026-09-25,15:28:36,Binary Scan,,Binary: /usr/bin/nautilus-sendto,1,Normal
2026-09-25,15:28:36,Binary Scan,,Binary: /usr/bin/nawk,1,Normal
2026-09-25,15:28:36,Binary Scan,,Binary: /usr/bin/nc,1,Normal
2026-09-25,15:28:36,Binary Scan,,Binary: /usr/bin/nc.openbsd,1,Normal
2026-09-25,15:28:36,Binary Scan,,Binary: /usr/bin/neqn,1,Normal
2026-09-25,15:28:36,Binary Scan,,Binary: /usr/bin/netaddr,1,Normal
2026-09-25,15:28:36,Binary Scan,,Binary: /usr/bin/netcat,1,Normal
2026-09-25,15:28:36,Binary Scan,,Binary: /usr/bin/netshaper,1,Normal
2026-09-25,15:28:36,Binary Scan,,Binary: /usr/bin/networkctl,1,Normal
2026-09-25,15:28:36,Binary Scan,,Binary: /usr/bin/networkd-dispatcher,1,Normal
2026-09-25,15:28:36,Binary Scan,,Binary: /usr/bin/ngettext,1,Normal
2026-09-25,15:28:36,Binary Scan,,Binary: /usr/bin/nhlt-dmic-info,1,Normal
2026-09-25,15:28:36,Binary Scan,,Binary: /usr/bin/nice,1,Normal
2026-09-25,15:28:36,Binary Scan,,Binary: /usr/bin/nisdomainname,1,Normal
2026-09-25,15:28:36,Binary Scan,,Binary: /usr/bin/nl,1,Normal
2026-09-25,15:28:36,Binary Scan,,Binary: /usr/bin/nm,1,Normal
2026-09-25,15:28:36,Binary Scan,,Binary: /usr/bin/nm-connection-editor,1,Normal
2026-09-25,15:28:36,Binary Scan,,Binary: /usr/bin/nm-online,1,Normal
2026-09-25,15:28:36,Binary Scan,,Binary: /usr/bin/nmcli,1,Normal
2026-09-25,15:28:36,Binary Scan,,Binary: /usr/bin/nmtui,1,Normal
2026-09-25,15:28:36,Binary Scan,,Binary: /usr/bin/nmtui-connect,1,Normal
2026-09-25,15:28:36,Binary Scan,,Binary: /usr/bin/nmtui-edit,1,Normal
2026-09-25,15:28:36,Binary Scan,,Binary: /usr/bin/nmtui-hostname,1,Normal
2026-09-25,15:28:36,Binary Scan,,Binary: /usr/bin/nohup,1,Normal
2026-09-25,15:28:36,Binary Scan,,Binary: /usr/bin/notify-send,1,Normal
2026-09-25,15:28:36,Binary Scan,,Binary: /usr/bin/nproc,1,Normal
2026-09-25,15:28:36,Binary Scan,,Binary: /usr/bin/nroff,1,Normal
2026-09-25,15:28:36,Binary Scan,,Binary: /usr/bin/nsenter,1,Normal
2026-09-25,15:28:36,Binary Scan,,Binary: /usr/bin/nslookup,1,Normal
2026-09-25,15:28:36,Binary Scan,,Binary: /usr/bin/nstat,1,Normal
2026-09-25,15:28:36,Binary Scan,,Binary: /usr/bin/nsupdate,1,Normal
2026-09-25,15:28:36,Binary Scan,,Binary: /usr/bin/ntfs-3g,1,Normal
2026-09-25,15:28:36,Binary Scan,,Binary: /usr/bin/ntfs-3g.probe,1,Normal
2026-09-25,15:28:36,Binary Scan,,Binary: /usr/bin/ntfscat,1,Normal
2026-09-25,15:28:36,Binary Scan,,Binary: /usr/bin/ntfscluster,1,Normal
2026-09-25,15:28:36,Binary Scan,,Binary: /usr/bin/ntfscmp,1,Normal
2026-09-25,15:28:36,Binary Scan,,Binary: /usr/bin/ntfsdecrypt,1,Normal
2026-09-25,15:28:36,Binary Scan,,Binary: /usr/bin/ntfsfallocate,1,Normal
2026-09-25,15:28:36,Binary Scan,,Binary: /usr/bin/ntfsfix,1,Normal
2026-09-25,15:28:36,Binary Scan,,Binary: /usr/bin/ntfsinfo,1,Normal
2026-09-25,15:28:36,Binary Scan,,Binary: /usr/bin/ntfsls,1,Normal
2026-09-25,15:28:36,Binary Scan,,Binary: /usr/bin/ntfsmove,1,Normal
2026-09-25,15:28:36,Binary Scan,,Binary: /usr/bin/ntfsrecover,1,Normal
2026-09-25,15:28:37,Binary Scan,,Binary: /usr/bin/ntfssecaudit,1,Normal
2026-09-25,15:28:37,Binary Scan,,Binary: /usr/bin/ntfstruncate,1,Normal
2026-09-25,15:28:37,Binary Scan,,Binary: /usr/bin/ntfsusermap,1,Normal
2026-09-25,15:28:37,Binary Scan,,Binary: /usr/bin/ntfswipe,1,Normal
2026-09-25,15:28:37,Binary Scan,,Binary: /usr/bin/numactl,1,Normal
2026-09-25,15:28:37,Binary Scan,,Binary: /usr/bin/numastat,1,Normal
2026-09-25,15:28:37,Binary Scan,,Binary: /usr/bin/numfmt,1,Normal
2026-09-25,15:28:37,Binary Scan,,Binary: /usr/bin/oakdecode,1,Normal
2026-09-25,15:28:37,Binary Scan,,Binary: /usr/bin/obexctl,1,Normal
2026-09-25,15:28:37,Binary Scan,,Binary: /usr/bin/objcopy,1,Normal
2026-09-25,15:28:37,Binary Scan,,Binary: /usr/bin/objdump,1,Normal
2026-09-25,15:28:37,Binary Scan,,Binary: /usr/bin/od,1,Normal
2026-09-25,15:28:37,Binary Scan,,Binary: /usr/bin/oem-getlogs,1,Normal
2026-09-25,15:28:37,Binary Scan,,Binary: /usr/bin/on_ac_power,1,Normal
2026-09-25,15:28:37,Binary Scan,,Binary: /usr/bin/oomctl,1,Normal
2026-09-25,15:28:37,Binary Scan,,Binary: /usr/bin/open,1,Normal
2026-09-25,15:28:37,Binary Scan,,Binary: /usr/bin/openssl,1,Normal
2026-09-25,15:28:37,Binary Scan,,Binary: /usr/bin/openvt,1,Normal
2026-09-25,15:28:37,Binary Scan,,Binary: /usr/bin/opldecode,1,Normal
2026-09-25,15:28:37,Binary Scan,,Binary: /usr/bin/orca,1,Normal
2026-09-25,15:28:37,Binary Scan,,Binary: /usr/bin/orca-dm-wrapper,1,Normal
2026-09-25,15:28:37,Binary Scan,,Binary: /usr/bin/os-prober,1,Normal
2026-09-25,15:28:37,Binary Scan,,Binary: /usr/bin/p11-kit,1,Normal
2026-09-25,15:28:37,Binary Scan,,Binary: /usr/bin/pager,1,Normal
2026-09-25,15:28:37,Binary Scan,,Binary: /usr/bin/paper,1,Normal
2026-09-25,15:28:37,Binary Scan,,Binary: /usr/bin/paperconf,1,Normal
2026-09-25,15:28:37,Binary Scan,,Binary: /usr/bin/papers,1,Normal
2026-09-25,15:28:37,Binary Scan,,Binary: /usr/bin/papers-previewer,1,Normal
2026-09-25,15:28:37,Binary Scan,,Binary: /usr/bin/papers-thumbnailer,1,Normal
2026-09-25,15:28:37,Binary Scan,,Binary: /usr/bin/partx,1,Normal
2026-09-25,15:28:37,Binary Scan,,Binary: /usr/bin/passwd,1,Normal
2026-09-25,15:28:37,Binary Scan,,Binary: /usr/bin/paste,1,Normal
2026-09-25,15:28:37,Binary Scan,,Binary: /usr/bin/patch,1,Normal
2026-09-25,15:28:37,Binary Scan,,Binary: /usr/bin/pathchk,1,Normal
2026-09-25,15:28:37,Binary Scan,,Binary: /usr/bin/pcilmr,1,Normal
2026-09-25,15:28:37,Binary Scan,,Binary: /usr/bin/pdb3,1,Normal
2026-09-25,15:28:37,Binary Scan,,Binary: /usr/bin/pdb3.14,1,Normal
2026-09-25,15:28:37,Binary Scan,,Binary: /usr/bin/pdf2dsc,1,Normal
2026-09-25,15:28:37,Binary Scan,,Binary: /usr/bin/pdf2ps,1,Normal
2026-09-25,15:28:37,Binary Scan,,Binary: /usr/bin/pdfattach,1,Normal
2026-09-25,15:28:37,Binary Scan,,Binary: /usr/bin/pdfdetach,1,Normal
2026-09-25,15:28:37,Binary Scan,,Binary: /usr/bin/pdffonts,1,Normal
2026-09-25,15:28:37,Binary Scan,,Binary: /usr/bin/pdfimages,1,Normal
2026-09-25,15:28:37,Binary Scan,,Binary: /usr/bin/pdfinfo,1,Normal
2026-09-25,15:28:37,Binary Scan,,Binary: /usr/bin/pdfseparate,1,Normal
2026-09-25,15:28:37,Binary Scan,,Binary: /usr/bin/pdfsig,1,Normal
2026-09-25,15:28:37,Binary Scan,,Binary: /usr/bin/pdftocairo,1,Normal
2026-09-25,15:28:37,Binary Scan,,Binary: /usr/bin/pdftohtml,1,Normal
2026-09-25,15:28:37,Binary Scan,,Binary: /usr/bin/pdftoppm,1,Normal
2026-09-25,15:28:37,Binary Scan,,Binary: /usr/bin/pdftops,1,Normal
2026-09-25,15:28:37,Binary Scan,,Binary: /usr/bin/pdftotext,1,Normal
2026-09-25,15:28:37,Binary Scan,,Binary: /usr/bin/pdfunite,1,Normal
2026-09-25,15:28:37,Binary Scan,,Binary: /usr/bin/peekfd,1,Normal
2026-09-25,15:28:37,Binary Scan,,Binary: /usr/bin/perf,1,Normal
2026-09-25,15:28:37,Binary Scan,,Binary: /usr/bin/perl,1,Normal
2026-09-25,15:28:37,Binary Scan,,Binary: /usr/bin/perl5.40-x86_64-linux-gnu,1,Normal
2026-09-25,15:28:37,Binary Scan,,Binary: /usr/bin/perl5.40.1,1,Normal
2026-09-25,15:28:37,Binary Scan,,Binary: /usr/bin/perlbug,1,Normal
2026-09-25,15:28:37,Binary Scan,,Binary: /usr/bin/perldoc,1,Normal
2026-09-25,15:28:37,Binary Scan,,Binary: /usr/bin/perli11ndoc,1,Normal
2026-09-25,15:28:37,Binary Scan,,Binary: /usr/bin/perlivp,1,Normal
2026-09-25,15:28:37,Binary Scan,,Binary: /usr/bin/perlthanks,1,Normal
2026-09-25,15:28:37,Binary Scan,,Binary: /usr/bin/pf2afm,1,Normal
2026-09-25,15:28:37,Binary Scan,,Binary: /usr/bin/pfbtopfa,1,Normal
2026-09-25,15:28:37,Binary Scan,,Binary: /usr/bin/pgrep,1,Normal
2026-09-25,15:28:37,Binary Scan,,Binary: /usr/bin/pic,1,Normal
2026-09-25,15:28:37,Binary Scan,,Binary: /usr/bin/pico,1,Normal
2026-09-25,15:28:37,Binary Scan,,Binary: /usr/bin/piconv,1,Normal
2026-09-25,15:28:37,Binary Scan,,Binary: /usr/bin/pidof,1,Normal
2026-09-25,15:28:37,Binary Scan,,Binary: /usr/bin/pidstat,1,Normal
2026-09-25,15:28:37,Binary Scan,,Binary: /usr/bin/pidwait,1,Normal
2026-09-25,15:28:37,Binary Scan,,Binary: /usr/bin/pinentry,1,Normal
2026-09-25,15:28:37,Binary Scan,,Binary: /usr/bin/pinentry-curses,1,Normal
2026-09-25,15:28:37,Binary Scan,,Binary: /usr/bin/pinentry-gnome3,1,Normal
2026-09-25,15:28:38,Binary Scan,,Binary: /usr/bin/pinentry-x11,1,Normal
2026-09-25,15:28:38,Binary Scan,,Binary: /usr/bin/ping,1,Normal
2026-09-25,15:28:38,Binary Scan,,Binary: /usr/bin/ping4,1,Normal
2026-09-25,15:28:38,Binary Scan,,Binary: /usr/bin/ping6,1,Normal
2026-09-25,15:28:38,Binary Scan,,Binary: /usr/bin/pinky,1,Normal
2026-09-25,15:28:38,Binary Scan,,Binary: /usr/bin/pipewire,1,Normal
2026-09-25,15:28:38,Binary Scan,,Binary: /usr/bin/pipewire-aes67,1,Normal
2026-09-25,15:28:38,Binary Scan,,Binary: /usr/bin/pipewire-avb,1,Normal
2026-09-25,15:28:38,Binary Scan,,Binary: /usr/bin/pipewire-pulse,1,Normal
2026-09-25,15:28:38,Binary Scan,,Binary: /usr/bin/pkaction,1,Normal
2026-09-25,15:28:38,Binary Scan,,Binary: /usr/bin/pkcheck,1,Normal
2026-09-25,15:28:38,Binary Scan,,Binary: /usr/bin/pkexec,1,Normal
2026-09-25,15:28:38,Binary Scan,,Binary: /usr/bin/pkgcli,1,Normal
2026-09-25,15:28:38,Binary Scan,,Binary: /usr/bin/pkill,1,Normal
2026-09-25,15:28:38,Binary Scan,,Binary: /usr/bin/pkttyagent,1,Normal
2026-09-25,15:28:38,Binary Scan,,Binary: /usr/bin/pl2pm,1,Normal
2026-09-25,15:28:38,Binary Scan,,Binary: /usr/bin/pldd,1,Normal
2026-09-25,15:28:38,Binary Scan,,Binary: /usr/bin/plog,1,Normal
2026-09-25,15:28:38,Binary Scan,,Binary: /usr/bin/plymouth,1,Normal
2026-09-25,15:28:38,Binary Scan,,Binary: /usr/bin/pmap,1,Normal
2026-09-25,15:28:38,Binary Scan,,Binary: /usr/bin/pnm2ppa,1,Normal
2026-09-25,15:28:38,Binary Scan,,Binary: /usr/bin/pod2html,1,Normal
2026-09-25,15:28:38,Binary Scan,,Binary: /usr/bin/pod2man,1,Normal
2026-09-25,15:28:38,Binary Scan,,Binary: /usr/bin/pod2text,1,Normal
2026-09-25,15:28:38,Binary Scan,,Binary: /usr/bin/pod2usage,1,Normal
2026-09-25,15:28:38,Binary Scan,,Binary: /usr/bin/podchecker,1,Normal
2026-09-25,15:28:38,Binary Scan,,Binary: /usr/bin/poff,1,Normal
2026-09-25,15:28:38,Binary Scan,,Binary: /usr/bin/pon,1,Normal
2026-09-25,15:28:38,Binary Scan,,Binary: /usr/bin/powerprofilesctl,1,Normal
2026-09-25,15:28:38,Binary Scan,,Binary: /usr/bin/ppdc,1,Normal
2026-09-25,15:28:38,Binary Scan,,Binary: /usr/bin/ppdhtml,1,Normal
2026-09-25,15:28:38,Binary Scan,,Binary: /usr/bin/ppdi,1,Normal
2026-09-25,15:28:38,Binary Scan,,Binary: /usr/bin/ppdmerge,1,Normal
2026-09-25,15:28:38,Binary Scan,,Binary: /usr/bin/ppdpo,1,Normal
2026-09-25,15:28:38,Binary Scan,,Binary: /usr/bin/pphs,1,Normal
2026-09-25,15:28:38,Binary Scan,,Binary: /usr/bin/pr,1,Normal
2026-09-25,15:28:38,Binary Scan,,Binary: /usr/bin/precat,1,Normal
2026-09-25,15:28:38,Binary Scan,,Binary: /usr/bin/preconv,1,Normal
2026-09-25,15:28:38,Binary Scan,,Binary: /usr/bin/preunzip,1,Normal
2026-09-25,15:28:38,Binary Scan,,Binary: /usr/bin/prezip,1,Normal
2026-09-25,15:28:38,Binary Scan,,Binary: /usr/bin/prezip-bin,1,Normal
2026-09-25,15:28:38,Binary Scan,,Binary: /usr/bin/printafm,1,Normal
2026-09-25,15:28:38,Binary Scan,,Binary: /usr/bin/printenv,1,Normal
2026-09-25,15:28:38,Binary Scan,,Binary: /usr/bin/printer-profile,1,Normal
2026-09-25,15:28:38,Binary Scan,,Binary: /usr/bin/printf,1,Normal
2026-09-25,15:28:38,Binary Scan,,Binary: /usr/bin/prlimit,1,Normal
2026-09-25,15:28:38,Binary Scan,,Binary: /usr/bin/pro,1,Normal
2026-09-25,15:28:38,Binary Scan,,Binary: /usr/bin/prove,1,Normal
2026-09-25,15:28:38,Binary Scan,,Binary: /usr/bin/prtstat,1,Normal
2026-09-25,15:28:38,Binary Scan,,Binary: /usr/bin/ps,1,Normal
2026-09-25,15:28:38,Binary Scan,,Binary: /usr/bin/ps2ascii,1,Normal
2026-09-25,15:28:38,Binary Scan,,Binary: /usr/bin/ps2epsi,1,Normal
2026-09-25,15:28:38,Binary Scan,,Binary: /usr/bin/ps2pdf,1,Normal
2026-09-25,15:28:38,Binary Scan,,Binary: /usr/bin/ps2pdf12,1,Normal
2026-09-25,15:28:38,Binary Scan,,Binary: /usr/bin/ps2pdf13,1,Normal
2026-09-25,15:28:38,Binary Scan,,Binary: /usr/bin/ps2pdf14,1,Normal
2026-09-25,15:28:38,Binary Scan,,Binary: /usr/bin/ps2pdfwr,1,Normal
2026-09-25,15:28:38,Binary Scan,,Binary: /usr/bin/ps2ps,1,Normal
2026-09-25,15:28:38,Binary Scan,,Binary: /usr/bin/ps2ps2,1,Normal
2026-09-25,15:28:38,Binary Scan,,Binary: /usr/bin/ps2txt,1,Normal
2026-09-25,15:28:38,Binary Scan,,Binary: /usr/bin/psfaddtable,1,Normal
2026-09-25,15:28:38,Binary Scan,,Binary: /usr/bin/psfgettable,1,Normal
2026-09-25,15:28:38,Binary Scan,,Binary: /usr/bin/psfstriptable,1,Normal
2026-09-25,15:28:38,Binary Scan,,Binary: /usr/bin/psfxtable,1,Normal
2026-09-25,15:28:38,Binary Scan,,Binary: /usr/bin/psicc,1,Normal
2026-09-25,15:28:38,Binary Scan,,Binary: /usr/bin/pslog,1,Normal
2026-09-25,15:28:38,Binary Scan,,Binary: /usr/bin/pstree,1,Normal
2026-09-25,15:28:38,Binary Scan,,Binary: /usr/bin/pstree.x11,1,Normal
2026-09-25,15:28:38,Binary Scan,,Binary: /usr/bin/ptar,1,Normal
2026-09-25,15:28:38,Binary Scan,,Binary: /usr/bin/ptardiff,1,Normal
2026-09-25,15:28:38,Binary Scan,,Binary: /usr/bin/ptargrep,1,Normal
2026-09-25,15:28:38,Binary Scan,,Binary: /usr/bin/ptx,1,Normal
2026-09-25,15:28:39,Binary Scan,,Binary: /usr/bin/ptyxis,1,Normal
2026-09-25,15:28:39,Binary Scan,,Binary: /usr/bin/pw-cat,1,Normal
2026-09-25,15:28:39,Binary Scan,,Binary: /usr/bin/pw-cli,1,Normal
2026-09-25,15:28:39,Binary Scan,,Binary: /usr/bin/pw-config,1,Normal
2026-09-25,15:28:39,Binary Scan,,Binary: /usr/bin/pw-container,1,Normal
2026-09-25,15:28:39,Binary Scan,,Binary: /usr/bin/pw-dot,1,Normal
2026-09-25,15:28:39,Binary Scan,,Binary: /usr/bin/pw-dsdplay,1,Normal
2026-09-25,15:28:39,Binary Scan,,Binary: /usr/bin/pw-dump,1,Normal
2026-09-25,15:28:39,Binary Scan,,Binary: /usr/bin/pw-encplay,1,Normal
2026-09-25,15:28:39,Binary Scan,,Binary: /usr/bin/pw-link,1,Normal
2026-09-25,15:28:39,Binary Scan,,Binary: /usr/bin/pw-loopback,1,Normal
2026-09-25,15:28:39,Binary Scan,,Binary: /usr/bin/pw-metadata,1,Normal
2026-09-25,15:28:39,Binary Scan,,Binary: /usr/bin/pw-midi2play,1,Normal
2026-09-25,15:28:39,Binary Scan,,Binary: /usr/bin/pw-midi2record,1,Normal
2026-09-25,15:28:39,Binary Scan,,Binary: /usr/bin/pw-mididump,1,Normal
2026-09-25,15:28:39,Binary Scan,,Binary: /usr/bin/pw-midiplay,1,Normal
2026-09-25,15:28:39,Binary Scan,,Binary: /usr/bin/pw-midirecord,1,Normal
2026-09-25,15:28:39,Binary Scan,,Binary: /usr/bin/pw-mon,1,Normal
2026-09-25,15:28:39,Binary Scan,,Binary: /usr/bin/pw-play,1,Normal
2026-09-25,15:28:39,Binary Scan,,Binary: /usr/bin/pw-profiler,1,Normal
2026-09-25,15:28:39,Binary Scan,,Binary: /usr/bin/pw-record,1,Normal
2026-09-25,15:28:39,Binary Scan,,Binary: /usr/bin/pw-reserve,1,Normal
2026-09-25,15:28:39,Binary Scan,,Binary: /usr/bin/pw-sysex,1,Normal
2026-09-25,15:28:39,Binary Scan,,Binary: /usr/bin/pw-top,1,Normal
2026-09-25,15:28:39,Binary Scan,,Binary: /usr/bin/pwd,1,Normal
2026-09-25,15:28:39,Binary Scan,,Binary: /usr/bin/pwdx,1,Normal
2026-09-25,15:28:39,Binary Scan,,Binary: /usr/bin/py3clean,1,Normal
2026-09-25,15:28:39,Binary Scan,,Binary: /usr/bin/py3compile,1,Normal
2026-09-25,15:28:39,Binary Scan,,Binary: /usr/bin/py3versions,1,Normal
2026-09-25,15:28:39,Binary Scan,,Binary: /usr/bin/pybabel,1,Normal
2026-09-25,15:28:39,Binary Scan,,Binary: /usr/bin/pybabel-python3,1,Normal
2026-09-25,15:28:39,Binary Scan,,Binary: /usr/bin/pydoc3,1,Normal
2026-09-25,15:28:39,Binary Scan,,Binary: /usr/bin/pydoc3.14,1,Normal
2026-09-25,15:28:39,Binary Scan,,Binary: /usr/bin/pygettext3,1,Normal
2026-09-25,15:28:39,Binary Scan,,Binary: /usr/bin/pygettext3.14,1,Normal
2026-09-25,15:28:39,Binary Scan,,Binary: /usr/bin/pygmentize,1,Normal
2026-09-25,15:28:39,Binary Scan,,Binary: /usr/bin/pyserial-miniterm,1,Normal
2026-09-25,15:28:39,Binary Scan,,Binary: /usr/bin/pyserial-ports,1,Normal
2026-09-25,15:28:39,Binary Scan,,Binary: /usr/bin/python3,1,Normal
2026-09-25,15:28:39,Binary Scan,,Binary: /usr/bin/python3.14,1,Normal
2026-09-25,15:28:39,Binary Scan,,Binary: /usr/bin/pzstd,1,Normal
2026-09-25,15:28:39,Binary Scan,,Binary: /usr/bin/qmi-firmware-update,1,Normal
2026-09-25,15:28:39,Binary Scan,,Binary: /usr/bin/qmi-network,1,Normal
2026-09-25,15:28:39,Binary Scan,,Binary: /usr/bin/qmicli,1,Normal
2026-09-25,15:28:39,Binary Scan,,Binary: /usr/bin/qpdldecode,1,Normal
2026-09-25,15:28:39,Binary Scan,,Binary: /usr/bin/quirks-handler,1,Normal
2026-09-25,15:28:39,Binary Scan,,Binary: /usr/bin/ranlib,1,Normal
2026-09-25,15:28:39,Binary Scan,,Binary: /usr/bin/rbash,1,Normal
2026-09-25,15:28:39,Binary Scan,,Binary: /usr/bin/rctest,1,Normal
2026-09-25,15:28:39,Binary Scan,,Binary: /usr/bin/rdma,1,Normal
2026-09-25,15:28:39,Binary Scan,,Binary: /usr/bin/readelf,1,Normal
2026-09-25,15:28:39,Binary Scan,,Binary: /usr/bin/readlink,1,Normal
2026-09-25,15:28:39,Binary Scan,,Binary: /usr/bin/realpath,1,Normal
2026-09-25,15:28:39,Binary Scan,,Binary: /usr/bin/red,1,Normal
2026-09-25,15:28:39,Binary Scan,,Binary: /usr/bin/renice,1,Normal
2026-09-25,15:28:39,Binary Scan,,Binary: /usr/bin/reset,1,Normal
2026-09-25,15:28:39,Binary Scan,,Binary: /usr/bin/resizecons,1,Normal
2026-09-25,15:28:39,Binary Scan,,Binary: /usr/bin/resolvectl,1,Normal
2026-09-25,15:28:39,Binary Scan,,Binary: /usr/bin/resources,1,Normal
2026-09-25,15:28:39,Binary Scan,,Binary: /usr/bin/rev,1,Normal
2026-09-25,15:28:39,Binary Scan,,Binary: /usr/bin/rfcomm,1,Normal
2026-09-25,15:28:39,Binary Scan,,Binary: /usr/bin/rgrep,1,Normal
2026-09-25,15:28:39,Binary Scan,,Binary: /usr/bin/rm,1,Normal
2026-09-25,15:28:39,Binary Scan,,Binary: /usr/bin/rmdir,1,Normal
2026-09-25,15:28:39,Binary Scan,,Binary: /usr/bin/rnano,1,Normal
2026-09-25,15:28:39,Binary Scan,,Binary: /usr/bin/routel,1,Normal
2026-09-25,15:28:39,Binary Scan,,Binary: /usr/bin/rpcgen,1,Normal
2026-09-25,15:28:39,Binary Scan,,Binary: /usr/bin/rrsync,1,Normal
2026-09-25,15:28:40,Binary Scan,,Binary: /usr/bin/rsync,1,Normal
2026-09-25,15:28:40,Binary Scan,,Binary: /usr/bin/rsync-ssl,1,Normal
2026-09-25,15:28:40,Binary Scan,,Binary: /usr/bin/rtla,1,Normal
2026-09-25,15:28:40,Binary Scan,,Binary: /usr/bin/rtstat,1,Normal
2026-09-25,15:28:40,Binary Scan,,Binary: /usr/bin/run-parts,1,Normal
2026-09-25,15:28:40,Binary Scan,,Binary: /usr/bin/run-with-aspell,1,Normal
2026-09-25,15:28:40,Binary Scan,,Binary: /usr/bin/run0,1,Normal
2026-09-25,15:28:40,Binary Scan,,Binary: /usr/bin/runcon,1,Normal
2026-09-25,15:28:40,Binary Scan,,Binary: /usr/bin/rview,1,Normal
2026-09-25,15:28:40,Binary Scan,,Binary: /usr/bin/rygel,1,Normal
2026-09-25,15:28:40,Binary Scan,,Binary: /usr/bin/sadf,1,Normal
2026-09-25,15:28:40,Binary Scan,,Binary: /usr/bin/sane-find-scanner,1,Normal
2026-09-25,15:28:40,Binary Scan,,Binary: /usr/bin/sar,1,Normal
2026-09-25,15:28:40,Binary Scan,,Binary: /usr/bin/sar.sysstat,1,Normal
2026-09-25,15:28:40,Binary Scan,,Binary: /usr/bin/savelog,1,Normal
2026-09-25,15:28:40,Binary Scan,,Binary: /usr/bin/sbattach,1,Normal
2026-09-25,15:28:40,Binary Scan,,Binary: /usr/bin/sbkeysync,1,Normal
2026-09-25,15:28:40,Binary Scan,,Binary: /usr/bin/sbsiglist,1,Normal
2026-09-25,15:28:40,Binary Scan,,Binary: /usr/bin/sbsign,1,Normal
2026-09-25,15:28:40,Binary Scan,,Binary: /usr/bin/sbvarsign,1,Normal
2026-09-25,15:28:40,Binary Scan,,Binary: /usr/bin/sbverify,1,Normal
2026-09-25,15:28:40,Binary Scan,,Binary: /usr/bin/scanimage,1,Normal
2026-09-25,15:28:40,Binary Scan,,Binary: /usr/bin/scp,1,Normal
2026-09-25,15:28:40,Binary Scan,,Binary: /usr/bin/scp-dbus-service,1,Normal
2026-09-25,15:28:40,Binary Scan,,Binary: /usr/bin/screen,1,Normal
2026-09-25,15:28:40,Binary Scan,,Binary: /usr/bin/screendump,1,Normal
2026-09-25,15:28:40,Binary Scan,,Binary: /usr/bin/script,1,Normal
2026-09-25,15:28:40,Binary Scan,,Binary: /usr/bin/scriptlive,1,Normal
2026-09-25,15:28:40,Binary Scan,,Binary: /usr/bin/scriptreplay,1,Normal
2026-09-25,15:28:40,Binary Scan,,Binary: /usr/bin/sdiff,1,Normal
2026-09-25,15:28:40,Binary Scan,,Binary: /usr/bin/sdptool,1,Normal
2026-09-25,15:28:40,Binary Scan,,Binary: /usr/bin/seahorse,1,Normal
2026-09-25,15:28:40,Binary Scan,,Binary: /usr/bin/sed,1,Normal
2026-09-25,15:28:40,Binary Scan,,Binary: /usr/bin/select-default-iwrap,1,Normal
2026-09-25,15:28:40,Binary Scan,,Binary: /usr/bin/select-editor,1,Normal
2026-09-25,15:28:40,Binary Scan,,Binary: /usr/bin/sensible-browser,1,Normal
2026-09-25,15:28:40,Binary Scan,,Binary: /usr/bin/sensible-editor,1,Normal
2026-09-25,15:28:40,Binary Scan,,Binary: /usr/bin/sensible-pager,1,Normal
2026-09-25,15:28:40,Binary Scan,,Binary: /usr/bin/sensible-terminal,1,Normal
2026-09-25,15:28:40,Binary Scan,,Binary: /usr/bin/seq,1,Normal
2026-09-25,15:28:40,Binary Scan,,Binary: /usr/bin/sessreg,1,Normal
2026-09-25,15:28:40,Binary Scan,,Binary: /usr/bin/setarch,1,Normal
2026-09-25,15:28:40,Binary Scan,,Binary: /usr/bin/setfacl,1,Normal
2026-09-25,15:28:40,Binary Scan,,Binary: /usr/bin/setfont,1,Normal
2026-09-25,15:28:40,Binary Scan,,Binary: /usr/bin/setkeycodes,1,Normal
2026-09-25,15:28:40,Binary Scan,,Binary: /usr/bin/setleds,1,Normal
2026-09-25,15:28:40,Binary Scan,,Binary: /usr/bin/setlogcons,1,Normal
2026-09-25,15:28:40,Binary Scan,,Binary: /usr/bin/setmetamode,1,Normal
2026-09-25,15:28:40,Binary Scan,,Binary: /usr/bin/setpci,1,Normal
2026-09-25,15:28:40,Binary Scan,,Binary: /usr/bin/setpriv,1,Normal
2026-09-25,15:28:40,Binary Scan,,Binary: /usr/bin/setsid,1,Normal
2026-09-25,15:28:40,Binary Scan,,Binary: /usr/bin/setterm,1,Normal
2026-09-25,15:28:40,Binary Scan,,Binary: /usr/bin/setupcon,1,Normal
2026-09-25,15:28:40,Binary Scan,,Binary: /usr/bin/setxkbmap,1,Normal
2026-09-25,15:28:40,Binary Scan,,Binary: /usr/bin/sftp,1,Normal
2026-09-25,15:28:40,Binary Scan,,Binary: /usr/bin/sh,1,Normal
2026-09-25,15:28:40,Binary Scan,,Binary: /usr/bin/sha1sum,1,Normal
2026-09-25,15:28:40,Binary Scan,,Binary: /usr/bin/sha224sum,1,Normal
2026-09-25,15:28:40,Binary Scan,,Binary: /usr/bin/sha256sum,1,Normal
2026-09-25,15:28:40,Binary Scan,,Binary: /usr/bin/sha3-224sum,1,Normal
2026-09-25,15:28:40,Binary Scan,,Binary: /usr/bin/sha3-256sum,1,Normal
2026-09-25,15:28:40,Binary Scan,,Binary: /usr/bin/sha3-384sum,1,Normal
2026-09-25,15:28:40,Binary Scan,,Binary: /usr/bin/sha3-512sum,1,Normal
2026-09-25,15:28:40,Binary Scan,,Binary: /usr/bin/sha384sum,1,Normal
2026-09-25,15:28:40,Binary Scan,,Binary: /usr/bin/sha3sum,1,Normal
2026-09-25,15:28:40,Binary Scan,,Binary: /usr/bin/sha512sum,1,Normal
2026-09-25,15:28:40,Binary Scan,,Binary: /usr/bin/shake128sum,1,Normal
2026-09-25,15:28:41,Binary Scan,,Binary: /usr/bin/shake256sum,1,Normal
2026-09-25,15:28:41,Binary Scan,,Binary: /usr/bin/shasum,1,Normal
2026-09-25,15:28:41,Binary Scan,,Binary: /usr/bin/showconsolefont,1,Normal
2026-09-25,15:28:41,Binary Scan,,Binary: /usr/bin/showkey,1,Normal
2026-09-25,15:28:41,Binary Scan,,Binary: /usr/bin/showrgb,1,Normal
2026-09-25,15:28:41,Binary Scan,,Binary: /usr/bin/shred,1,Normal
2026-09-25,15:28:41,Binary Scan,,Binary: /usr/bin/shuf,1,Normal
2026-09-25,15:28:41,Binary Scan,,Binary: /usr/bin/size,1,Normal
2026-09-25,15:28:41,Binary Scan,,Binary: /usr/bin/skill,1,Normal
2026-09-25,15:28:41,Binary Scan,,Binary: /usr/bin/slabtop,1,Normal
2026-09-25,15:28:41,Binary Scan,,Binary: /usr/bin/sleep,1,Normal
2026-09-25,15:28:41,Binary Scan,,Binary: /usr/bin/slxdecode,1,Normal
2026-09-25,15:28:41,Binary Scan,,Binary: /usr/bin/snap,1,Normal
2026-09-25,15:28:41,Binary Scan,,Binary: /usr/bin/snapctl,1,Normal
2026-09-25,15:28:41,Binary Scan,,Binary: /usr/bin/snapfuse,1,Normal
2026-09-25,15:28:41,Binary Scan,,Binary: /usr/bin/snice,1,Normal
2026-09-25,15:28:41,Binary Scan,,Binary: /usr/bin/soelim,1,Normal
2026-09-25,15:28:41,Binary Scan,,Binary: /usr/bin/sort,1,Normal
2026-09-25,15:28:41,Binary Scan,,Binary: /usr/bin/spa-acp-tool,1,Normal
2026-09-25,15:28:41,Binary Scan,,Binary: /usr/bin/spa-inspect,1,Normal
2026-09-25,15:28:41,Binary Scan,,Binary: /usr/bin/spa-json-dump,1,Normal
2026-09-25,15:28:41,Binary Scan,,Binary: /usr/bin/spa-monitor,1,Normal
2026-09-25,15:28:41,Binary Scan,,Binary: /usr/bin/spa-resample,1,Normal
2026-09-25,15:28:41,Binary Scan,,Binary: /usr/bin/spd-conf,1,Normal
2026-09-25,15:28:41,Binary Scan,,Binary: /usr/bin/spd-say,1,Normal
2026-09-25,15:28:41,Binary Scan,,Binary: /usr/bin/spdsend,1,Normal
2026-09-25,15:28:41,Binary Scan,,Binary: /usr/bin/speaker-test,1,Normal
2026-09-25,15:28:41,Binary Scan,,Binary: /usr/bin/speech-dispatcher,1,Normal
2026-09-25,15:28:41,Binary Scan,,Binary: /usr/bin/spice-vdagent,1,Normal
2026-09-25,15:28:41,Binary Scan,,Binary: /usr/bin/splain,1,Normal
2026-09-25,15:28:41,Binary Scan,,Binary: /usr/bin/split,1,Normal
2026-09-25,15:28:41,Binary Scan,,Binary: /usr/bin/splitfont,1,Normal
2026-09-25,15:28:41,Binary Scan,,Binary: /usr/bin/sqfscat,1,Normal
2026-09-25,15:28:41,Binary Scan,,Binary: /usr/bin/sqfstar,1,Normal
2026-09-25,15:28:41,Binary Scan,,Binary: /usr/bin/ss,1,Normal
2026-09-25,15:28:41,Binary Scan,,Binary: /usr/bin/ssh,1,Normal
2026-09-25,15:28:41,Binary Scan,,Binary: /usr/bin/ssh-add,1,Normal
2026-09-25,15:28:41,Binary Scan,,Binary: /usr/bin/ssh-agent,1,Normal
2026-09-25,15:28:41,Binary Scan,,Binary: /usr/bin/ssh-argv0,1,Normal
2026-09-25,15:28:41,Binary Scan,,Binary: /usr/bin/ssh-copy-id,1,Normal
2026-09-25,15:28:41,Binary Scan,,Binary: /usr/bin/ssh-keygen,1,Normal
2026-09-25,15:28:41,Binary Scan,,Binary: /usr/bin/ssh-keyscan,1,Normal
2026-09-25,15:28:41,Binary Scan,,Binary: /usr/bin/sss_ssh_authorizedkeys,1,Normal
2026-09-25,15:28:41,Binary Scan,,Binary: /usr/bin/sss_ssh_knownhosts,1,Normal
2026-09-25,15:28:41,Binary Scan,,Binary: /usr/bin/sss_ssh_knownhostsproxy,1,Normal
2026-09-25,15:28:41,Binary Scan,,Binary: /usr/bin/stat,1,Normal
2026-09-25,15:28:41,Binary Scan,,Binary: /usr/bin/static-sh,1,Normal
2026-09-25,15:28:41,Binary Scan,,Binary: /usr/bin/stdbuf,1,Normal
2026-09-25,15:28:41,Binary Scan,,Binary: /usr/bin/strace,1,Normal
2026-09-25,15:28:41,Binary Scan,,Binary: /usr/bin/strace-log-merge,1,Normal
2026-09-25,15:28:41,Binary Scan,,Binary: /usr/bin/streamzip,1,Normal
2026-09-25,15:28:41,Binary Scan,,Binary: /usr/bin/strings,1,Normal
2026-09-25,15:28:41,Binary Scan,,Binary: /usr/bin/strip,1,Normal
2026-09-25,15:28:41,Binary Scan,,Binary: /usr/bin/stty,1,Normal
2026-09-25,15:28:41,Binary Scan,,Binary: /usr/bin/su,1,Normal
2026-09-25,15:28:41,Binary Scan,,Binary: /usr/bin/su-rs,1,Normal
2026-09-25,15:28:41,Binary Scan,,Binary: /usr/bin/su-to-root,1,Normal
2026-09-25,15:28:41,Binary Scan,,Binary: /usr/bin/sudo,1,Normal
2026-09-25,15:28:41,Binary Scan,,Binary: /usr/bin/sudo-rs,1,Normal
2026-09-25,15:28:41,Binary Scan,,Binary: /usr/bin/sudo.ws,1,Normal
2026-09-25,15:28:41,Binary Scan,,Binary: /usr/bin/sudoedit,1,Normal
2026-09-25,15:28:41,Binary Scan,,Binary: /usr/bin/sudoedit-rs,1,Normal
2026-09-25,15:28:41,Binary Scan,,Binary: /usr/bin/sudoreplay.ws,1,Normal
2026-09-25,15:28:41,Binary Scan,,Binary: /usr/bin/sum,1,Normal
2026-09-25,15:28:42,Binary Scan,,Binary: /usr/bin/switcherooctl,1,Normal
2026-09-25,15:28:42,Binary Scan,,Binary: /usr/bin/sync,1,Normal
2026-09-25,15:28:42,Binary Scan,,Binary: /usr/bin/sysprof,1,Normal
2026-09-25,15:28:42,Binary Scan,,Binary: /usr/bin/sysprof-agent,1,Normal
2026-09-25,15:28:42,Binary Scan,,Binary: /usr/bin/sysprof-cat,1,Normal
2026-09-25,15:28:42,Binary Scan,,Binary: /usr/bin/sysprof-cli,1,Normal
2026-09-25,15:28:42,Binary Scan,,Binary: /usr/bin/systemctl,1,Normal
2026-09-25,15:28:42,Binary Scan,,Binary: /usr/bin/systemd-ac-power,1,Normal
2026-09-25,15:28:42,Binary Scan,,Binary: /usr/bin/systemd-analyze,1,Normal
2026-09-25,15:28:42,Binary Scan,,Binary: /usr/bin/systemd-ask-password,1,Normal
2026-09-25,15:28:42,Binary Scan,,Binary: /usr/bin/systemd-cat,1,Normal
2026-09-25,15:28:42,Binary Scan,,Binary: /usr/bin/systemd-cgls,1,Normal
2026-09-25,15:28:42,Binary Scan,,Binary: /usr/bin/systemd-cgtop,1,Normal
2026-09-25,15:28:42,Binary Scan,,Binary: /usr/bin/systemd-confext,1,Normal
2026-09-25,15:28:42,Binary Scan,,Binary: /usr/bin/systemd-creds,1,Normal
2026-09-25,15:28:42,Binary Scan,,Binary: /usr/bin/systemd-cryptenroll,1,Normal
2026-09-25,15:28:42,Binary Scan,,Binary: /usr/bin/systemd-cryptsetup,1,Normal
2026-09-25,15:28:42,Binary Scan,,Binary: /usr/bin/systemd-delta,1,Normal
2026-09-25,15:28:42,Binary Scan,,Binary: /usr/bin/systemd-detect-virt,1,Normal
2026-09-25,15:28:42,Binary Scan,,Binary: /usr/bin/systemd-escape,1,Normal
2026-09-25,15:28:42,Binary Scan,,Binary: /usr/bin/systemd-firstboot,1,Normal
2026-09-25,15:28:42,Binary Scan,,Binary: /usr/bin/systemd-hwdb,1,Normal
2026-09-25,15:28:42,Binary Scan,,Binary: /usr/bin/systemd-id128,1,Normal
2026-09-25,15:28:42,Binary Scan,,Binary: /usr/bin/systemd-inhibit,1,Normal
2026-09-25,15:28:42,Binary Scan,,Binary: /usr/bin/systemd-machine-id-setup,1,Normal
2026-09-25,15:28:42,Binary Scan,,Binary: /usr/bin/systemd-mount,1,Normal
2026-09-25,15:28:42,Binary Scan,,Binary: /usr/bin/systemd-mute-console,1,Normal
2026-09-25,15:28:42,Binary Scan,,Binary: /usr/bin/systemd-notify,1,Normal
2026-09-25,15:28:42,Binary Scan,,Binary: /usr/bin/systemd-path,1,Normal
2026-09-25,15:28:42,Binary Scan,,Binary: /usr/bin/systemd-pty-forward,1,Normal
2026-09-25,15:28:42,Binary Scan,,Binary: /usr/bin/systemd-run,1,Normal
2026-09-25,15:28:42,Binary Scan,,Binary: /usr/bin/systemd-socket-activate,1,Normal
2026-09-25,15:28:42,Binary Scan,,Binary: /usr/bin/systemd-stdio-bridge,1,Normal
2026-09-25,15:28:42,Binary Scan,,Binary: /usr/bin/systemd-sysext,1,Normal
2026-09-25,15:28:42,Binary Scan,,Binary: /usr/bin/systemd-sysusers,1,Normal
2026-09-25,15:28:42,Binary Scan,,Binary: /usr/bin/systemd-tmpfiles,1,Normal
2026-09-25,15:28:42,Binary Scan,,Binary: /usr/bin/systemd-tty-ask-password-agent,1,Normal
2026-09-25,15:28:42,Binary Scan,,Binary: /usr/bin/systemd-umount,1,Normal
2026-09-25,15:28:42,Binary Scan,,Binary: /usr/bin/systemd-vpick,1,Normal
2026-09-25,15:28:42,Binary Scan,,Binary: /usr/bin/tabs,1,Normal
2026-09-25,15:28:42,Binary Scan,,Binary: /usr/bin/tac,1,Normal
2026-09-25,15:28:42,Binary Scan,,Binary: /usr/bin/tail,1,Normal
2026-09-25,15:28:42,Binary Scan,,Binary: /usr/bin/tapestat,1,Normal
2026-09-25,15:28:42,Binary Scan,,Binary: /usr/bin/tar,1,Normal
2026-09-25,15:28:42,Binary Scan,,Binary: /usr/bin/taskset,1,Normal
2026-09-25,15:28:42,Binary Scan,,Binary: /usr/bin/tbl,1,Normal
2026-09-25,15:28:42,Binary Scan,,Binary: /usr/bin/tclsh,1,Normal
2026-09-25,15:28:42,Binary Scan,,Binary: /usr/bin/tclsh8.6,1,Normal
2026-09-25,15:28:42,Binary Scan,,Binary: /usr/bin/tcpdump,1,Normal
2026-09-25,15:28:42,Binary Scan,,Binary: /usr/bin/tecla,1,Normal
2026-09-25,15:28:42,Binary Scan,,Binary: /usr/bin/tee,1,Normal
2026-09-25,15:28:42,Binary Scan,,Binary: /usr/bin/telnet,1,Normal
2026-09-25,15:28:42,Binary Scan,,Binary: /usr/bin/tempfile,1,Normal
2026-09-25,15:28:42,Binary Scan,,Binary: /usr/bin/test,1,Normal
2026-09-25,15:28:42,Binary Scan,,Binary: /usr/bin/tic,1,Normal
2026-09-25,15:28:42,Binary Scan,,Binary: /usr/bin/tificc,1,Normal
2026-09-25,15:28:42,Binary Scan,,Binary: /usr/bin/time,1,Normal
2026-09-25,15:28:42,Binary Scan,,Binary: /usr/bin/timedatectl,1,Normal
2026-09-25,15:28:42,Binary Scan,,Binary: /usr/bin/timeout,1,Normal
2026-09-25,15:28:42,Binary Scan,,Binary: /usr/bin/tinysparql,1,Normal
2026-09-25,15:28:42,Binary Scan,,Binary: /usr/bin/tload,1,Normal
2026-09-25,15:28:42,Binary Scan,,Binary: /usr/bin/tnftp,1,Normal
2026-09-25,15:28:42,Binary Scan,,Binary: /usr/bin/toe,1,Normal
2026-09-25,15:28:42,Binary Scan,,Binary: /usr/bin/top,1,Normal
2026-09-25,15:28:42,Binary Scan,,Binary: /usr/bin/touch,1,Normal
2026-09-25,15:28:42,Binary Scan,,Binary: /usr/bin/tput,1,Normal
2026-09-25,15:28:42,Binary Scan,,Binary: /usr/bin/tr,1,Normal
2026-09-25,15:28:42,Binary Scan,,Binary: /usr/bin/trace-cmd,1,Normal
2026-09-25,15:28:42,Binary Scan,,Binary: /usr/bin/tracepath,1,Normal
2026-09-25,15:28:42,Binary Scan,,Binary: /usr/bin/transicc,1,Normal
2026-09-25,15:28:42,Binary Scan,,Binary: /usr/bin/troff,1,Normal
2026-09-25,15:28:42,Binary Scan,,Binary: /usr/bin/true,1,Normal
2026-09-25,15:28:43,Binary Scan,,Binary: /usr/bin/truncate,1,Normal
2026-09-25,15:28:43,Binary Scan,,Binary: /usr/bin/trust,1,Normal
2026-09-25,15:28:43,Binary Scan,,Binary: /usr/bin/tset,1,Normal
2026-09-25,15:28:43,Binary Scan,,Binary: /usr/bin/tsort,1,Normal
2026-09-25,15:28:43,Binary Scan,,Binary: /usr/bin/tty,1,Normal
2026-09-25,15:28:43,Binary Scan,,Binary: /usr/bin/turbostat,1,Normal
2026-09-25,15:28:43,Binary Scan,,Binary: /usr/bin/tzselect,1,Normal
2026-09-25,15:28:43,Binary Scan,,Binary: /usr/bin/ua,1,Normal
2026-09-25,15:28:43,Binary Scan,,Binary: /usr/bin/ubuntu-advantage,1,Normal
2026-09-25,15:28:43,Binary Scan,,Binary: /usr/bin/ubuntu-bug,1,Normal
2026-09-25,15:28:43,Binary Scan,,Binary: /usr/bin/ubuntu-distro-info,1,Normal
2026-09-25,15:28:43,Binary Scan,,Binary: /usr/bin/ubuntu-drivers,1,Normal
2026-09-25,15:28:43,Binary Scan,,Binary: /usr/bin/ubuntu-insights,1,Normal
2026-09-25,15:28:43,Binary Scan,,Binary: /usr/bin/ubuntu-report,1,Normal
2026-09-25,15:28:43,Binary Scan,,Binary: /usr/bin/ubuntu-security-status,1,Normal
2026-09-25,15:28:43,Binary Scan,,Binary: /usr/bin/ucf,1,Normal
2026-09-25,15:28:43,Binary Scan,,Binary: /usr/bin/ucfq,1,Normal
2026-09-25,15:28:43,Binary Scan,,Binary: /usr/bin/ucfr,1,Normal
2026-09-25,15:28:43,Binary Scan,,Binary: /usr/bin/uclampset,1,Normal
2026-09-25,15:28:43,Binary Scan,,Binary: /usr/bin/ucs2any,1,Normal
2026-09-25,15:28:43,Binary Scan,,Binary: /usr/bin/udevadm,1,Normal
2026-09-25,15:28:43,Binary Scan,,Binary: /usr/bin/udisksctl,1,Normal
2026-09-25,15:28:43,Binary Scan,,Binary: /usr/bin/ul,1,Normal
2026-09-25,15:28:43,Binary Scan,,Binary: /usr/bin/umax_pp,1,Normal
2026-09-25,15:28:43,Binary Scan,,Binary: /usr/bin/umount,1,Normal
2026-09-25,15:28:43,Binary Scan,,Binary: /usr/bin/uname,1,Normal
2026-09-25,15:28:43,Binary Scan,,Binary: /usr/bin/unattended-upgrade,1,Normal
2026-09-25,15:28:43,Binary Scan,,Binary: /usr/bin/unattended-upgrades,1,Normal
2026-09-25,15:28:43,Binary Scan,,Binary: /usr/bin/uncompress,1,Normal
2026-09-25,15:28:43,Binary Scan,,Binary: /usr/bin/unexpand,1,Normal
2026-09-25,15:28:43,Binary Scan,,Binary: /usr/bin/unicode_start,1,Normal
2026-09-25,15:28:43,Binary Scan,,Binary: /usr/bin/unicode_stop,1,Normal
2026-09-25,15:28:43,Binary Scan,,Binary: /usr/bin/uniq,1,Normal
2026-09-25,15:28:43,Binary Scan,,Binary: /usr/bin/unity-scope-loader,1,Normal
2026-09-25,15:28:43,Binary Scan,,Binary: /usr/bin/unlink,1,Normal
2026-09-25,15:28:43,Binary Scan,,Binary: /usr/bin/unlzma,1,Normal
2026-09-25,15:28:43,Binary Scan,,Binary: /usr/bin/unmkinitramfs,1,Normal
2026-09-25,15:28:43,Binary Scan,,Binary: /usr/bin/unshare,1,Normal
2026-09-25,15:28:43,Binary Scan,,Binary: /usr/bin/unsquashfs,1,Normal
2026-09-25,15:28:43,Binary Scan,,Binary: /usr/bin/unxz,1,Normal
2026-09-25,15:28:43,Binary Scan,,Binary: /usr/bin/unzip,1,Normal
2026-09-25,15:28:43,Binary Scan,,Binary: /usr/bin/unzipsfx,1,Normal
2026-09-25,15:28:43,Binary Scan,,Binary: /usr/bin/unzstd,1,Normal
2026-09-25,15:28:43,Binary Scan,,Binary: /usr/bin/update-alternatives,1,Normal
2026-09-25,15:28:43,Binary Scan,,Binary: /usr/bin/update-desktop-database,1,Normal
2026-09-25,15:28:43,Binary Scan,,Binary: /usr/bin/update-manager,1,Normal
2026-09-25,15:28:43,Binary Scan,,Binary: /usr/bin/update-menus,1,Normal
2026-09-25,15:28:43,Binary Scan,,Binary: /usr/bin/update-mime-database,1,Normal
2026-09-25,15:28:43,Binary Scan,,Binary: /usr/bin/update-notifier,1,Normal
2026-09-25,15:28:43,Binary Scan,,Binary: /usr/bin/upower,1,Normal
2026-09-25,15:28:43,Binary Scan,,Binary: /usr/bin/uptime,1,Normal
2026-09-25,15:28:43,Binary Scan,,Binary: /usr/bin/usb-devices,1,Normal
2026-09-25,15:28:43,Binary Scan,,Binary: /usr/bin/usb_printerid,1,Normal
2026-09-25,15:28:43,Binary Scan,,Binary: /usr/bin/usbhid-dump,1,Normal
2026-09-25,15:28:43,Binary Scan,,Binary: /usr/bin/usbip,1,Normal
2026-09-25,15:28:43,Binary Scan,,Binary: /usr/bin/usbipd,1,Normal
2026-09-25,15:28:43,Binary Scan,,Binary: /usr/bin/usbreset,1,Normal
2026-09-25,15:28:43,Binary Scan,,Binary: /usr/bin/user-session-migration,1,Normal
2026-09-25,15:28:43,Binary Scan,,Binary: /usr/bin/users,1,Normal
2026-09-25,15:28:43,Binary Scan,,Binary: /usr/bin/uuidgen,1,Normal
2026-09-25,15:28:43,Binary Scan,,Binary: /usr/bin/uuidparse,1,Normal
2026-09-25,15:28:43,Binary Scan,,Binary: /usr/bin/varlinkctl,1,Normal
2026-09-25,15:28:43,Binary Scan,,Binary: /usr/bin/vboxwl,1,Normal
2026-09-25,15:28:43,Binary Scan,,Binary: /usr/bin/vcs-run,1,Normal
2026-09-25,15:28:43,Binary Scan,,Binary: /usr/bin/vdir,1,Normal
2026-09-25,15:28:43,Binary Scan,,Binary: /usr/bin/vi,1,Normal
2026-09-25,15:28:43,Binary Scan,,Binary: /usr/bin/view,1,Normal
2026-09-25,15:28:43,Binary Scan,,Binary: /usr/bin/viewres,1,Normal
2026-09-25,15:28:43,Binary Scan,,Binary: /usr/bin/vim.tiny,1,Normal
2026-09-25,15:28:43,Binary Scan,,Binary: /usr/bin/visudo-rs,1,Normal
2026-09-25,15:28:43,Binary Scan,,Binary: /usr/bin/vmstat,1,Normal
2026-09-25,15:28:43,Binary Scan,,Binary: /usr/bin/vstp,1,Normal
2026-09-25,15:28:43,Binary Scan,,Binary: /usr/bin/w,1,Normal
2026-09-25,15:28:44,Binary Scan,,Binary: /usr/bin/wall,1,Normal
2026-09-25,15:28:44,Binary Scan,,Binary: /usr/bin/watch,1,Normal
2026-09-25,15:28:44,Binary Scan,,Binary: /usr/bin/watchgnupg,1,Normal
2026-09-25,15:28:44,Binary Scan,,Binary: /usr/bin/wc,1,Normal
2026-09-25,15:28:44,Binary Scan,,Binary: /usr/bin/wget,1,Normal
2026-09-25,15:28:44,Binary Scan,,Binary: /usr/bin/whatis,1,Normal
2026-09-25,15:28:44,Binary Scan,,Binary: /usr/bin/whereis,1,Normal
2026-09-25,15:28:44,Binary Scan,,Binary: /usr/bin/which,1,Normal
2026-09-25,15:28:44,Binary Scan,,Binary: /usr/bin/which.debianutils,1,Normal
2026-09-25,15:28:44,Binary Scan,,Binary: /usr/bin/whiptail,1,Normal
2026-09-25,15:28:44,Binary Scan,,Binary: /usr/bin/who,1,Normal
2026-09-25,15:28:44,Binary Scan,,Binary: /usr/bin/whoami,1,Normal
2026-09-25,15:28:44,Binary Scan,,Binary: /usr/bin/whoopsie,1,Normal
2026-09-25,15:28:44,Binary Scan,,Binary: /usr/bin/whoopsie-preferences,1,Normal
2026-09-25,15:28:44,Binary Scan,,Binary: /usr/bin/wireplumber,1,Normal
2026-09-25,15:28:44,Binary Scan,,Binary: /usr/bin/word-list-compress,1,Normal
2026-09-25,15:28:44,Binary Scan,,Binary: /usr/bin/wpa_passphrase,1,Normal
2026-09-25,15:28:44,Binary Scan,,Binary: /usr/bin/wpctl,1,Normal
2026-09-25,15:28:44,Binary Scan,,Binary: /usr/bin/wpexec,1,Normal
2026-09-25,15:28:44,Binary Scan,,Binary: /usr/bin/wsdd,1,Normal
2026-09-25,15:28:44,Binary Scan,,Binary: /usr/bin/x-session-manager,1,Normal
2026-09-25,15:28:44,Binary Scan,,Binary: /usr/bin/x-terminal-emulator,1,Normal
2026-09-25,15:28:44,Binary Scan,,Binary: /usr/bin/x-www-browser,1,Normal
2026-09-25,15:28:44,Binary Scan,,Binary: /usr/bin/x86_64,1,Normal
2026-09-25,15:28:44,Binary Scan,,Binary: /usr/bin/x86_64-linux-gnu-addr2line,1,Normal
2026-09-25,15:28:44,Binary Scan,,Binary: /usr/bin/x86_64-linux-gnu-ar,1,Normal
2026-09-25,15:28:44,Binary Scan,,Binary: /usr/bin/x86_64-linux-gnu-as,1,Normal
2026-09-25,15:28:44,Binary Scan,,Binary: /usr/bin/x86_64-linux-gnu-c++filt,1,Normal
2026-09-25,15:28:44,Binary Scan,,Binary: /usr/bin/x86_64-linux-gnu-cpp,1,Normal
2026-09-25,15:28:44,Binary Scan,,Binary: /usr/bin/x86_64-linux-gnu-cpp-15,1,Normal
2026-09-25,15:28:44,Binary Scan,,Binary: /usr/bin/x86_64-linux-gnu-elfedit,1,Normal
2026-09-25,15:28:44,Binary Scan,,Binary: /usr/bin/x86_64-linux-gnu-g++,1,Normal
2026-09-25,15:28:44,Binary Scan,,Binary: /usr/bin/x86_64-linux-gnu-g++-15,1,Normal
2026-09-25,15:28:44,Binary Scan,,Binary: /usr/bin/x86_64-linux-gnu-gcc,1,Normal
2026-09-25,15:28:44,Binary Scan,,Binary: /usr/bin/x86_64-linux-gnu-gcc-15,1,Normal
2026-09-25,15:28:44,Binary Scan,,Binary: /usr/bin/x86_64-linux-gnu-gcc-ar,1,Normal
2026-09-25,15:28:44,Binary Scan,,Binary: /usr/bin/x86_64-linux-gnu-gcc-ar-15,1,Normal
2026-09-25,15:28:44,Binary Scan,,Binary: /usr/bin/x86_64-linux-gnu-gcc-nm,1,Normal
2026-09-25,15:28:44,Binary Scan,,Binary: /usr/bin/x86_64-linux-gnu-gcc-nm-15,1,Normal
2026-09-25,15:28:44,Binary Scan,,Binary: /usr/bin/x86_64-linux-gnu-gcc-ranlib,1,Normal
2026-09-25,15:28:44,Binary Scan,,Binary: /usr/bin/x86_64-linux-gnu-gcc-ranlib-15,1,Normal
2026-09-25,15:28:44,Binary Scan,,Binary: /usr/bin/x86_64-linux-gnu-gcov,1,Normal
2026-09-25,15:28:44,Binary Scan,,Binary: /usr/bin/x86_64-linux-gnu-gcov-15,1,Normal
2026-09-25,15:28:44,Binary Scan,,Binary: /usr/bin/x86_64-linux-gnu-gcov-dump,1,Normal
2026-09-25,15:28:44,Binary Scan,,Binary: /usr/bin/x86_64-linux-gnu-gcov-dump-15,1,Normal
2026-09-25,15:28:44,Binary Scan,,Binary: /usr/bin/x86_64-linux-gnu-gcov-tool,1,Normal
2026-09-25,15:28:44,Binary Scan,,Binary: /usr/bin/x86_64-linux-gnu-gcov-tool-15,1,Normal
2026-09-25,15:28:44,Binary Scan,,Binary: /usr/bin/x86_64-linux-gnu-gprof,1,Normal
2026-09-25,15:28:44,Binary Scan,,Binary: /usr/bin/x86_64-linux-gnu-ld,1,Normal
2026-09-25,15:28:44,Binary Scan,,Binary: /usr/bin/x86_64-linux-gnu-ld.bfd,1,Normal
2026-09-25,15:28:44,Binary Scan,,Binary: /usr/bin/x86_64-linux-gnu-lto-dump,1,Normal
2026-09-25,15:28:44,Binary Scan,,Binary: /usr/bin/x86_64-linux-gnu-lto-dump-15,1,Normal
2026-09-25,15:28:44,Binary Scan,,Binary: /usr/bin/x86_64-linux-gnu-nm,1,Normal
2026-09-25,15:28:44,Binary Scan,,Binary: /usr/bin/x86_64-linux-gnu-objcopy,1,Normal
2026-09-25,15:28:44,Binary Scan,,Binary: /usr/bin/x86_64-linux-gnu-objdump,1,Normal
2026-09-25,15:28:44,Binary Scan,,Binary: /usr/bin/x86_64-linux-gnu-ranlib,1,Normal
2026-09-25,15:28:44,Binary Scan,,Binary: /usr/bin/x86_64-linux-gnu-readelf,1,Normal
2026-09-25,15:28:44,Binary Scan,,Binary: /usr/bin/x86_64-linux-gnu-size,1,Normal
2026-09-25,15:28:44,Binary Scan,,Binary: /usr/bin/x86_64-linux-gnu-strings,1,Normal
2026-09-25,15:28:44,Binary Scan,,Binary: /usr/bin/x86_64-linux-gnu-strip,1,Normal
2026-09-25,15:28:44,Binary Scan,,Binary: /usr/bin/x86_energy_perf_policy,1,Normal
2026-09-25,15:28:44,Binary Scan,,Binary: /usr/bin/xargs,1,Normal
2026-09-25,15:28:44,Binary Scan,,Binary: /usr/bin/xauth,1,Normal
2026-09-25,15:28:44,Binary Scan,,Binary: /usr/bin/xbrlapi,1,Normal
2026-09-25,15:28:44,Binary Scan,,Binary: /usr/bin/xcmsdb,1,Normal
2026-09-25,15:28:44,Binary Scan,,Binary: /usr/bin/xdg-dbus-proxy,1,Normal
2026-09-25,15:28:44,Binary Scan,,Binary: /usr/bin/xdg-desktop-icon,1,Normal
2026-09-25,15:28:44,Binary Scan,,Binary: /usr/bin/xdg-desktop-menu,1,Normal
2026-09-25,15:28:44,Binary Scan,,Binary: /usr/bin/xdg-email,1,Normal
2026-09-25,15:28:44,Binary Scan,,Binary: /usr/bin/xdg-icon-resource,1,Normal
2026-09-25,15:28:44,Binary Scan,,Binary: /usr/bin/xdg-mime,1,Normal
2026-09-25,15:28:44,Binary Scan,,Binary: /usr/bin/xdg-open,1,Normal
2026-09-25,15:28:44,Binary Scan,,Binary: /usr/bin/xdg-screensaver,1,Normal
2026-09-25,15:28:44,Binary Scan,,Binary: /usr/bin/xdg-settings,1,Normal
2026-09-25,15:28:44,Binary Scan,,Binary: /usr/bin/xdg-terminal-exec,1,Normal
2026-09-25,15:28:45,Binary Scan,,Binary: /usr/bin/xdg-user-dir,1,Normal
2026-09-25,15:28:45,Binary Scan,,Binary: /usr/bin/xdg-user-dirs-gtk-update,1,Normal
2026-09-25,15:28:45,Binary Scan,,Binary: /usr/bin/xdg-user-dirs-update,1,Normal
2026-09-25,15:28:45,Binary Scan,,Binary: /usr/bin/xdpyinfo,1,Normal
2026-09-25,15:28:45,Binary Scan,,Binary: /usr/bin/xdriinfo,1,Normal
2026-09-25,15:28:45,Binary Scan,,Binary: /usr/bin/xev,1,Normal
2026-09-25,15:28:45,Binary Scan,,Binary: /usr/bin/xfd,1,Normal
2026-09-25,15:28:45,Binary Scan,,Binary: /usr/bin/xfontsel,1,Normal
2026-09-25,15:28:45,Binary Scan,,Binary: /usr/bin/xgamma,1,Normal
2026-09-25,15:28:45,Binary Scan,,Binary: /usr/bin/xhost,1,Normal
2026-09-25,15:28:45,Binary Scan,,Binary: /usr/bin/xkbbell,1,Normal
2026-09-25,15:28:45,Binary Scan,,Binary: /usr/bin/xkbcomp,1,Normal
2026-09-25,15:28:45,Binary Scan,,Binary: /usr/bin/xkbevd,1,Normal
2026-09-25,15:28:45,Binary Scan,,Binary: /usr/bin/xkbprint,1,Normal
2026-09-25,15:28:45,Binary Scan,,Binary: /usr/bin/xkbvleds,1,Normal
2026-09-25,15:28:45,Binary Scan,,Binary: /usr/bin/xkbwatch,1,Normal
2026-09-25,15:28:45,Binary Scan,,Binary: /usr/bin/xkeystone,1,Normal
2026-09-25,15:28:45,Binary Scan,,Binary: /usr/bin/xkill,1,Normal
2026-09-25,15:28:45,Binary Scan,,Binary: /usr/bin/xlsatoms,1,Normal
2026-09-25,15:28:45,Binary Scan,,Binary: /usr/bin/xlsclients,1,Normal
2026-09-25,15:28:45,Binary Scan,,Binary: /usr/bin/xlsfonts,1,Normal
2026-09-25,15:28:45,Binary Scan,,Binary: /usr/bin/xmessage,1,Normal
2026-09-25,15:28:45,Binary Scan,,Binary: /usr/bin/xmodmap,1,Normal
2026-09-25,15:28:45,Binary Scan,,Binary: /usr/bin/xprop,1,Normal
2026-09-25,15:28:45,Binary Scan,,Binary: /usr/bin/xqxdecode,1,Normal
2026-09-25,15:28:45,Binary Scan,,Binary: /usr/bin/xrandr,1,Normal
2026-09-25,15:28:45,Binary Scan,,Binary: /usr/bin/xrdb,1,Normal
2026-09-25,15:28:45,Binary Scan,,Binary: /usr/bin/xrefresh,1,Normal
2026-09-25,15:28:45,Binary Scan,,Binary: /usr/bin/xset,1,Normal
2026-09-25,15:28:45,Binary Scan,,Binary: /usr/bin/xsetmode,1,Normal
2026-09-25,15:28:45,Binary Scan,,Binary: /usr/bin/xsetpointer,1,Normal
2026-09-25,15:28:45,Binary Scan,,Binary: /usr/bin/xsetroot,1,Normal
2026-09-25,15:28:45,Binary Scan,,Binary: /usr/bin/xstdcmap,1,Normal
2026-09-25,15:28:45,Binary Scan,,Binary: /usr/bin/xsubpp,1,Normal
2026-09-25,15:28:45,Binary Scan,,Binary: /usr/bin/xvidtune,1,Normal
2026-09-25,15:28:45,Binary Scan,,Binary: /usr/bin/xvinfo,1,Normal
2026-09-25,15:28:45,Binary Scan,,Binary: /usr/bin/xwininfo,1,Normal
2026-09-25,15:28:45,Binary Scan,,Binary: /usr/bin/xxd,1,Normal
2026-09-25,15:28:45,Binary Scan,,Binary: /usr/bin/xz,1,Normal
2026-09-25,15:28:45,Binary Scan,,Binary: /usr/bin/xzcat,1,Normal
2026-09-25,15:28:45,Binary Scan,,Binary: /usr/bin/xzcmp,1,Normal
2026-09-25,15:28:45,Binary Scan,,Binary: /usr/bin/xzdiff,1,Normal
2026-09-25,15:28:45,Binary Scan,,Binary: /usr/bin/xzegrep,1,Normal
2026-09-25,15:28:45,Binary Scan,,Binary: /usr/bin/xzfgrep,1,Normal
2026-09-25,15:28:45,Binary Scan,,Binary: /usr/bin/xzgrep,1,Normal
2026-09-25,15:28:45,Binary Scan,,Binary: /usr/bin/xzless,1,Normal
2026-09-25,15:28:45,Binary Scan,,Binary: /usr/bin/xzmore,1,Normal
2026-09-25,15:28:45,Binary Scan,,Binary: /usr/bin/yelp,1,Normal
2026-09-25,15:28:45,Binary Scan,,Binary: /usr/bin/yes,1,Normal
2026-09-25,15:28:45,Binary Scan,,Binary: /usr/bin/ypdomainname,1,Normal
2026-09-25,15:28:45,Binary Scan,,Binary: /usr/bin/zcat,1,Normal
2026-09-25,15:28:45,Binary Scan,,Binary: /usr/bin/zcmp,1,Normal
2026-09-25,15:28:45,Binary Scan,,Binary: /usr/bin/zdiff,1,Normal
2026-09-25,15:28:45,Binary Scan,,Binary: /usr/bin/zdump,1,Normal
2026-09-25,15:28:45,Binary Scan,,Binary: /usr/bin/zegrep,1,Normal
2026-09-25,15:28:45,Binary Scan,,Binary: /usr/bin/zenity,1,Normal
2026-09-25,15:28:45,Binary Scan,,Binary: /usr/bin/zfgrep,1,Normal
2026-09-25,15:28:45,Binary Scan,,Binary: /usr/bin/zforce,1,Normal
2026-09-25,15:28:45,Binary Scan,,Binary: /usr/bin/zgrep,1,Normal
2026-09-25,15:28:45,Binary Scan,,Binary: /usr/bin/zip,1,Normal
2026-09-25,15:28:45,Binary Scan,,Binary: /usr/bin/zipcloak,1,Normal
2026-09-25,15:28:45,Binary Scan,,Binary: /usr/bin/zipdetails,1,Normal
2026-09-25,15:28:45,Binary Scan,,Binary: /usr/bin/zipgrep,1,Normal
2026-09-25,15:28:45,Binary Scan,,Binary: /usr/bin/zipinfo,1,Normal
2026-09-25,15:28:45,Binary Scan,,Binary: /usr/bin/zipnote,1,Normal
2026-09-25,15:28:45,Binary Scan,,Binary: /usr/bin/zipsplit,1,Normal
2026-09-25,15:28:45,Binary Scan,,Binary: /usr/bin/zjsdecode,1,Normal
2026-09-25,15:28:45,Binary Scan,,Binary: /usr/bin/zless,1,Normal
2026-09-25,15:28:45,Binary Scan,,Binary: /usr/bin/zmore,1,Normal
2026-09-25,15:28:45,Binary Scan,,Binary: /usr/bin/znew,1,Normal
2026-09-25,15:28:45,Binary Scan,,Binary: /usr/bin/zstd,1,Normal
2026-09-25,15:28:45,Binary Scan,,Binary: /usr/bin/zstdcat,1,Normal
2026-09-25,15:28:45,Binary Scan,,Binary: /usr/bin/zstdgrep,1,Normal
2026-09-25,15:28:45,Binary Scan,,Binary: /usr/bin/zstdless,1,Normal
2026-09-25,15:28:46,Binary Scan,,Binary: /usr/bin/zstdmt,1,Normal
2026-09-25,15:28:46,Section Divider,,====,1,Normal
2026-09-25,15:28:46,Test,,Test: Checking binaries in directory /usr/sbin,1,Normal
2026-09-25,15:28:46,General,,Directory /usr/sbin exists. Starting directory scanning...,1,Normal
2026-09-25,15:28:46,Binary Scan,,Binary: /usr/sbin/ModemManager,1,Normal
2026-09-25,15:28:46,Binary Scan,,Binary: /usr/sbin/NetworkManager,1,Normal
2026-09-25,15:28:46,Binary Scan,,Binary: /usr/sbin/VBoxService,1,Normal
2026-09-25,15:28:46,Binary Scan,,Binary: /usr/sbin/aa-load,1,Normal
2026-09-25,15:28:46,Binary Scan,,Binary: /usr/sbin/aa-remove-unknown,1,Normal
2026-09-25,15:28:46,Binary Scan,,Binary: /usr/sbin/aa-status,1,Normal
2026-09-25,15:28:46,Binary Scan,,Binary: /usr/sbin/aa-teardown,1,Normal
2026-09-25,15:28:46,Binary Scan,,Binary: /usr/sbin/accessdb,1,Normal
2026-09-25,15:28:46,Binary Scan,,Binary: /usr/sbin/add-shell,1,Normal
2026-09-25,15:28:46,Binary Scan,,Binary: /usr/sbin/addgnupghome,1,Normal
2026-09-25,15:28:46,Binary Scan,,Binary: /usr/sbin/addgroup,1,Normal
2026-09-25,15:28:46,Binary Scan,,Binary: /usr/sbin/adduser,1,Normal
2026-09-25,15:28:46,Binary Scan,,Binary: /usr/sbin/agetty,1,Normal
2026-09-25,15:28:46,Binary Scan,,Binary: /usr/sbin/alsa,1,Normal
2026-09-25,15:28:46,Binary Scan,,Binary: /usr/sbin/alsa-info,1,Normal
2026-09-25,15:28:46,Binary Scan,,Binary: /usr/sbin/alsabat-test,1,Normal
2026-09-25,15:28:46,Binary Scan,,Binary: /usr/sbin/alsactl,1,Normal
2026-09-25,15:28:46,Binary Scan,,Binary: /usr/sbin/anacron,1,Normal
2026-09-25,15:28:46,Binary Scan,,Binary: /usr/sbin/apparmor_parser,1,Normal
2026-09-25,15:28:46,Binary Scan,,Binary: /usr/sbin/apparmor_status,1,Normal
2026-09-25,15:28:46,Binary Scan,,Binary: /usr/sbin/applygnupgdefaults,1,Normal
2026-09-25,15:28:46,Binary Scan,,Binary: /usr/sbin/aptd,1,Normal
2026-09-25,15:28:46,Binary Scan,,Binary: /usr/sbin/argdist-bpfcc,1,Normal
2026-09-25,15:28:46,Binary Scan,,Binary: /usr/sbin/arpd,1,Normal
2026-09-25,15:28:46,Binary Scan,,Binary: /usr/sbin/arptables,1,Normal
2026-09-25,15:28:46,Binary Scan,,Binary: /usr/sbin/arptables-nft,1,Normal
2026-09-25,15:28:46,Binary Scan,,Binary: /usr/sbin/arptables-nft-restore,1,Normal
2026-09-25,15:28:46,Binary Scan,,Binary: /usr/sbin/arptables-nft-save,1,Normal
2026-09-25,15:28:46,Binary Scan,,Binary: /usr/sbin/arptables-restore,1,Normal
2026-09-25,15:28:46,Binary Scan,,Binary: /usr/sbin/arptables-save,1,Normal
2026-09-25,15:28:46,Binary Scan,,Binary: /usr/sbin/arptables-translate,1,Normal
2026-09-25,15:28:46,Binary Scan,,Binary: /usr/sbin/aspell-autobuildhash,1,Normal
2026-09-25,15:28:46,Binary Scan,,Binary: /usr/sbin/avahi-daemon,1,Normal
2026-09-25,15:28:46,Binary Scan,,Binary: /usr/sbin/badblocks,1,Normal
2026-09-25,15:28:46,Binary Scan,,Binary: /usr/sbin/bashreadline-bpfcc,1,Normal
2026-09-25,15:28:46,Binary Scan,,Binary: /usr/sbin/bashreadline.bt,1,Normal
2026-09-25,15:28:46,Binary Scan,,Binary: /usr/sbin/bindsnoop-bpfcc,1,Normal
2026-09-25,15:28:46,Binary Scan,,Binary: /usr/sbin/biolatency-bpfcc,1,Normal
2026-09-25,15:28:46,Binary Scan,,Binary: /usr/sbin/biolatency-kp.bt,1,Normal
2026-09-25,15:28:46,Binary Scan,,Binary: /usr/sbin/biolatency.bt,1,Normal
2026-09-25,15:28:46,Binary Scan,,Binary: /usr/sbin/biolatpcts-bpfcc,1,Normal
2026-09-25,15:28:46,Binary Scan,,Binary: /usr/sbin/biopattern-bpfcc,1,Normal
2026-09-25,15:28:46,Binary Scan,,Binary: /usr/sbin/biosdecode,1,Normal
2026-09-25,15:28:46,Binary Scan,,Binary: /usr/sbin/biosnoop-bpfcc,1,Normal
2026-09-25,15:28:46,Binary Scan,,Binary: /usr/sbin/biosnoop.bt,1,Normal
2026-09-25,15:28:46,Binary Scan,,Binary: /usr/sbin/biostacks.bt,1,Normal
2026-09-25,15:28:46,Binary Scan,,Binary: /usr/sbin/biotop-bpfcc,1,Normal
2026-09-25,15:28:46,Binary Scan,,Binary: /usr/sbin/bitesize-bpfcc,1,Normal
2026-09-25,15:28:46,Binary Scan,,Binary: /usr/sbin/bitesize.bt,1,Normal
2026-09-25,15:28:46,Binary Scan,,Binary: /usr/sbin/blkdeactivate,1,Normal
2026-09-25,15:28:46,Binary Scan,,Binary: /usr/sbin/blkdiscard,1,Normal
2026-09-25,15:28:46,Binary Scan,,Binary: /usr/sbin/blkid,1,Normal
2026-09-25,15:28:46,Binary Scan,,Binary: /usr/sbin/blockdev,1,Normal
2026-09-25,15:28:46,Binary Scan,,Binary: /usr/sbin/bluetoothd,1,Normal
2026-09-25,15:28:46,Binary Scan,,Binary: /usr/sbin/bpflist-bpfcc,1,Normal
2026-09-25,15:28:46,Binary Scan,,Binary: /usr/sbin/bpftool,1,Normal
2026-09-25,15:28:46,Binary Scan,,Binary: /usr/sbin/bridge,1,Normal
2026-09-25,15:28:46,Binary Scan,,Binary: /usr/sbin/brltty-setup,1,Normal
2026-09-25,15:28:46,Binary Scan,,Binary: /usr/sbin/btrfsdist-bpfcc,1,Normal
2026-09-25,15:28:46,Binary Scan,,Binary: /usr/sbin/btrfsslower-bpfcc,1,Normal
2026-09-25,15:28:46,Binary Scan,,Binary: /usr/sbin/cachestat-bpfcc,1,Normal
2026-09-25,15:28:46,Binary Scan,,Binary: /usr/sbin/cachetop-bpfcc,1,Normal
2026-09-25,15:28:46,Binary Scan,,Binary: /usr/sbin/capable-bpfcc,1,Normal
2026-09-25,15:28:46,Binary Scan,,Binary: /usr/sbin/capable.bt,1,Normal
2026-09-25,15:28:46,Binary Scan,,Binary: /usr/sbin/capsh,1,Normal
2026-09-25,15:28:46,Binary Scan,,Binary: /usr/sbin/cfdisk,1,Normal
2026-09-25,15:28:46,Binary Scan,,Binary: /usr/sbin/cgdisk,1,Normal
2026-09-25,15:28:46,Binary Scan,,Binary: /usr/sbin/chat,1,Normal
2026-09-25,15:28:46,Binary Scan,,Binary: /usr/sbin/chgpasswd,1,Normal
2026-09-25,15:28:47,Binary Scan,,Binary: /usr/sbin/chpasswd,1,Normal
2026-09-25,15:28:47,Binary Scan,,Binary: /usr/sbin/chronyd,1,Normal
2026-09-25,15:28:47,Binary Scan,,Binary: /usr/sbin/cobjnew-bpfcc,1,Normal
2026-09-25,15:28:47,Binary Scan,,Binary: /usr/sbin/coldreboot,1,Normal
2026-09-25,15:28:47,Binary Scan,,Binary: /usr/sbin/compactsnoop-bpfcc,1,Normal
2026-09-25,15:28:47,Binary Scan,,Binary: /usr/sbin/cpudist-bpfcc,1,Normal
2026-09-25,15:28:47,Binary Scan,,Binary: /usr/sbin/cpuunclaimed-bpfcc,1,Normal
2026-09-25,15:28:47,Binary Scan,,Binary: /usr/sbin/cpuwalk.bt,1,Normal
2026-09-25,15:28:47,Binary Scan,,Binary: /usr/sbin/cracklib-check,1,Normal
2026-09-25,15:28:47,Binary Scan,,Binary: /usr/sbin/cracklib-format,1,Normal
2026-09-25,15:28:47,Binary Scan,,Binary: /usr/sbin/cracklib-packer,1,Normal
2026-09-25,15:28:47,Binary Scan,,Binary: /usr/sbin/cracklib-unpacker,1,Normal
2026-09-25,15:28:47,Binary Scan,,Binary: /usr/sbin/create-cracklib-dict,1,Normal
2026-09-25,15:28:47,Binary Scan,,Binary: /usr/sbin/criticalstat-bpfcc,1,Normal
2026-09-25,15:28:47,Binary Scan,,Binary: /usr/sbin/cron,1,Normal
2026-09-25,15:28:47,Binary Scan,,Binary: /usr/sbin/cups-browsed,1,Normal
2026-09-25,15:28:47,Binary Scan,,Binary: /usr/sbin/cupsaccept,1,Normal
2026-09-25,15:28:47,Binary Scan,,Binary: /usr/sbin/cupsctl,1,Normal
2026-09-25,15:28:47,Binary Scan,,Binary: /usr/sbin/cupsd,1,Normal
2026-09-25,15:28:47,Binary Scan,,Binary: /usr/sbin/cupsdisable,1,Normal
2026-09-25,15:28:47,Binary Scan,,Binary: /usr/sbin/cupsenable,1,Normal
2026-09-25,15:28:47,Binary Scan,,Binary: /usr/sbin/cupsfilter,1,Normal
2026-09-25,15:28:47,Binary Scan,,Binary: /usr/sbin/cupsreject,1,Normal
2026-09-25,15:28:47,Binary Scan,,Binary: /usr/sbin/dbslower-bpfcc,1,Normal
2026-09-25,15:28:47,Binary Scan,,Binary: /usr/sbin/dbstat-bpfcc,1,Normal
2026-09-25,15:28:47,Binary Scan,,Binary: /usr/sbin/dcb,1,Normal
2026-09-25,15:28:47,Binary Scan,,Binary: /usr/sbin/dcsnoop-bpfcc,1,Normal
2026-09-25,15:28:47,Binary Scan,,Binary: /usr/sbin/dcsnoop.bt,1,Normal
2026-09-25,15:28:47,Binary Scan,,Binary: /usr/sbin/dcstat-bpfcc,1,Normal
2026-09-25,15:28:47,Binary Scan,,Binary: /usr/sbin/deadlock-bpfcc,1,Normal
2026-09-25,15:28:47,Binary Scan,,Binary: /usr/sbin/debugfs,1,Normal
2026-09-25,15:28:47,Binary Scan,,Binary: /usr/sbin/delgroup,1,Normal
2026-09-25,15:28:47,Binary Scan,,Binary: /usr/sbin/deluser,1,Normal
2026-09-25,15:28:47,Binary Scan,,Binary: /usr/sbin/depmod,1,Normal
2026-09-25,15:28:47,Binary Scan,,Binary: /usr/sbin/devlink,1,Normal
2026-09-25,15:28:47,Binary Scan,,Binary: /usr/sbin/dhcpcd,1,Normal
2026-09-25,15:28:47,Binary Scan,,Binary: /usr/sbin/dirtop-bpfcc,1,Normal
2026-09-25,15:28:47,Binary Scan,,Binary: /usr/sbin/dkms,1,Normal
2026-09-25,15:28:47,Binary Scan,,Binary: /usr/sbin/dmidecode,1,Normal
2026-09-25,15:28:47,Binary Scan,,Binary: /usr/sbin/dmsetup,1,Normal
2026-09-25,15:28:47,Binary Scan,,Binary: /usr/sbin/dmstats,1,Normal
2026-09-25,15:28:47,Binary Scan,,Binary: /usr/sbin/dnsmasq,1,Normal
2026-09-25,15:28:47,Binary Scan,,Binary: /usr/sbin/dosfsck,1,Normal
2026-09-25,15:28:47,Binary Scan,,Binary: /usr/sbin/dosfslabel,1,Normal
2026-09-25,15:28:47,Binary Scan,,Binary: /usr/sbin/dpkg-preconfigure,1,Normal
2026-09-25,15:28:47,Binary Scan,,Binary: /usr/sbin/dpkg-reconfigure,1,Normal
2026-09-25,15:28:47,Binary Scan,,Binary: /usr/sbin/dpll,1,Normal
2026-09-25,15:28:47,Binary Scan,,Binary: /usr/sbin/drsnoop-bpfcc,1,Normal
2026-09-25,15:28:47,Binary Scan,,Binary: /usr/sbin/dump.exfat,1,Normal
2026-09-25,15:28:47,Binary Scan,,Binary: /usr/sbin/dumpe2fs,1,Normal
2026-09-25,15:28:47,Binary Scan,,Binary: /usr/sbin/e2freefrag,1,Normal
2026-09-25,15:28:47,Binary Scan,,Binary: /usr/sbin/e2fsck,1,Normal
2026-09-25,15:28:47,Binary Scan,,Binary: /usr/sbin/e2image,1,Normal
2026-09-25,15:28:47,Binary Scan,,Binary: /usr/sbin/e2label,1,Normal
2026-09-25,15:28:47,Binary Scan,,Binary: /usr/sbin/e2mmpstatus,1,Normal
2026-09-25,15:28:47,Binary Scan,,Binary: /usr/sbin/e2scrub,1,Normal
2026-09-25,15:28:47,Binary Scan,,Binary: /usr/sbin/e2scrub_all,1,Normal
2026-09-25,15:28:47,Binary Scan,,Binary: /usr/sbin/e2undo,1,Normal
2026-09-25,15:28:47,Binary Scan,,Binary: /usr/sbin/e4crypt,1,Normal
2026-09-25,15:28:47,Binary Scan,,Binary: /usr/sbin/e4defrag,1,Normal
2026-09-25,15:28:47,Binary Scan,,Binary: /usr/sbin/ebtables,1,Normal
2026-09-25,15:28:47,Binary Scan,,Binary: /usr/sbin/ebtables-nft,1,Normal
2026-09-25,15:28:47,Binary Scan,,Binary: /usr/sbin/ebtables-nft-restore,1,Normal
2026-09-25,15:28:47,Binary Scan,,Binary: /usr/sbin/ebtables-nft-save,1,Normal
2026-09-25,15:28:47,Binary Scan,,Binary: /usr/sbin/ebtables-restore,1,Normal
2026-09-25,15:28:47,Binary Scan,,Binary: /usr/sbin/ebtables-save,1,Normal
2026-09-25,15:28:47,Binary Scan,,Binary: /usr/sbin/ebtables-translate,1,Normal
2026-09-25,15:28:47,Binary Scan,,Binary: /usr/sbin/ethtool,1,Normal
2026-09-25,15:28:47,Binary Scan,,Binary: /usr/sbin/execsnoop-bpfcc,1,Normal
2026-09-25,15:28:47,Binary Scan,,Binary: /usr/sbin/execsnoop.bt,1,Normal
2026-09-25,15:28:47,Binary Scan,,Binary: /usr/sbin/exfat2img,1,Normal
2026-09-25,15:28:47,Binary Scan,,Binary: /usr/sbin/exfatlabel,1,Normal
2026-09-25,15:28:47,Binary Scan,,Binary: /usr/sbin/exitsnoop-bpfcc,1,Normal
2026-09-25,15:28:47,Binary Scan,,Binary: /usr/sbin/ext4dist-bpfcc,1,Normal
2026-09-25,15:28:48,Binary Scan,,Binary: /usr/sbin/ext4slower-bpfcc,1,Normal
2026-09-25,15:28:48,Binary Scan,,Binary: /usr/sbin/f2fsslower-bpfcc,1,Normal
2026-09-25,15:28:48,Binary Scan,,Binary: /usr/sbin/faillock,1,Normal
2026-09-25,15:28:48,Binary Scan,,Binary: /usr/sbin/fatlabel,1,Normal
2026-09-25,15:28:48,Binary Scan,,Binary: /usr/sbin/fdisk,1,Normal
2026-09-25,15:28:48,Binary Scan,,Binary: /usr/sbin/filefrag,1,Normal
2026-09-25,15:28:48,Binary Scan,,Binary: /usr/sbin/filegone-bpfcc,1,Normal
2026-09-25,15:28:48,Binary Scan,,Binary: /usr/sbin/filelife-bpfcc,1,Normal
2026-09-25,15:28:48,Binary Scan,,Binary: /usr/sbin/fileslower-bpfcc,1,Normal
2026-09-25,15:28:48,Binary Scan,,Binary: /usr/sbin/filetop-bpfcc,1,Normal
2026-09-25,15:28:48,Binary Scan,,Binary: /usr/sbin/findfs,1,Normal
2026-09-25,15:28:48,Binary Scan,,Binary: /usr/sbin/fixparts,1,Normal
2026-09-25,15:28:48,Binary Scan,,Binary: /usr/sbin/fsck,1,Normal
2026-09-25,15:28:48,Binary Scan,,Binary: /usr/sbin/fsck.exfat,1,Normal
2026-09-25,15:28:48,Binary Scan,,Binary: /usr/sbin/fsck.ext2,1,Normal
2026-09-25,15:28:48,Binary Scan,,Binary: /usr/sbin/fsck.ext3,1,Normal
2026-09-25,15:28:48,Binary Scan,,Binary: /usr/sbin/fsck.ext4,1,Normal
2026-09-25,15:28:48,Binary Scan,,Binary: /usr/sbin/fsck.fat,1,Normal
2026-09-25,15:28:48,Binary Scan,,Binary: /usr/sbin/fsck.msdos,1,Normal
2026-09-25,15:28:48,Binary Scan,,Binary: /usr/sbin/fsck.vfat,1,Normal
2026-09-25,15:28:48,Binary Scan,,Binary: /usr/sbin/fsfreeze,1,Normal
2026-09-25,15:28:48,Binary Scan,,Binary: /usr/sbin/fstab-decode,1,Normal
2026-09-25,15:28:48,Binary Scan,,Binary: /usr/sbin/fstrim,1,Normal
2026-09-25,15:28:48,Binary Scan,,Binary: /usr/sbin/funccount-bpfcc,1,Normal
2026-09-25,15:28:48,Binary Scan,,Binary: /usr/sbin/funcinterval-bpfcc,1,Normal
2026-09-25,15:28:48,Binary Scan,,Binary: /usr/sbin/funclatency-bpfcc,1,Normal
2026-09-25,15:28:48,Binary Scan,,Binary: /usr/sbin/funcslower-bpfcc,1,Normal
2026-09-25,15:28:48,Binary Scan,,Binary: /usr/sbin/gdisk,1,Normal
2026-09-25,15:28:48,Binary Scan,,Binary: /usr/sbin/gdm3,1,Normal
2026-09-25,15:28:48,Binary Scan,,Binary: /usr/sbin/genl,1,Normal
2026-09-25,15:28:48,Binary Scan,,Binary: /usr/sbin/getcap,1,Normal
2026-09-25,15:28:48,Binary Scan,,Binary: /usr/sbin/gethostlatency-bpfcc,1,Normal
2026-09-25,15:28:48,Binary Scan,,Binary: /usr/sbin/gethostlatency.bt,1,Normal
2026-09-25,15:28:48,Binary Scan,,Binary: /usr/sbin/getpcaps,1,Normal
2026-09-25,15:28:48,Binary Scan,,Binary: /usr/sbin/getty,1,Normal
2026-09-25,15:28:48,Binary Scan,,Binary: /usr/sbin/getweb,1,Normal
2026-09-25,15:28:48,Binary Scan,,Binary: /usr/sbin/gnome-menus-blacklist,1,Normal
2026-09-25,15:28:48,Binary Scan,,Binary: /usr/sbin/gnuchroot,1,Normal
2026-09-25,15:28:48,Binary Scan,,Binary: /usr/sbin/groupadd,1,Normal
2026-09-25,15:28:48,Binary Scan,,Binary: /usr/sbin/groupdel,1,Normal
2026-09-25,15:28:48,Binary Scan,,Binary: /usr/sbin/groupmod,1,Normal
2026-09-25,15:28:48,Binary Scan,,Binary: /usr/sbin/grpck,1,Normal
2026-09-25,15:28:48,Binary Scan,,Binary: /usr/sbin/grpconv,1,Normal
2026-09-25,15:28:48,Binary Scan,,Binary: /usr/sbin/grpunconv,1,Normal
2026-09-25,15:28:48,Binary Scan,,Binary: /usr/sbin/grub-bios-setup,1,Normal
2026-09-25,15:28:48,Binary Scan,,Binary: /usr/sbin/grub-install,1,Normal
2026-09-25,15:28:48,Binary Scan,,Binary: /usr/sbin/grub-macbless,1,Normal
2026-09-25,15:28:48,Binary Scan,,Binary: /usr/sbin/grub-mkconfig,1,Normal
2026-09-25,15:28:48,Binary Scan,,Binary: /usr/sbin/grub-mkdevicemap,1,Normal
2026-09-25,15:28:48,Binary Scan,,Binary: /usr/sbin/grub-probe,1,Normal
2026-09-25,15:28:48,Binary Scan,,Binary: /usr/sbin/grub-reboot,1,Normal
2026-09-25,15:28:48,Binary Scan,,Binary: /usr/sbin/grub-set-default,1,Normal
2026-09-25,15:28:48,Binary Scan,,Binary: /usr/sbin/halt,1,Normal
2026-09-25,15:28:48,Binary Scan,,Binary: /usr/sbin/hardirqs-bpfcc,1,Normal
2026-09-25,15:28:48,Binary Scan,,Binary: /usr/sbin/hdparm,1,Normal
2026-09-25,15:28:48,Binary Scan,,Binary: /usr/sbin/iconvconfig,1,Normal
2026-09-25,15:28:48,Binary Scan,,Binary: /usr/sbin/init,1,Normal
2026-09-25,15:28:48,Binary Scan,,Binary: /usr/sbin/inject-bpfcc,1,Normal
2026-09-25,15:28:48,Binary Scan,,Binary: /usr/sbin/insmod,1,Normal
2026-09-25,15:28:48,Binary Scan,,Binary: /usr/sbin/install-sgmlcatalog,1,Normal
2026-09-25,15:28:48,Binary Scan,,Binary: /usr/sbin/installkernel,1,Normal
2026-09-25,15:28:48,Binary Scan,,Binary: /usr/sbin/invoke-rc.d,1,Normal
2026-09-25,15:28:48,Binary Scan,,Binary: /usr/sbin/ip,1,Normal
2026-09-25,15:28:48,Binary Scan,,Binary: /usr/sbin/ip6tables,1,Normal
2026-09-25,15:28:48,Binary Scan,,Binary: /usr/sbin/ip6tables-apply,1,Normal
2026-09-25,15:28:48,Binary Scan,,Binary: /usr/sbin/ip6tables-legacy,1,Normal
2026-09-25,15:28:48,Binary Scan,,Binary: /usr/sbin/ip6tables-legacy-restore,1,Normal
2026-09-25,15:28:48,Binary Scan,,Binary: /usr/sbin/ip6tables-legacy-save,1,Normal
2026-09-25,15:28:48,Binary Scan,,Binary: /usr/sbin/ip6tables-nft,1,Normal
2026-09-25,15:28:48,Binary Scan,,Binary: /usr/sbin/ip6tables-nft-restore,1,Normal
2026-09-25,15:28:48,Binary Scan,,Binary: /usr/sbin/ip6tables-nft-save,1,Normal
2026-09-25,15:28:48,Binary Scan,,Binary: /usr/sbin/ip6tables-restore,1,Normal
2026-09-25,15:28:48,Binary Scan,,Binary: /usr/sbin/ip6tables-restore-translate,1,Normal
2026-09-25,15:28:49,Binary Scan,,Binary: /usr/sbin/ip6tables-save,1,Normal
2026-09-25,15:28:49,Binary Scan,,Binary: /usr/sbin/ip6tables-translate,1,Normal
2026-09-25,15:28:49,Binary Scan,,Binary: /usr/sbin/ipp-usb,1,Normal
2026-09-25,15:28:49,Binary Scan,,Binary: /usr/sbin/ippevepcl,1,Normal
2026-09-25,15:28:49,Binary Scan,,Binary: /usr/sbin/ippeveprinter,1,Normal
2026-09-25,15:28:49,Binary Scan,,Binary: /usr/sbin/ippeveps,1,Normal
2026-09-25,15:28:49,Binary Scan,,Binary: /usr/sbin/iptables,1,Normal
2026-09-25,15:28:49,Binary Scan,,Binary: /usr/sbin/iptables-apply,1,Normal
2026-09-25,15:28:49,Binary Scan,,Binary: /usr/sbin/iptables-legacy,1,Normal
2026-09-25,15:28:49,Binary Scan,,Binary: /usr/sbin/iptables-legacy-restore,1,Normal
2026-09-25,15:28:49,Binary Scan,,Binary: /usr/sbin/iptables-legacy-save,1,Normal
2026-09-25,15:28:49,Binary Scan,,Binary: /usr/sbin/iptables-nft,1,Normal
2026-09-25,15:28:49,Binary Scan,,Binary: /usr/sbin/iptables-nft-restore,1,Normal
2026-09-25,15:28:49,Binary Scan,,Binary: /usr/sbin/iptables-nft-save,1,Normal
2026-09-25,15:28:49,Binary Scan,,Binary: /usr/sbin/iptables-restore,1,Normal
2026-09-25,15:28:49,Binary Scan,,Binary: /usr/sbin/iptables-restore-translate,1,Normal
2026-09-25,15:28:49,Binary Scan,,Binary: /usr/sbin/iptables-save,1,Normal
2026-09-25,15:28:49,Binary Scan,,Binary: /usr/sbin/iptables-translate,1,Normal
2026-09-25,15:28:49,Binary Scan,,Binary: /usr/sbin/ispell-autobuildhash,1,Normal
2026-09-25,15:28:49,Binary Scan,,Binary: /usr/sbin/iucode-tool,1,Normal
2026-09-25,15:28:49,Binary Scan,,Binary: /usr/sbin/iucode_tool,1,Normal
2026-09-25,15:28:49,Binary Scan,,Binary: /usr/sbin/iw,1,Normal
2026-09-25,15:28:49,Binary Scan,,Binary: /usr/sbin/javacalls-bpfcc,1,Normal
2026-09-25,15:28:49,Binary Scan,,Binary: /usr/sbin/javaflow-bpfcc,1,Normal
2026-09-25,15:28:49,Binary Scan,,Binary: /usr/sbin/javagc-bpfcc,1,Normal
2026-09-25,15:28:49,Binary Scan,,Binary: /usr/sbin/javaobjnew-bpfcc,1,Normal
2026-09-25,15:28:49,Binary Scan,,Binary: /usr/sbin/javastat-bpfcc,1,Normal
2026-09-25,15:28:49,Binary Scan,,Binary: /usr/sbin/javathreads-bpfcc,1,Normal
2026-09-25,15:28:49,Binary Scan,,Binary: /usr/sbin/kbdrate,1,Normal
2026-09-25,15:28:49,Binary Scan,,Binary: /usr/sbin/kdump-config,1,Normal
2026-09-25,15:28:49,Binary Scan,,Binary: /usr/sbin/kexec,1,Normal
2026-09-25,15:28:49,Binary Scan,,Binary: /usr/sbin/kexec-load-kernel,1,Normal
2026-09-25,15:28:49,Binary Scan,,Binary: /usr/sbin/killall5,1,Normal
2026-09-25,15:28:49,Binary Scan,,Binary: /usr/sbin/killsnoop-bpfcc,1,Normal
2026-09-25,15:28:49,Binary Scan,,Binary: /usr/sbin/killsnoop.bt,1,Normal
2026-09-25,15:28:49,Binary Scan,,Binary: /usr/sbin/klockstat-bpfcc,1,Normal
2026-09-25,15:28:49,Binary Scan,,Binary: /usr/sbin/kvmexit-bpfcc,1,Normal
2026-09-25,15:28:49,Binary Scan,,Binary: /usr/sbin/ldconfig,1,Normal
2026-09-25,15:28:49,Binary Scan,,Binary: /usr/sbin/llcstat-bpfcc,1,Normal
2026-09-25,15:28:49,Binary Scan,,Binary: /usr/sbin/loads.bt,1,Normal
2026-09-25,15:28:49,Binary Scan,,Binary: /usr/sbin/locale-gen,1,Normal
2026-09-25,15:28:49,Binary Scan,,Binary: /usr/sbin/logrotate,1,Normal
2026-09-25,15:28:49,Binary Scan,,Binary: /usr/sbin/logsave,1,Normal
2026-09-25,15:28:49,Binary Scan,,Binary: /usr/sbin/losetup,1,Normal
2026-09-25,15:28:49,Binary Scan,,Binary: /usr/sbin/lpadmin,1,Normal
2026-09-25,15:28:49,Binary Scan,,Binary: /usr/sbin/lpc,1,Normal
2026-09-25,15:28:49,Binary Scan,,Binary: /usr/sbin/lpinfo,1,Normal
2026-09-25,15:28:49,Binary Scan,,Binary: /usr/sbin/lpmove,1,Normal
2026-09-25,15:28:49,Binary Scan,,Binary: /usr/sbin/lsmod,1,Normal
2026-09-25,15:28:49,Binary Scan,,Binary: /usr/sbin/lspcmcia,1,Normal
2026-09-25,15:28:49,Binary Scan,,Binary: /usr/sbin/lynis,1,Normal
2026-09-25,15:28:49,Binary Scan,,Binary: /usr/sbin/make-ssl-cert,1,Normal
2026-09-25,15:28:49,Binary Scan,,Binary: /usr/sbin/mdflush-bpfcc,1,Normal
2026-09-25,15:28:49,Binary Scan,,Binary: /usr/sbin/mdflush.bt,1,Normal
2026-09-25,15:28:49,Binary Scan,,Binary: /usr/sbin/memleak-bpfcc,1,Normal
2026-09-25,15:28:49,Binary Scan,,Binary: /usr/sbin/mkdosfs,1,Normal
2026-09-25,15:28:49,Binary Scan,,Binary: /usr/sbin/mke2fs,1,Normal
2026-09-25,15:28:49,Binary Scan,,Binary: /usr/sbin/mkfs,1,Normal
2026-09-25,15:28:49,Binary Scan,,Binary: /usr/sbin/mkfs.exfat,1,Normal
2026-09-25,15:28:49,Binary Scan,,Binary: /usr/sbin/mkfs.ext2,1,Normal
2026-09-25,15:28:49,Binary Scan,,Binary: /usr/sbin/mkfs.ext3,1,Normal
2026-09-25,15:28:49,Binary Scan,,Binary: /usr/sbin/mkfs.ext4,1,Normal
2026-09-25,15:28:49,Binary Scan,,Binary: /usr/sbin/mkfs.fat,1,Normal
2026-09-25,15:28:49,Binary Scan,,Binary: /usr/sbin/mkfs.msdos,1,Normal
2026-09-25,15:28:49,Binary Scan,,Binary: /usr/sbin/mkfs.ntfs,1,Normal
2026-09-25,15:28:49,Binary Scan,,Binary: /usr/sbin/mkfs.vfat,1,Normal
2026-09-25,15:28:49,Binary Scan,,Binary: /usr/sbin/mkhomedir_helper,1,Normal
2026-09-25,15:28:49,Binary Scan,,Binary: /usr/sbin/mkinitramfs,1,Normal
2026-09-25,15:28:49,Binary Scan,,Binary: /usr/sbin/mklost+found,1,Normal
2026-09-25,15:28:49,Binary Scan,,Binary: /usr/sbin/mkntfs,1,Normal
2026-09-25,15:28:49,Binary Scan,,Binary: /usr/sbin/mkswap,1,Normal
2026-09-25,15:28:49,Binary Scan,,Binary: /usr/sbin/modinfo,1,Normal
2026-09-25,15:28:49,Binary Scan,,Binary: /usr/sbin/modprobe,1,Normal
2026-09-25,15:28:49,Binary Scan,,Binary: /usr/sbin/mount.fuse,1,Normal
2026-09-25,15:28:50,Binary Scan,,Binary: /usr/sbin/mount.fuse3,1,Normal
2026-09-25,15:28:50,Binary Scan,,Binary: /usr/sbin/mount.lowntfs-3g,1,Normal
2026-09-25,15:28:50,Binary Scan,,Binary: /usr/sbin/mount.ntfs,1,Normal
2026-09-25,15:28:50,Binary Scan,,Binary: /usr/sbin/mount.ntfs-3g,1,Normal
2026-09-25,15:28:50,Binary Scan,,Binary: /usr/sbin/mount.vboxsf,1,Normal
2026-09-25,15:28:50,Binary Scan,,Binary: /usr/sbin/mountsnoop-bpfcc,1,Normal
2026-09-25,15:28:50,Binary Scan,,Binary: /usr/sbin/mptcpify-bpfcc,1,Normal
2026-09-25,15:28:50,Binary Scan,,Binary: /usr/sbin/mysqld_qslower-bpfcc,1,Normal
2026-09-25,15:28:50,Binary Scan,,Binary: /usr/sbin/naptime.bt,1,Normal
2026-09-25,15:28:50,Binary Scan,,Binary: /usr/sbin/netplan,1,Normal
2026-09-25,15:28:50,Binary Scan,,Binary: /usr/sbin/netqtop-bpfcc,1,Normal
2026-09-25,15:28:50,Binary Scan,,Binary: /usr/sbin/newusers,1,Normal
2026-09-25,15:28:50,Binary Scan,,Binary: /usr/sbin/nfnl_osf,1,Normal
2026-09-25,15:28:50,Binary Scan,,Binary: /usr/sbin/nfsdist-bpfcc,1,Normal
2026-09-25,15:28:50,Binary Scan,,Binary: /usr/sbin/nfsslower-bpfcc,1,Normal
2026-09-25,15:28:50,Binary Scan,,Binary: /usr/sbin/nft,1,Normal
2026-09-25,15:28:50,Binary Scan,,Binary: /usr/sbin/nodegc-bpfcc,1,Normal
2026-09-25,15:28:50,Binary Scan,,Binary: /usr/sbin/nodestat-bpfcc,1,Normal
2026-09-25,15:28:50,Binary Scan,,Binary: /usr/sbin/nologin,1,Normal
2026-09-25,15:28:50,Binary Scan,,Binary: /usr/sbin/ntfsclone,1,Normal
2026-09-25,15:28:50,Binary Scan,,Binary: /usr/sbin/ntfscp,1,Normal
2026-09-25,15:28:50,Binary Scan,,Binary: /usr/sbin/ntfslabel,1,Normal
2026-09-25,15:28:50,Binary Scan,,Binary: /usr/sbin/ntfsresize,1,Normal
2026-09-25,15:28:50,Binary Scan,,Binary: /usr/sbin/ntfsundelete,1,Normal
2026-09-25,15:28:50,Binary Scan,,Binary: /usr/sbin/numasched-bpfcc,1,Normal
2026-09-25,15:28:50,Binary Scan,,Binary: /usr/sbin/offcputime-bpfcc,1,Normal
2026-09-25,15:28:50,Binary Scan,,Binary: /usr/sbin/offwaketime-bpfcc,1,Normal
2026-09-25,15:28:50,Binary Scan,,Binary: /usr/sbin/on_ac_power,1,Normal
2026-09-25,15:28:50,Binary Scan,,Binary: /usr/sbin/oomkill-bpfcc,1,Normal
2026-09-25,15:28:50,Binary Scan,,Binary: /usr/sbin/oomkill.bt,1,Normal
2026-09-25,15:28:50,Binary Scan,,Binary: /usr/sbin/opensnoop-bpfcc,1,Normal
2026-09-25,15:28:50,Binary Scan,,Binary: /usr/sbin/opensnoop.bt,1,Normal
2026-09-25,15:28:50,Binary Scan,,Binary: /usr/sbin/openvpn,1,Normal
2026-09-25,15:28:50,Binary Scan,,Binary: /usr/sbin/ownership,1,Normal
2026-09-25,15:28:50,Binary Scan,,Binary: /usr/sbin/pam-auth-update,1,Normal
2026-09-25,15:28:50,Binary Scan,,Binary: /usr/sbin/pam_extrausers_chkpwd,1,Normal
2026-09-25,15:28:50,Binary Scan,,Binary: /usr/sbin/pam_extrausers_update,1,Normal
2026-09-25,15:28:50,Binary Scan,,Binary: /usr/sbin/pam_getenv,1,Normal
2026-09-25,15:28:50,Binary Scan,,Binary: /usr/sbin/pam_namespace_helper,1,Normal
2026-09-25,15:28:50,Binary Scan,,Binary: /usr/sbin/pam_timestamp_check,1,Normal
2026-09-25,15:28:50,Binary Scan,,Binary: /usr/sbin/paperconfig,1,Normal
2026-09-25,15:28:50,Binary Scan,,Binary: /usr/sbin/parted,1,Normal
2026-09-25,15:28:50,Binary Scan,,Binary: /usr/sbin/partprobe,1,Normal
2026-09-25,15:28:50,Binary Scan,,Binary: /usr/sbin/pccardctl,1,Normal
2026-09-25,15:28:50,Binary Scan,,Binary: /usr/sbin/perlcalls-bpfcc,1,Normal
2026-09-25,15:28:50,Binary Scan,,Binary: /usr/sbin/perlflow-bpfcc,1,Normal
2026-09-25,15:28:50,Binary Scan,,Binary: /usr/sbin/perlstat-bpfcc,1,Normal
2026-09-25,15:28:50,Binary Scan,,Binary: /usr/sbin/phpcalls-bpfcc,1,Normal
2026-09-25,15:28:50,Binary Scan,,Binary: /usr/sbin/phpflow-bpfcc,1,Normal
2026-09-25,15:28:50,Binary Scan,,Binary: /usr/sbin/phpstat-bpfcc,1,Normal
2026-09-25,15:28:50,Binary Scan,,Binary: /usr/sbin/pidpersec-bpfcc,1,Normal
2026-09-25,15:28:50,Binary Scan,,Binary: /usr/sbin/pidpersec.bt,1,Normal
2026-09-25,15:28:50,Binary Scan,,Binary: /usr/sbin/plymouthd,1,Normal
2026-09-25,15:28:50,Binary Scan,,Binary: /usr/sbin/poweroff,1,Normal
2026-09-25,15:28:50,Binary Scan,,Binary: /usr/sbin/ppchcalls-bpfcc,1,Normal
2026-09-25,15:28:50,Binary Scan,,Binary: /usr/sbin/pppd,1,Normal
2026-09-25,15:28:50,Binary Scan,,Binary: /usr/sbin/pppdump,1,Normal
2026-09-25,15:28:50,Binary Scan,,Binary: /usr/sbin/pppoe-discovery,1,Normal
2026-09-25,15:28:50,Binary Scan,,Binary: /usr/sbin/pppstats,1,Normal
2026-09-25,15:28:50,Binary Scan,,Binary: /usr/sbin/pptp,1,Normal
2026-09-25,15:28:50,Binary Scan,,Binary: /usr/sbin/pptpsetup,1,Normal
2026-09-25,15:28:50,Binary Scan,,Binary: /usr/sbin/profile-bpfcc,1,Normal
2026-09-25,15:28:50,Binary Scan,,Binary: /usr/sbin/pwck,1,Normal
2026-09-25,15:28:50,Binary Scan,,Binary: /usr/sbin/pwconv,1,Normal
2026-09-25,15:28:50,Binary Scan,,Binary: /usr/sbin/pwhistory_helper,1,Normal
2026-09-25,15:28:50,Binary Scan,,Binary: /usr/sbin/pwunconv,1,Normal
2026-09-25,15:28:50,Binary Scan,,Binary: /usr/sbin/pythoncalls-bpfcc,1,Normal
2026-09-25,15:28:50,Binary Scan,,Binary: /usr/sbin/pythonflow-bpfcc,1,Normal
2026-09-25,15:28:50,Binary Scan,,Binary: /usr/sbin/pythongc-bpfcc,1,Normal
2026-09-25,15:28:50,Binary Scan,,Binary: /usr/sbin/pythonstat-bpfcc,1,Normal
2026-09-25,15:28:50,Binary Scan,,Binary: /usr/sbin/rcvboxadd,1,Normal
2026-09-25,15:28:50,Binary Scan,,Binary: /usr/sbin/rcvboxadd-service,1,Normal
2026-09-25,15:28:50,Binary Scan,,Binary: /usr/sbin/rdmaucma-bpfcc,1,Normal
2026-09-25,15:28:50,Binary Scan,,Binary: /usr/sbin/readahead-bpfcc,1,Normal
2026-09-25,15:28:50,Binary Scan,,Binary: /usr/sbin/readprofile,1,Normal
2026-09-25,15:28:50,Binary Scan,,Binary: /usr/sbin/reboot,1,Normal
2026-09-25,15:28:51,Binary Scan,,Binary: /usr/sbin/remove-default-ispell,1,Normal
2026-09-25,15:28:51,Binary Scan,,Binary: /usr/sbin/remove-default-wordlist,1,Normal
2026-09-25,15:28:51,Binary Scan,,Binary: /usr/sbin/remove-shell,1,Normal
2026-09-25,15:28:51,Binary Scan,,Binary: /usr/sbin/reset-trace-bpfcc,1,Normal
2026-09-25,15:28:51,Binary Scan,,Binary: /usr/sbin/resize2fs,1,Normal
2026-09-25,15:28:51,Binary Scan,,Binary: /usr/sbin/resolvconf,1,Normal
2026-09-25,15:28:51,Binary Scan,,Binary: /usr/sbin/rfkill,1,Normal
2026-09-25,15:28:51,Binary Scan,,Binary: /usr/sbin/rmmod,1,Normal
2026-09-25,15:28:51,Binary Scan,,Binary: /usr/sbin/rmt,1,Normal
2026-09-25,15:28:51,Binary Scan,,Binary: /usr/sbin/rmt-tar,1,Normal
2026-09-25,15:28:51,Binary Scan,,Binary: /usr/sbin/rsyslogd,1,Normal
2026-09-25,15:28:51,Binary Scan,,Binary: /usr/sbin/rtacct,1,Normal
2026-09-25,15:28:51,Binary Scan,,Binary: /usr/sbin/rtcwake,1,Normal
2026-09-25,15:28:51,Binary Scan,,Binary: /usr/sbin/rtkitctl,1,Normal
2026-09-25,15:28:51,Binary Scan,,Binary: /usr/sbin/rtmon,1,Normal
2026-09-25,15:28:51,Binary Scan,,Binary: /usr/sbin/rubycalls-bpfcc,1,Normal
2026-09-25,15:28:51,Binary Scan,,Binary: /usr/sbin/rubyflow-bpfcc,1,Normal
2026-09-25,15:28:51,Binary Scan,,Binary: /usr/sbin/rubygc-bpfcc,1,Normal
2026-09-25,15:28:51,Binary Scan,,Binary: /usr/sbin/rubyobjnew-bpfcc,1,Normal
2026-09-25,15:28:51,Binary Scan,,Binary: /usr/sbin/rubystat-bpfcc,1,Normal
2026-09-25,15:28:51,Binary Scan,,Binary: /usr/sbin/runqlat-bpfcc,1,Normal
2026-09-25,15:28:51,Binary Scan,,Binary: /usr/sbin/runqlat.bt,1,Normal
2026-09-25,15:28:51,Binary Scan,,Binary: /usr/sbin/runqlen-bpfcc,1,Normal
2026-09-25,15:28:51,Binary Scan,,Binary: /usr/sbin/runqlen.bt,1,Normal
2026-09-25,15:28:51,Binary Scan,,Binary: /usr/sbin/runqslower-bpfcc,1,Normal
2026-09-25,15:28:51,Binary Scan,,Binary: /usr/sbin/runuser,1,Normal
2026-09-25,15:28:51,Binary Scan,,Binary: /usr/sbin/saned,1,Normal
2026-09-25,15:28:51,Binary Scan,,Binary: /usr/sbin/select-default-ispell,1,Normal
2026-09-25,15:28:51,Binary Scan,,Binary: /usr/sbin/select-default-wordlist,1,Normal
2026-09-25,15:28:51,Binary Scan,,Binary: /usr/sbin/service,1,Normal
2026-09-25,15:28:51,Binary Scan,,Binary: /usr/sbin/setcap,1,Normal
2026-09-25,15:28:51,Binary Scan,,Binary: /usr/sbin/setuids.bt,1,Normal
2026-09-25,15:28:51,Binary Scan,,Binary: /usr/sbin/setvesablank,1,Normal
2026-09-25,15:28:51,Binary Scan,,Binary: /usr/sbin/setvtrgb,1,Normal
2026-09-25,15:28:51,Binary Scan,,Binary: /usr/sbin/sfdisk,1,Normal
2026-09-25,15:28:51,Binary Scan,,Binary: /usr/sbin/sgdisk,1,Normal
2026-09-25,15:28:51,Binary Scan,,Binary: /usr/sbin/shadowconfig,1,Normal
2026-09-25,15:28:51,Binary Scan,,Binary: /usr/sbin/shmsnoop-bpfcc,1,Normal
2026-09-25,15:28:51,Binary Scan,,Binary: /usr/sbin/shutdown,1,Normal
2026-09-25,15:28:51,Binary Scan,,Binary: /usr/sbin/slabratetop-bpfcc,1,Normal
2026-09-25,15:28:51,Binary Scan,,Binary: /usr/sbin/sofdsnoop-bpfcc,1,Normal
2026-09-25,15:28:51,Binary Scan,,Binary: /usr/sbin/softirqs-bpfcc,1,Normal
2026-09-25,15:28:51,Binary Scan,,Binary: /usr/sbin/solisten-bpfcc,1,Normal
2026-09-25,15:28:51,Binary Scan,,Binary: /usr/sbin/spice-vdagentd,1,Normal
2026-09-25,15:28:51,Binary Scan,,Binary: /usr/sbin/ssllatency.bt,1,Normal
2026-09-25,15:28:51,Binary Scan,,Binary: /usr/sbin/sslsniff-bpfcc,1,Normal
2026-09-25,15:28:51,Binary Scan,,Binary: /usr/sbin/sslsnoop.bt,1,Normal
2026-09-25,15:28:51,Binary Scan,,Binary: /usr/sbin/sssd,1,Normal
2026-09-25,15:28:51,Binary Scan,,Binary: /usr/sbin/stackcount-bpfcc,1,Normal
2026-09-25,15:28:51,Binary Scan,,Binary: /usr/sbin/start-stop-daemon,1,Normal
2026-09-25,15:28:51,Binary Scan,,Binary: /usr/sbin/statsnoop-bpfcc,1,Normal
2026-09-25,15:28:51,Binary Scan,,Binary: /usr/sbin/statsnoop.bt,1,Normal
2026-09-25,15:28:51,Binary Scan,,Binary: /usr/sbin/sudo_logsrvd,1,Normal
2026-09-25,15:28:51,Binary Scan,,Binary: /usr/sbin/sudo_sendlog.ws,1,Normal
2026-09-25,15:28:51,Binary Scan,,Binary: /usr/sbin/sulogin,1,Normal
2026-09-25,15:28:51,Binary Scan,,Binary: /usr/sbin/swapin.bt,1,Normal
2026-09-25,15:28:51,Binary Scan,,Binary: /usr/sbin/swaplabel,1,Normal
2026-09-25,15:28:51,Binary Scan,,Binary: /usr/sbin/swapoff,1,Normal
2026-09-25,15:28:51,Binary Scan,,Binary: /usr/sbin/swapon,1,Normal
2026-09-25,15:28:51,Binary Scan,,Binary: /usr/sbin/syncsnoop-bpfcc,1,Normal
2026-09-25,15:28:51,Binary Scan,,Binary: /usr/sbin/syncsnoop.bt,1,Normal
2026-09-25,15:28:51,Binary Scan,,Binary: /usr/sbin/syscount-bpfcc,1,Normal
2026-09-25,15:28:51,Binary Scan,,Binary: /usr/sbin/syscount.bt,1,Normal
2026-09-25,15:28:51,Binary Scan,,Binary: /usr/sbin/sysctl,1,Normal
2026-09-25,15:28:51,Binary Scan,,Binary: /usr/sbin/tarcat,1,Normal
2026-09-25,15:28:51,Binary Scan,,Binary: /usr/sbin/tc,1,Normal
2026-09-25,15:28:51,Binary Scan,,Binary: /usr/sbin/tclcalls-bpfcc,1,Normal
2026-09-25,15:28:51,Binary Scan,,Binary: /usr/sbin/tclflow-bpfcc,1,Normal
2026-09-25,15:28:51,Binary Scan,,Binary: /usr/sbin/tclobjnew-bpfcc,1,Normal
2026-09-25,15:28:51,Binary Scan,,Binary: /usr/sbin/tclstat-bpfcc,1,Normal
2026-09-25,15:28:51,Binary Scan,,Binary: /usr/sbin/tcpaccept-bpfcc,1,Normal
2026-09-25,15:28:51,Binary Scan,,Binary: /usr/sbin/tcpaccept.bt,1,Normal
2026-09-25,15:28:51,Binary Scan,,Binary: /usr/sbin/tcpcong-bpfcc,1,Normal
2026-09-25,15:28:51,Binary Scan,,Binary: /usr/sbin/tcpconnect-bpfcc,1,Normal
2026-09-25,15:28:51,Binary Scan,,Binary: /usr/sbin/tcpconnect.bt,1,Normal
2026-09-25,15:28:52,Binary Scan,,Binary: /usr/sbin/tcpconnlat-bpfcc,1,Normal
2026-09-25,15:28:52,Binary Scan,,Binary: /usr/sbin/tcpdrop-bpfcc,1,Normal
2026-09-25,15:28:52,Binary Scan,,Binary: /usr/sbin/tcpdrop.bt,1,Normal
2026-09-25,15:28:52,Binary Scan,,Binary: /usr/sbin/tcplife-bpfcc,1,Normal
2026-09-25,15:28:52,Binary Scan,,Binary: /usr/sbin/tcplife.bt,1,Normal
2026-09-25,15:28:52,Binary Scan,,Binary: /usr/sbin/tcpretrans-bpfcc,1,Normal
2026-09-25,15:28:52,Binary Scan,,Binary: /usr/sbin/tcpretrans.bt,1,Normal
2026-09-25,15:28:52,Binary Scan,,Binary: /usr/sbin/tcprtt-bpfcc,1,Normal
2026-09-25,15:28:52,Binary Scan,,Binary: /usr/sbin/tcpstates-bpfcc,1,Normal
2026-09-25,15:28:52,Binary Scan,,Binary: /usr/sbin/tcpsubnet-bpfcc,1,Normal
2026-09-25,15:28:52,Binary Scan,,Binary: /usr/sbin/tcpsynbl-bpfcc,1,Normal
2026-09-25,15:28:52,Binary Scan,,Binary: /usr/sbin/tcpsynbl.bt,1,Normal
2026-09-25,15:28:52,Binary Scan,,Binary: /usr/sbin/tcptop-bpfcc,1,Normal
2026-09-25,15:28:52,Binary Scan,,Binary: /usr/sbin/tcptracer-bpfcc,1,Normal
2026-09-25,15:28:52,Binary Scan,,Binary: /usr/sbin/thermald,1,Normal
2026-09-25,15:28:52,Binary Scan,,Binary: /usr/sbin/threadsnoop-bpfcc,1,Normal
2026-09-25,15:28:52,Binary Scan,,Binary: /usr/sbin/threadsnoop.bt,1,Normal
2026-09-25,15:28:52,Binary Scan,,Binary: /usr/sbin/tipc,1,Normal
2026-09-25,15:28:52,Binary Scan,,Binary: /usr/sbin/tplist-bpfcc,1,Normal
2026-09-25,15:28:52,Binary Scan,,Binary: /usr/sbin/trace-bpfcc,1,Normal
2026-09-25,15:28:52,Binary Scan,,Binary: /usr/sbin/ttysnoop-bpfcc,1,Normal
2026-09-25,15:28:52,Binary Scan,,Binary: /usr/sbin/tune.exfat,1,Normal
2026-09-25,15:28:52,Binary Scan,,Binary: /usr/sbin/tune2fs,1,Normal
2026-09-25,15:28:52,Binary Scan,,Binary: /usr/sbin/u-d-c-print-pci-ids,1,Normal
2026-09-25,15:28:52,Binary Scan,,Binary: /usr/sbin/ucalls,1,Normal
2026-09-25,15:28:52,Binary Scan,,Binary: /usr/sbin/uflow,1,Normal
2026-09-25,15:28:52,Binary Scan,,Binary: /usr/sbin/ufw,1,Normal
2026-09-25,15:28:52,Binary Scan,,Binary: /usr/sbin/ugc,1,Normal
2026-09-25,15:28:52,Binary Scan,,Binary: /usr/sbin/umount.udisks2,1,Normal
2026-09-25,15:28:52,Binary Scan,,Binary: /usr/sbin/undump.bt,1,Normal
2026-09-25,15:28:52,Binary Scan,,Binary: /usr/sbin/unix_chkpwd,1,Normal
2026-09-25,15:28:52,Binary Scan,,Binary: /usr/sbin/unix_update,1,Normal
2026-09-25,15:28:52,Binary Scan,,Binary: /usr/sbin/uobjnew,1,Normal
2026-09-25,15:28:52,Binary Scan,,Binary: /usr/sbin/update-ca-certificates,1,Normal
2026-09-25,15:28:52,Binary Scan,,Binary: /usr/sbin/update-catalog,1,Normal
2026-09-25,15:28:52,Binary Scan,,Binary: /usr/sbin/update-cracklib,1,Normal
2026-09-25,15:28:52,Binary Scan,,Binary: /usr/sbin/update-default-aspell,1,Normal
2026-09-25,15:28:52,Binary Scan,,Binary: /usr/sbin/update-default-ispell,1,Normal
2026-09-25,15:28:52,Binary Scan,,Binary: /usr/sbin/update-default-wordlist,1,Normal
2026-09-25,15:28:52,Binary Scan,,Binary: /usr/sbin/update-dictcommon-aspell,1,Normal
2026-09-25,15:28:52,Binary Scan,,Binary: /usr/sbin/update-dictcommon-hunspell,1,Normal
2026-09-25,15:28:52,Binary Scan,,Binary: /usr/sbin/update-fonts-alias,1,Normal
2026-09-25,15:28:52,Binary Scan,,Binary: /usr/sbin/update-fonts-dir,1,Normal
2026-09-25,15:28:52,Binary Scan,,Binary: /usr/sbin/update-fonts-scale,1,Normal
2026-09-25,15:28:52,Binary Scan,,Binary: /usr/sbin/update-grub,1,Normal
2026-09-25,15:28:52,Binary Scan,,Binary: /usr/sbin/update-grub-gfxpayload,1,Normal
2026-09-25,15:28:52,Binary Scan,,Binary: /usr/sbin/update-grub2,1,Normal
2026-09-25,15:28:52,Binary Scan,,Binary: /usr/sbin/update-gsfontmap,1,Normal
2026-09-25,15:28:52,Binary Scan,,Binary: /usr/sbin/update-icon-caches,1,Normal
2026-09-25,15:28:52,Binary Scan,,Binary: /usr/sbin/update-ieee-data,1,Normal
2026-09-25,15:28:52,Binary Scan,,Binary: /usr/sbin/update-inetd,1,Normal
2026-09-25,15:28:52,Binary Scan,,Binary: /usr/sbin/update-info-dir,1,Normal
2026-09-25,15:28:52,Binary Scan,,Binary: /usr/sbin/update-initramfs,1,Normal
2026-09-25,15:28:52,Binary Scan,,Binary: /usr/sbin/update-locale,1,Normal
2026-09-25,15:28:52,Binary Scan,,Binary: /usr/sbin/update-passwd,1,Normal
2026-09-25,15:28:52,Binary Scan,,Binary: /usr/sbin/update-pciids,1,Normal
2026-09-25,15:28:52,Binary Scan,,Binary: /usr/sbin/update-rc.d,1,Normal
2026-09-25,15:28:52,Binary Scan,,Binary: /usr/sbin/update-shells,1,Normal
2026-09-25,15:28:52,Binary Scan,,Binary: /usr/sbin/update-xmlcatalog,1,Normal
2026-09-25,15:28:52,Binary Scan,,Binary: /usr/sbin/usb_modeswitch,1,Normal
2026-09-25,15:28:52,Binary Scan,,Binary: /usr/sbin/usb_modeswitch_dispatcher,1,Normal
2026-09-25,15:28:52,Binary Scan,,Binary: /usr/sbin/usbmuxd,1,Normal
2026-09-25,15:28:52,Binary Scan,,Binary: /usr/sbin/useradd,1,Normal
2026-09-25,15:28:52,Binary Scan,,Binary: /usr/sbin/userdel,1,Normal
2026-09-25,15:28:52,Binary Scan,,Binary: /usr/sbin/usermod,1,Normal
2026-09-25,15:28:52,Binary Scan,,Binary: /usr/sbin/ustat,1,Normal
2026-09-25,15:28:52,Binary Scan,,Binary: /usr/sbin/uthreads,1,Normal
2026-09-25,15:28:52,Binary Scan,,Binary: /usr/sbin/uuidd,1,Normal
2026-09-25,15:28:52,Binary Scan,,Binary: /usr/sbin/validlocale,1,Normal
2026-09-25,15:28:52,Binary Scan,,Binary: /usr/sbin/vbox-uninstall-guest-additions,1,Normal
2026-09-25,15:28:52,Binary Scan,,Binary: /usr/sbin/vcstime,1,Normal
2026-09-25,15:28:52,Binary Scan,,Binary: /usr/sbin/vdpa,1,Normal
2026-09-25,15:28:52,Binary Scan,,Binary: /usr/sbin/vfscount-bpfcc,1,Normal
2026-09-25,15:28:53,Binary Scan,,Binary: /usr/sbin/vfscount.bt,1,Normal
2026-09-25,15:28:53,Binary Scan,,Binary: /usr/sbin/vfsstat-bpfcc,1,Normal
2026-09-25,15:28:53,Binary Scan,,Binary: /usr/sbin/vfsstat.bt,1,Normal
2026-09-25,15:28:53,Binary Scan,,Binary: /usr/sbin/vigr,1,Normal
2026-09-25,15:28:53,Binary Scan,,Binary: /usr/sbin/vipw,1,Normal
2026-09-25,15:28:53,Binary Scan,,Binary: /usr/sbin/virtiostat-bpfcc,1,Normal
2026-09-25,15:28:53,Binary Scan,,Binary: /usr/sbin/visudo,1,Normal
2026-09-25,15:28:53,Binary Scan,,Binary: /usr/sbin/visudo.ws,1,Normal
2026-09-25,15:28:53,Binary Scan,,Binary: /usr/sbin/vmcore-dmesg,1,Normal
2026-09-25,15:28:53,Binary Scan,,Binary: /usr/sbin/vpddecode,1,Normal
2026-09-25,15:28:53,Binary Scan,,Binary: /usr/sbin/wakeuptime-bpfcc,1,Normal
2026-09-25,15:28:53,Binary Scan,,Binary: /usr/sbin/wipefs,1,Normal
2026-09-25,15:28:53,Binary Scan,,Binary: /usr/sbin/wpa_action,1,Normal
2026-09-25,15:28:53,Binary Scan,,Binary: /usr/sbin/wpa_cli,1,Normal
2026-09-25,15:28:53,Binary Scan,,Binary: /usr/sbin/wpa_supplicant,1,Normal
2026-09-25,15:28:53,Binary Scan,,Binary: /usr/sbin/wqlat-bpfcc,1,Normal
2026-09-25,15:28:53,Binary Scan,,Binary: /usr/sbin/writeback.bt,1,Normal
2026-09-25,15:28:53,Binary Scan,,Binary: /usr/sbin/xfsdist-bpfcc,1,Normal
2026-09-25,15:28:53,Binary Scan,,Binary: /usr/sbin/xfsdist.bt,1,Normal
2026-09-25,15:28:53,Binary Scan,,Binary: /usr/sbin/xfsslower-bpfcc,1,Normal
2026-09-25,15:28:53,Binary Scan,,Binary: /usr/sbin/xtables-legacy-multi,1,Normal
2026-09-25,15:28:53,Binary Scan,,Binary: /usr/sbin/xtables-monitor,1,Normal
2026-09-25,15:28:53,Binary Scan,,Binary: /usr/sbin/xtables-nft-multi,1,Normal
2026-09-25,15:28:53,Binary Scan,,Binary: /usr/sbin/zfsdist-bpfcc,1,Normal
2026-09-25,15:28:53,Binary Scan,,Binary: /usr/sbin/zfsslower-bpfcc,1,Normal
2026-09-25,15:28:53,Binary Scan,,Binary: /usr/sbin/zic,1,Normal
2026-09-25,15:28:53,Binary Scan,,Binary: /usr/sbin/zramctl,1,Normal
2026-09-25,15:28:53,Section Divider,,====,1,Normal
2026-09-25,15:28:53,Test,,Test: Checking binaries in directory /usr/local/bin,1,Normal
2026-09-25,15:28:53,General,,Directory /usr/local/bin exists. Starting directory scanning...,1,Normal
2026-09-25,15:28:53,Section Divider,,====,1,Normal
2026-09-25,15:28:53,Test,,Test: Checking binaries in directory /usr/local/sbin,1,Normal
2026-09-25,15:28:53,General,,Directory /usr/local/sbin exists. Starting directory scanning...,1,Normal
2026-09-25,15:28:53,Section Divider,,====,1,Normal
2026-09-25,15:28:53,General,,"Discovered directories: /bin, /sbin, /usr/bin, /usr/sbin, /usr/local/bin, /usr/local/sbin",1,Normal
2026-09-25,15:28:53,General,,DEB-0001 Result: found 4152 binaries,1,Normal
2026-09-25,15:28:53,Status,,Status: Starting Authentication checks...,1,Normal
2026-09-25,15:28:53,Status,,Status: Checking if libpam-tmpdir is installed and enabled...,1,Normal
2026-09-25,15:28:53,Section Divider,,====,1,Normal
2026-09-25,15:28:53,Test Execution,DEB-0280,Performing test ID DEB-0280 (Checking if libpam-tmpdir is installed and enabled.),1,Normal
2026-09-25,15:28:55,General,,- libpam-tmpdir is not installed.,1,Normal
2026-09-25,15:28:55,General,,Hardening: assigned partial number of hardening points (0 of 2). Currently having 0 points (out of 2),1,Normal
2026-09-25,15:28:55,General,,Suggestion: Install libpam-tmpdir to set $TMP and $TMPDIR for PAM sessions [test:DEB-0280] [details:-] [solution:-],1,Normal
2026-09-25,15:28:55,Status,,Status: Starting file system checks...,1,Normal
2026-09-25,15:28:55,Status,,"Status: Starting file system checks for dm-crypt, cryptsetup & cryptmount...",1,Normal
2026-09-25,15:28:55,Section Divider,,====,1,Normal
2026-09-25,15:28:55,General,,Skipped test DEB-0510 (Checking if LVM volume groups or file systems are stored on encrypted partitions),1,Normal
2026-09-25,15:28:55,General,,"Reason to skip: Prerequisites not met (ie missing tool, other type of Linux distribution)",1,Normal
2026-09-25,15:28:55,Section Divider,,====,1,Normal
2026-09-25,15:28:55,General,,Skipped test DEB-0520 (Checking for Ecryptfs),1,Normal
2026-09-25,15:28:55,General,,"Reason to skip: Prerequisites not met (ie missing tool, other type of Linux distribution)",1,Normal
2026-09-25,15:28:55,Status,,Status: Starting Software checks...,1,Normal
2026-09-25,15:28:55,Section Divider,,====,1,Normal
2026-09-25,15:28:55,Test Execution,DEB-0810,Performing test ID DEB-0810 (Checking for apt-listbugs),1,Normal
2026-09-25,15:28:55,General,,- apt-listbugs is not installed.,1,Normal
2026-09-25,15:28:55,General,,Hardening: assigned partial number of hardening points (0 of 2). Currently having 0 points (out of 4),1,Normal
2026-09-25,15:28:55,General,,Suggestion: Install apt-listbugs to display a list of critical bugs prior to each APT installation. [test:DEB-0810] [details:-] [solution:-],1,Normal
2026-09-25,15:28:55,Section Divider,,====,1,Normal
2026-09-25,15:28:56,Test Execution,DEB-0811,Performing test ID DEB-0811 (Checking for apt-listchanges),1,Normal
2026-09-25,15:28:56,General,,- apt-listchanges is not installed.,1,Normal
2026-09-25,15:28:56,General,,Hardening: assigned partial number of hardening points (0 of 2). Currently having 0 points (out of 6),1,Normal
2026-09-25,15:28:56,General,,Suggestion: Install apt-listchanges to display any significant changes prior to any upgrade via APT. [test:DEB-0811] [details:-] [solution:-],1,Normal
2026-09-25,15:28:56,Section Divider,,====,1,Normal
2026-09-25,15:28:56,Test Execution,DEB-0831,Performing test ID DEB-0831 (Verifying that needrestart is installed.),1,Normal
2026-09-25,15:28:56,General,,- needrestart is not installed.,1,Normal
2026-09-25,15:28:56,General,,"Suggestion: Install needrestart, alternatively to debian-goodies, so that you can run needrestart after upgrades to determine which daemons are using old versions of libraries and need restarting. [test:DEB-0831] [details:-] [solution:-]",1,Normal
2026-09-25,15:28:56,General,,Hardening: assigned partial number of hardening points (0 of 1). Currently having 0 points (out of 7),1,Normal
2026-09-25,15:28:56,Section Divider,,====,1,Normal
2026-09-25,15:28:56,Test Execution,DEB-0880,Performing test ID DEB-0880 (Checking for fail2ban),1,Normal
2026-09-25,15:28:56,General,,- fail2ban is not installed.,1,Normal
2026-09-25,15:28:56,General,,Hardening: assigned partial number of hardening points (0 of 2). Currently having 0 points (out of 9),1,Normal
2026-09-25,15:28:56,General,,Suggestion: Install fail2ban to automatically ban hosts that commit multiple authentication errors. [test:DEB-0880] [details:-] [solution:-],1,Normal
2026-09-25,15:28:56,Section Divider,,====,1,Normal
2026-09-25,15:28:56,Section Divider,,====,1,Normal
2026-09-25,15:28:56,Result,,Result: debian plugin (phase 1) finished,1,Normal
2026-09-25,15:28:56,General,,--,1,Normal
2026-09-25,15:28:56,Result,,Result: Found 1 plugins of which 1 are enabled,1,Normal
2026-09-25,15:28:56,Result,,Result: Plugins phase 1 finished,1,Normal
2026-09-25,15:28:56,Section Divider,,====,1,Normal
2026-09-25,15:28:56,General,,"Info: found hashing tool, start generation of HostID",1,Normal
2026-09-25,15:28:56,General,,"Interface 'enp0s3' is up, fetching MAC address",1,Normal
2026-09-25,15:28:56,General,,Info: using hardware address '08:00:27:66:f1:d4' to create HostID,1,Normal
2026-09-25,15:28:56,Result,,Result: Found HostID: e436a2392e5cb98fc59c7f4f400b57a48a5040ec,1,Normal
2026-09-25,15:28:56,General,,Info: start generation of HostID (version 2),1,Normal
2026-09-25,15:28:56,Result,,"Result: found file ssh_host_ed25519_key.pub in /etc/ssh, using that as candidate to create hostid2",1,Normal
2026-09-25,15:28:56,General,,Using SSH public key to create hostid2,1,Normal
2026-09-25,15:28:56,General,,Hash (hostname): 3935b607a4c3af05cd472ed3be3aa782867b9357a12a45b2d9f824902ebea9fe,1,Normal
2026-09-25,15:28:56,General,,Hash (ssh or machineid): 558daea500de9565fa7e5fed4a0723b64a1e221c7a829b4c369c06730d01a747,1,Normal
2026-09-25,15:28:56,General,,hostid-generation: method linux-sys-interface-up,1,Normal
2026-09-25,15:28:56,General,,hostid2-generation: method ssh-public-key,1,Normal
2026-09-25,15:28:56,General,,Info: HostID e436a2392e5cb98fc59c7f4f400b57a48a5040ec looks to be valid,1,Normal
2026-09-25,15:28:56,General,,Info: no machine ID found,1,Normal
2026-09-25,15:28:56,Section Divider,,====,1,Normal
2026-09-25,15:28:56,General,,Info: perform tests from all categories,1,Normal
2026-09-25,15:28:56,General,,Security check: file is normal,1,Normal
2026-09-25,15:28:56,Permission Check,,Checking permissions of /usr/share/lynis/include/tests_boot_services,1,Normal
2026-09-25,15:28:56,General,,File permissions are OK,1,Normal
2026-09-25,15:28:56,Section Divider,,====,1,Normal
2026-09-25,15:28:56,Action,,Action: Performing tests from category: Boot and services,1,Normal
2026-09-25,15:28:56,Section Divider,,====,1,Normal
2026-09-25,15:28:56,General,,Skipped test BOOT-5102 (Check for AIX boot device),1,Normal
2026-09-25,15:28:56,General,,Reason to skip: Incorrect guest OS (AIX only),1,Normal
2026-09-25,15:28:56,Section Divider,,====,1,Normal
2026-09-25,15:28:56,Test Execution,BOOT-5104,Performing test ID BOOT-5104 (Determine service manager),1,Normal
2026-09-25,15:28:56,Result,,Result: cmdline found = /usr/lib/systemd/systemd --switched-root --system --deserialize=51,1,Normal
2026-09-25,15:28:56,Result,,Result: file on disk = /usr/lib/systemd/systemd,1,Normal
2026-09-25,15:28:56,General,,Found: systemd,1,Normal
2026-09-25,15:28:56,Result,,Result: service manager found = systemd,1,Normal
2026-09-25,15:28:56,Section Divider,,====,1,Normal
2026-09-25,15:28:56,General,,Skipped test BOOT-5106 (Check EFI boot file on Mac OS X/macOS),1,Normal
2026-09-25,15:28:56,General,,Reason to skip: Incorrect guest OS (macOS only),1,Normal
2026-09-25,15:28:56,Section Divider,,====,1,Normal
2026-09-25,15:28:56,Test Execution,BOOT-5108,Performing test ID BOOT-5108 (Check Syslinux as bootloader),1,Normal
2026-09-25,15:28:56,Test,,Test: checking if file /boot/syslinux/syslinux.cfg exists,1,Normal
2026-09-25,15:28:56,Result,,Result: file /boot/syslinux/syslinux.cfg NOT found,1,Normal
2026-09-25,15:28:56,Section Divider,,====,1,Normal
2026-09-25,15:28:56,Test Execution,BOOT-5109,Performing test ID BOOT-5109 (Check rEFInd as bootloader),1,Normal
2026-09-25,15:28:56,Test,,Test: checking if file /boot/refind_linux.conf exists,1,Normal
2026-09-25,15:28:56,Result,,Result: file /boot/refind_linux.conf NOT found,1,Normal
2026-09-25,15:28:56,Section Divider,,====,1,Normal
2026-09-25,15:28:56,Test Execution,BOOT-5116,Performing test ID BOOT-5116 (Check if system is booted in UEFI mode),1,Normal
2026-09-25,15:28:56,Test,,Test: checking if UEFI is used,1,Normal
2026-09-25,15:28:56,Result,,"Result: UEFI not used, can't find /sys/firmware/efi directory",1,Normal
2026-09-25,15:28:56,Test,,Test: determine if Secure Boot is used,1,Normal
2026-09-25,15:28:57,Result,,Result: system not booted with Secure Boot (no SecureBoot file found),1,Normal
2026-09-25,15:28:57,Section Divider,,====,1,Normal
2026-09-25,15:28:57,General,,Skipped test BOOT-5117 (Check for systemd-boot bootloader presence),1,Normal
2026-09-25,15:28:57,General,,"Reason to skip: Prerequisites not met (ie missing tool, other type of Linux distribution)",1,Normal
2026-09-25,15:28:57,Section Divider,,====,1,Normal
2026-09-25,15:28:57,Test Execution,BOOT-5121,Performing test ID BOOT-5121 (Check for GRUB boot loader presence),-1,Anomalía
2026-09-25,15:28:57,Test,,Test: Checking for presence GRUB conf file (/boot/grub/grub.conf or /boot/grub/menu.lst),1,Normal
2026-09-25,15:28:57,Result,,Result: found GRUB2 configuration file (/boot/grub/grub.cfg),1,Normal
2026-09-25,15:28:57,Section Divider,,====,1,Normal
2026-09-25,15:28:57,Test Execution,BOOT-5122,Performing test ID BOOT-5122 (Check for GRUB boot password),1,Normal
2026-09-25,15:28:57,General,,"Found file /boot/grub/grub.cfg, proceeding with tests.",1,Normal
2026-09-25,15:28:57,Test,,Test: check if we can access /boot/grub/grub.cfg (escaped: /boot/grub/grub.cfg),1,Normal
2026-09-25,15:28:57,Result,,"Result: file is owned by our current user ID (0), checking if it is readable",-1,Anomalía
2026-09-25,15:28:57,Result,,Result: file /boot/grub/grub.cfg is readable (or directory accessible).,1,Normal
2026-09-25,15:28:57,Result,,Result: did not find hashed password line in this file,1,Normal
2026-09-25,15:28:57,Result,,Result: File '/boot/grub/custom.cfg' does not exist,1,Normal
2026-09-25,15:28:57,General,,"Found file /etc/grub.d/40_custom, proceeding with tests.",1,Normal
2026-09-25,15:28:57,Test,,Test: check if we can access /etc/grub.d/40_custom (escaped: /etc/grub.d/40_custom),1,Normal
2026-09-25,15:28:57,Result,,"Result: file is owned by our current user ID (0), checking if it is readable",-1,Anomalía
2026-09-25,15:28:57,Result,,Result: file /etc/grub.d/40_custom is readable (or directory accessible).,1,Normal
2026-09-25,15:28:57,Result,,Result: did not find hashed password line in this file,1,Normal
2026-09-25,15:28:57,General,,"Found file /etc/grub.d/10_linux, proceeding with tests.",1,Normal
2026-09-25,15:28:57,Test,,Test: check if we can access /etc/grub.d/10_linux (escaped: /etc/grub.d/10_linux),1,Normal
2026-09-25,15:28:57,Result,,"Result: file is owned by our current user ID (0), checking if it is readable",-1,Anomalía
2026-09-25,15:28:57,Result,,Result: file /etc/grub.d/10_linux is readable (or directory accessible).,1,Normal
2026-09-25,15:28:57,Result,,Result: did not find hashed password line in this file,1,Normal
2026-09-25,15:28:57,General,,"Found file /etc/grub.d/20_memtest86+, proceeding with tests.",1,Normal
2026-09-25,15:28:57,Test,,Test: check if we can access /etc/grub.d/20_memtest86+ (escaped: /etc/grub.d/20_memtest86+),1,Normal
2026-09-25,15:28:57,Result,,"Result: file is owned by our current user ID (0), checking if it is readable",-1,Anomalía
2026-09-25,15:28:57,Result,,Result: file /etc/grub.d/20_memtest86+ is readable (or directory accessible).,1,Normal
2026-09-25,15:28:57,Result,,Result: did not find hashed password line in this file,1,Normal
2026-09-25,15:28:57,General,,"Found file /etc/grub.d/41_custom, proceeding with tests.",1,Normal
2026-09-25,15:28:57,Test,,Test: check if we can access /etc/grub.d/41_custom (escaped: /etc/grub.d/41_custom),1,Normal
2026-09-25,15:28:57,Result,,"Result: file is owned by our current user ID (0), checking if it is readable",-1,Anomalía
2026-09-25,15:28:57,Result,,Result: file /etc/grub.d/41_custom is readable (or directory accessible).,1,Normal
2026-09-25,15:28:57,Result,,Result: did not find hashed password line in this file,1,Normal
2026-09-25,15:28:57,General,,"Found file /etc/grub.d/30_uefi-firmware, proceeding with tests.",1,Normal
2026-09-25,15:28:57,Test,,Test: check if we can access /etc/grub.d/30_uefi-firmware (escaped: /etc/grub.d/30_uefi-firmware),1,Normal
2026-09-25,15:28:57,Result,,"Result: file is owned by our current user ID (0), checking if it is readable",-1,Anomalía
2026-09-25,15:28:57,Result,,Result: file /etc/grub.d/30_uefi-firmware is readable (or directory accessible).,1,Normal
2026-09-25,15:28:57,Result,,Result: did not find hashed password line in this file,1,Normal
2026-09-25,15:28:57,General,,"Found file /etc/grub.d/35_fwupd, proceeding with tests.",1,Normal
2026-09-25,15:28:57,Test,,Test: check if we can access /etc/grub.d/35_fwupd (escaped: /etc/grub.d/35_fwupd),1,Normal
2026-09-25,15:28:57,Result,,"Result: file is owned by our current user ID (0), checking if it is readable",-1,Anomalía
2026-09-25,15:28:57,Result,,Result: file /etc/grub.d/35_fwupd is readable (or directory accessible).,1,Normal
2026-09-25,15:28:57,Result,,Result: did not find hashed password line in this file,1,Normal
2026-09-25,15:28:57,General,,"Found file /etc/grub.d/10_linux_zfs, proceeding with tests.",1,Normal
2026-09-25,15:28:57,Test,,Test: check if we can access /etc/grub.d/10_linux_zfs (escaped: /etc/grub.d/10_linux_zfs),1,Normal
2026-09-25,15:28:57,Result,,"Result: file is owned by our current user ID (0), checking if it is readable",-1,Anomalía
2026-09-25,15:28:57,Result,,Result: file /etc/grub.d/10_linux_zfs is readable (or directory accessible).,1,Normal
2026-09-25,15:28:57,Result,,Result: did not find hashed password line in this file,1,Normal
2026-09-25,15:28:57,General,,"Found file /etc/grub.d/00_header, proceeding with tests.",1,Normal
2026-09-25,15:28:58,Test,,Test: check if we can access /etc/grub.d/00_header (escaped: /etc/grub.d/00_header),1,Normal
2026-09-25,15:28:58,Result,,"Result: file is owned by our current user ID (0), checking if it is readable",-1,Anomalía
2026-09-25,15:28:58,Result,,Result: file /etc/grub.d/00_header is readable (or directory accessible).,1,Normal
2026-09-25,15:28:58,Result,,Result: did not find hashed password line in this file,1,Normal
2026-09-25,15:28:58,General,,"Found file /etc/grub.d/30_os-prober, proceeding with tests.",1,Normal
2026-09-25,15:28:58,Test,,Test: check if we can access /etc/grub.d/30_os-prober (escaped: /etc/grub.d/30_os-prober),1,Normal
2026-09-25,15:28:58,Result,,"Result: file is owned by our current user ID (0), checking if it is readable",-1,Anomalía
2026-09-25,15:28:58,Result,,Result: file /etc/grub.d/30_os-prober is readable (or directory accessible).,1,Normal
2026-09-25,15:28:58,Result,,Result: did not find hashed password line in this file,1,Normal
2026-09-25,15:28:58,General,,"Found file /etc/grub.d/05_debian_theme, proceeding with tests.",1,Normal
2026-09-25,15:28:58,Test,,Test: check if we can access /etc/grub.d/05_debian_theme (escaped: /etc/grub.d/05_debian_theme),1,Normal
2026-09-25,15:28:58,Result,,"Result: file is owned by our current user ID (0), checking if it is readable",-1,Anomalía
2026-09-25,15:28:58,Result,,Result: file /etc/grub.d/05_debian_theme is readable (or directory accessible).,1,Normal
2026-09-25,15:28:58,Result,,Result: did not find hashed password line in this file,1,Normal
2026-09-25,15:28:58,General,,"Found file /etc/grub.d/20_linux_xen, proceeding with tests.",1,Normal
2026-09-25,15:28:58,Test,,Test: check if we can access /etc/grub.d/20_linux_xen (escaped: /etc/grub.d/20_linux_xen),1,Normal
2026-09-25,15:28:58,Result,,"Result: file is owned by our current user ID (0), checking if it is readable",-1,Anomalía
2026-09-25,15:28:58,Result,,Result: file /etc/grub.d/20_linux_xen is readable (or directory accessible).,1,Normal
2026-09-25,15:28:58,Result,,Result: did not find hashed password line in this file,1,Normal
2026-09-25,15:28:58,Result,,Result: Didn't find hashed password line in GRUB configuration,1,Normal
2026-09-25,15:28:58,General,,Suggestion: Set a password on GRUB boot loader to prevent altering boot configuration (e.g. boot in single user mode without password) [test:BOOT-5122] [details:-] [solution:-],1,Normal
2026-09-25,15:28:58,General,,Hardening: assigned partial number of hardening points (0 of 2). Currently having 0 points (out of 11),1,Normal
2026-09-25,15:28:58,Section Divider,,====,1,Normal
2026-09-25,15:28:58,General,,Skipped test BOOT-5124 (Check for FreeBSD boot loader presence),1,Normal
2026-09-25,15:28:58,General,,Reason to skip: Incorrect guest OS (FreeBSD only),1,Normal
2026-09-25,15:28:58,Section Divider,,====,1,Normal
2026-09-25,15:28:58,General,,Skipped test BOOT-5261 (Check for DragonFly boot loader presence),1,Normal
2026-09-25,15:28:58,General,,Reason to skip: Incorrect guest OS (DragonFly only),1,Normal
2026-09-25,15:28:58,Section Divider,,====,1,Normal
2026-09-25,15:28:58,General,,Skipped test BOOT-5126 (Check for NetBSD boot loader presence),1,Normal
2026-09-25,15:28:58,General,,Reason to skip: Incorrect guest OS (NetBSD only),1,Normal
2026-09-25,15:28:58,Section Divider,,====,1,Normal
2026-09-25,15:28:58,Test Execution,BOOT-5139,Performing test ID BOOT-5139 (Check for LILO boot loader presence),-1,Anomalía
2026-09-25,15:28:58,Test,,Test: checking for presence LILO configuration file,1,Normal
2026-09-25,15:28:58,Result,,Result: LILO configuration file not found,1,Normal
2026-09-25,15:28:58,Section Divider,,====,1,Normal
2026-09-25,15:28:58,Test Execution,BOOT-5140,Performing test ID BOOT-5140 (Check for ELILO boot loader presence),-1,Anomalía
2026-09-25,15:28:58,Test,,Test: checking if file /etc/elilo.conf exists,1,Normal
2026-09-25,15:28:58,Result,,Result: file /etc/elilo.conf NOT found,1,Normal
2026-09-25,15:28:58,Test,,Test: checking if file /boot/efi/EFI/Ubuntu/elilo.conf exists,1,Normal
2026-09-25,15:28:58,Result,,Result: file /boot/efi/EFI/Ubuntu/elilo.conf NOT found,1,Normal
2026-09-25,15:28:58,Section Divider,,====,1,Normal
2026-09-25,15:28:58,Test Execution,BOOT-5142,Performing test ID BOOT-5142 (Check SPARC Improved boot loader (SILO)),1,Normal
2026-09-25,15:28:58,Result,,Result: no SILO configuration file found.,1,Normal
2026-09-25,15:28:58,Section Divider,,====,1,Normal
2026-09-25,15:28:58,Test Execution,BOOT-5155,Performing test ID BOOT-5155 (Check for YABOOT boot loader configuration file),1,Normal
2026-09-25,15:28:58,Test,,Test: Check for /etc/yaboot.conf,1,Normal
2026-09-25,15:28:58,Result,,Result: no YABOOT configuration file found.,1,Normal
2026-09-25,15:28:58,Section Divider,,====,1,Normal
2026-09-25,15:28:58,General,,Skipped test BOOT-5159 (Check for OpenBSD boot loader presence),1,Normal
2026-09-25,15:28:58,General,,Reason to skip: Incorrect guest OS (OpenBSD only),1,Normal
2026-09-25,15:28:58,Section Divider,,====,1,Normal
2026-09-25,15:28:59,General,,Skipped test BOOT-5165 (Check for FreeBSD boot services),1,Normal
2026-09-25,15:28:59,General,,Reason to skip: Incorrect guest OS (FreeBSD only),1,Normal
2026-09-25,15:28:59,Section Divider,,====,1,Normal
2026-09-25,15:28:59,General,,Skipped test BOOT-5170 (Check for Solaris boot daemons),1,Normal
2026-09-25,15:28:59,General,,Reason to skip: Incorrect guest OS (Solaris only),1,Normal
2026-09-25,15:28:59,Section Divider,,====,1,Normal
2026-09-25,15:28:59,Test Execution,BOOT-5177,Performing test ID BOOT-5177 (Check for Linux boot and running services),1,Normal
2026-09-25,15:28:59,Test,,Test: checking presence systemctl binary,1,Normal
2026-09-25,15:28:59,Result,,"Result: systemctl binary found, trying that to discover information",1,Normal
2026-09-25,15:28:59,General,,Searching for running services (systemctl services only),1,Normal
2026-09-25,15:28:59,General,,Found running service: accounts-daemon,1,Normal
2026-09-25,15:28:59,General,,Found running service: avahi-daemon,1,Normal
2026-09-25,15:28:59,General,,Found running service: chrony,1,Normal
2026-09-25,15:28:59,General,,Found running service: colord,1,Normal
2026-09-25,15:28:59,General,,Found running service: cron,1,Normal
2026-09-25,15:28:59,General,,Found running service: cups-browsed,1,Normal
2026-09-25,15:28:59,General,,Found running service: cups,1,Normal
2026-09-25,15:28:59,General,,Found running service: dbus,1,Normal
2026-09-25,15:28:59,General,,Found running service: fwupd,1,Normal
2026-09-25,15:28:59,General,,Found running service: gdm,1,Normal
2026-09-25,15:28:59,General,,Found running service: ModemManager,1,Normal
2026-09-25,15:28:59,General,,Found running service: networkd-dispatcher,1,Normal
2026-09-25,15:28:59,General,,Found running service: NetworkManager,1,Normal
2026-09-25,15:28:59,General,,Found running service: packagekit,1,Normal
2026-09-25,15:28:59,General,,Found running service: polkit,1,Normal
2026-09-25,15:28:59,General,,Found running service: power-profiles-daemon,1,Normal
2026-09-25,15:28:59,General,,Found running service: rsyslog,1,Normal
2026-09-25,15:28:59,General,,Found running service: rtkit-daemon,1,Normal
2026-09-25,15:28:59,General,,Found running service: snapd,1,Normal
2026-09-25,15:28:59,General,,Found running service: switcheroo-control,1,Normal
2026-09-25,15:28:59,General,,Found running service: systemd-journald,1,Normal
2026-09-25,15:28:59,General,,Found running service: systemd-logind,1,Normal
2026-09-25,15:28:59,General,,Found running service: systemd-oomd,1,Normal
2026-09-25,15:28:59,General,,Found running service: systemd-resolved,1,Normal
2026-09-25,15:28:59,General,,Found running service: systemd-udevd,1,Normal
2026-09-25,15:28:59,General,,Found running service: udisks2,1,Normal
2026-09-25,15:28:59,General,,Found running service: unattended-upgrades,1,Normal
2026-09-25,15:28:59,General,,Found running service: upower,1,Normal
2026-09-25,15:28:59,General,,Found running service: user@1000,1,Normal
2026-09-25,15:28:59,General,,Found running service: vboxadd,1,Normal
2026-09-25,15:28:59,General,,Found running service: wpa_supplicant,1,Normal
2026-09-25,15:28:59,General,,Hint: Run systemctl --full --type=service to see all services,1,Normal
2026-09-25,15:28:59,Result,,Result: Found 31 running services,1,Normal
2026-09-25,15:28:59,General,,Searching for enabled services (systemctl services only),1,Normal
2026-09-25,15:29:00,General,,Found enabled service at boot: ModemManager,1,Normal
2026-09-25,15:29:00,General,,Found enabled service at boot: NetworkManager-dispatcher,1,Normal
2026-09-25,15:29:00,General,,Found enabled service at boot: NetworkManager-wait-online,1,Normal
2026-09-25,15:29:00,General,,Found enabled service at boot: NetworkManager,1,Normal
2026-09-25,15:29:00,General,,Found enabled service at boot: accounts-daemon,1,Normal
2026-09-25,15:29:00,General,,Found enabled service at boot: anacron,1,Normal
2026-09-25,15:29:00,General,,Found enabled service at boot: apparmor,1,Normal
2026-09-25,15:29:00,General,,Found enabled service at boot: apport,1,Normal
2026-09-25,15:29:00,General,,Found enabled service at boot: avahi-daemon,1,Normal
2026-09-25,15:29:00,General,,Found enabled service at boot: bluetooth,1,Normal
2026-09-25,15:29:00,General,,Found enabled service at boot: chrony,1,Normal
2026-09-25,15:29:00,General,,Found enabled service at boot: cloud-config,1,Normal
2026-09-25,15:29:00,General,,Found enabled service at boot: cloud-final,1,Normal
2026-09-25,15:29:00,General,,Found enabled service at boot: cloud-init-local,1,Normal
2026-09-25,15:29:00,General,,Found enabled service at boot: cloud-init-main,1,Normal
2026-09-25,15:29:00,General,,Found enabled service at boot: cloud-init-network,1,Normal
2026-09-25,15:29:00,General,,Found enabled service at boot: console-setup,1,Normal
2026-09-25,15:29:00,General,,Found enabled service at boot: cron,1,Normal
2026-09-25,15:29:00,General,,Found enabled service at boot: cups-browsed,1,Normal
2026-09-25,15:29:00,General,,Found enabled service at boot: cups,1,Normal
2026-09-25,15:29:00,General,,Found enabled service at boot: dmesg,1,Normal
2026-09-25,15:29:00,General,,Found enabled service at boot: e2scrub_reap,1,Normal
2026-09-25,15:29:00,General,,Found enabled service at boot: getty@,1,Normal
2026-09-25,15:29:00,General,,Found enabled service at boot: gpu-manager,1,Normal
2026-09-25,15:29:00,General,,Found enabled service at boot: grub-initrd-fallback,1,Normal
2026-09-25,15:29:00,General,,Found enabled service at boot: grub2-common,1,Normal
2026-09-25,15:29:00,General,,Found enabled service at boot: kdump-tools,1,Normal
2026-09-25,15:29:00,General,,Found enabled service at boot: keyboard-setup,1,Normal
2026-09-25,15:29:00,General,,Found enabled service at boot: netplan-configure,1,Normal
2026-09-25,15:29:00,General,,Found enabled service at boot: networkd-dispatcher,1,Normal
2026-09-25,15:29:00,General,,Found enabled service at boot: openvpn,1,Normal
2026-09-25,15:29:00,General,,Found enabled service at boot: power-profiles-daemon,1,Normal
2026-09-25,15:29:00,General,,Found enabled service at boot: rsyslog,1,Normal
2026-09-25,15:29:00,General,,Found enabled service at boot: secureboot-db,1,Normal
2026-09-25,15:29:00,General,,Found enabled service at boot: setvtrgb,1,Normal
2026-09-25,15:29:00,General,,Found enabled service at boot: snapd.apparmor,1,Normal
2026-09-25,15:29:00,General,,Found enabled service at boot: snapd.autoimport,1,Normal
2026-09-25,15:29:00,General,,Found enabled service at boot: snapd.core-fixup,1,Normal
2026-09-25,15:29:00,General,,Found enabled service at boot: snapd.recovery-chooser-trigger,1,Normal
2026-09-25,15:29:00,General,,Found enabled service at boot: snapd.seeded,1,Normal
2026-09-25,15:29:00,General,,Found enabled service at boot: snapd,1,Normal
2026-09-25,15:29:00,General,,Found enabled service at boot: snapd.system-shutdown,1,Normal
2026-09-25,15:29:00,General,,Found enabled service at boot: ssl-cert,1,Normal
2026-09-25,15:29:00,General,,Found enabled service at boot: sssd,1,Normal
2026-09-25,15:29:00,General,,Found enabled service at boot: switcheroo-control,1,Normal
2026-09-25,15:29:00,General,,Found enabled service at boot: sysstat,1,Normal
2026-09-25,15:29:00,General,,Found enabled service at boot: systemd-oomd,1,Normal
2026-09-25,15:29:00,General,,Found enabled service at boot: systemd-pstore,1,Normal
2026-09-25,15:29:00,General,,Found enabled service at boot: systemd-resolved,1,Normal
2026-09-25,15:29:00,General,,Found enabled service at boot: thermald,1,Normal
2026-09-25,15:29:00,General,,Found enabled service at boot: ua-reboot-cmds,1,Normal
2026-09-25,15:29:00,General,,Found enabled service at boot: ubuntu-advantage,1,Normal
2026-09-25,15:29:00,General,,Found enabled service at boot: udisks2,1,Normal
2026-09-25,15:29:00,General,,Found enabled service at boot: ufw,1,Normal
2026-09-25,15:29:00,General,,Found enabled service at boot: unattended-upgrades,1,Normal
2026-09-25,15:29:00,General,,Found enabled service at boot: vboxadd,1,Normal
2026-09-25,15:29:00,General,,Found enabled service at boot: vboxadd,1,Normal
2026-09-25,15:29:00,General,,Found enabled service at boot: wpa_supplicant,1,Normal
2026-09-25,15:29:00,General,,Hint: Run systemctl list-unit-files --type=service to see all services,1,Normal
2026-09-25,15:29:00,Result,,Result: Found 58 enabled services,1,Normal
2026-09-25,15:29:00,Section Divider,,====,1,Normal
2026-09-25,15:29:00,Test Execution,BOOT-5180,Performing test ID BOOT-5180 (Check for Linux boot services (Debian style)),1,Normal
2026-09-25,15:29:00,Result,,Result: found runlevel,1,Normal
2026-09-25,15:29:00,General,,Suggestion: Determine runlevel and services at startup [test:BOOT-5180] [details:-] [solution:-],1,Normal
2026-09-25,15:29:00,Section Divider,,====,1,Normal
2026-09-25,15:29:00,Test Execution,BOOT-5184,Performing test ID BOOT-5184 (Check permissions for boot files/scripts),1,Normal
2026-09-25,15:29:00,Result,,Result: checking /etc/init.d scripts for writable bit,1,Normal
2026-09-25,15:29:00,Test,,Test: checking if directory /etc/init.d exists,1,Normal
2026-09-25,15:29:00,Result,,Result: directory /etc/init.d found,1,Normal
2026-09-25,15:29:00,Test,,Test: checking for available files in directory,1,Normal
2026-09-25,15:29:00,Result,,"Result: found files in directory, checking permissions now",1,Normal
2026-09-25,15:29:00,Test,,Test: checking permissions of file /etc/init.d/alsa-utils,1,Normal
2026-09-25,15:29:00,Result,,"Result: good, file /etc/init.d/alsa-utils not world writable",-1,Anomalía
2026-09-25,15:29:00,Test,,Test: checking permissions of file /etc/init.d/anacron,1,Normal
2026-09-25,15:29:01,Result,,"Result: good, file /etc/init.d/anacron not world writable",-1,Anomalía
2026-09-25,15:29:01,Test,,Test: checking permissions of file /etc/init.d/apparmor,1,Normal
2026-09-25,15:29:01,Result,,"Result: good, file /etc/init.d/apparmor not world writable",-1,Anomalía
2026-09-25,15:29:01,Test,,Test: checking permissions of file /etc/init.d/apport,1,Normal
2026-09-25,15:29:01,Result,,"Result: good, file /etc/init.d/apport not world writable",-1,Anomalía
2026-09-25,15:29:01,Test,,Test: checking permissions of file /etc/init.d/bluetooth,1,Normal
2026-09-25,15:29:01,Result,,"Result: good, file /etc/init.d/bluetooth not world writable",-1,Anomalía
2026-09-25,15:29:01,Test,,Test: checking permissions of file /etc/init.d/chrony,1,Normal
2026-09-25,15:29:01,Result,,"Result: good, file /etc/init.d/chrony not world writable",-1,Anomalía
2026-09-25,15:29:01,Test,,Test: checking permissions of file /etc/init.d/console-setup.sh,1,Normal
2026-09-25,15:29:01,Result,,"Result: good, file /etc/init.d/console-setup.sh not world writable",-1,Anomalía
2026-09-25,15:29:01,Test,,Test: checking permissions of file /etc/init.d/cron,1,Normal
2026-09-25,15:29:01,Result,,"Result: good, file /etc/init.d/cron not world writable",-1,Anomalía
2026-09-25,15:29:01,Test,,Test: checking permissions of file /etc/init.d/cups,1,Normal
2026-09-25,15:29:01,Result,,"Result: good, file /etc/init.d/cups not world writable",-1,Anomalía
2026-09-25,15:29:01,Test,,Test: checking permissions of file /etc/init.d/dbus,1,Normal
2026-09-25,15:29:01,Result,,"Result: good, file /etc/init.d/dbus not world writable",-1,Anomalía
2026-09-25,15:29:01,Test,,Test: checking permissions of file /etc/init.d/gdm3,1,Normal
2026-09-25,15:29:01,Result,,"Result: good, file /etc/init.d/gdm3 not world writable",-1,Anomalía
2026-09-25,15:29:01,Test,,Test: checking permissions of file /etc/init.d/kdump-tools,1,Normal
2026-09-25,15:29:01,Result,,"Result: good, file /etc/init.d/kdump-tools not world writable",-1,Anomalía
2026-09-25,15:29:01,Test,,Test: checking permissions of file /etc/init.d/keyboard-setup.sh,1,Normal
2026-09-25,15:29:01,Result,,"Result: good, file /etc/init.d/keyboard-setup.sh not world writable",-1,Anomalía
2026-09-25,15:29:01,Test,,Test: checking permissions of file /etc/init.d/openvpn,1,Normal
2026-09-25,15:29:01,Result,,"Result: good, file /etc/init.d/openvpn not world writable",-1,Anomalía
2026-09-25,15:29:01,Test,,Test: checking permissions of file /etc/init.d/plymouth,1,Normal
2026-09-25,15:29:01,Result,,"Result: good, file /etc/init.d/plymouth not world writable",-1,Anomalía
2026-09-25,15:29:01,Test,,Test: checking permissions of file /etc/init.d/plymouth-log,1,Normal
2026-09-25,15:29:01,Result,,"Result: good, file /etc/init.d/plymouth-log not world writable",-1,Anomalía
2026-09-25,15:29:01,Test,,Test: checking permissions of file /etc/init.d/procps,1,Normal
2026-09-25,15:29:01,Result,,"Result: good, file /etc/init.d/procps not world writable",-1,Anomalía
2026-09-25,15:29:01,Test,,Test: checking permissions of file /etc/init.d/rsync,1,Normal
2026-09-25,15:29:01,Result,,"Result: good, file /etc/init.d/rsync not world writable",-1,Anomalía
2026-09-25,15:29:01,Test,,Test: checking permissions of file /etc/init.d/saned,1,Normal
2026-09-25,15:29:01,Result,,"Result: good, file /etc/init.d/saned not world writable",-1,Anomalía
2026-09-25,15:29:01,Test,,Test: checking permissions of file /etc/init.d/screen-cleanup,1,Normal
2026-09-25,15:29:01,Result,,"Result: good, file /etc/init.d/screen-cleanup not world writable",-1,Anomalía
2026-09-25,15:29:01,Test,,Test: checking permissions of file /etc/init.d/speech-dispatcher,1,Normal
2026-09-25,15:29:01,Result,,"Result: good, file /etc/init.d/speech-dispatcher not world writable",-1,Anomalía
2026-09-25,15:29:01,Test,,Test: checking permissions of file /etc/init.d/spice-vdagent,1,Normal
2026-09-25,15:29:01,Result,,"Result: good, file /etc/init.d/spice-vdagent not world writable",-1,Anomalía
2026-09-25,15:29:01,Test,,Test: checking permissions of file /etc/init.d/sssd,1,Normal
2026-09-25,15:29:01,Result,,"Result: good, file /etc/init.d/sssd not world writable",-1,Anomalía
2026-09-25,15:29:01,Test,,Test: checking permissions of file /etc/init.d/ufw,1,Normal
2026-09-25,15:29:01,Result,,"Result: good, file /etc/init.d/ufw not world writable",-1,Anomalía
2026-09-25,15:29:01,Test,,Test: checking permissions of file /etc/init.d/unattended-upgrades,1,Normal
2026-09-25,15:29:01,Result,,"Result: good, file /etc/init.d/unattended-upgrades not world writable",-1,Anomalía
2026-09-25,15:29:01,Test,,Test: checking permissions of file /etc/init.d/uuidd,1,Normal
2026-09-25,15:29:01,Result,,"Result: good, file /etc/init.d/uuidd not world writable",-1,Anomalía
2026-09-25,15:29:01,Test,,Test: checking permissions of file /etc/init.d/whoopsie,1,Normal
2026-09-25,15:29:01,Result,,"Result: good, file /etc/init.d/whoopsie not world writable",-1,Anomalía
2026-09-25,15:29:01,Test,,Test: checking permissions of file /etc/init.d/x11-common,1,Normal
2026-09-25,15:29:01,Result,,"Result: good, file /etc/init.d/x11-common not world writable",-1,Anomalía
2026-09-25,15:29:01,Test,,Test: checking if directory /etc/rc.d exists,1,Normal
2026-09-25,15:29:01,Result,,Result: directory /etc/rc.d not found. Skipping..,1,Normal
2026-09-25,15:29:01,Test,,Test: checking if directory /etc/rcS.d exists,1,Normal
2026-09-25,15:29:01,Result,,Result: directory /etc/rcS.d found,1,Normal
2026-09-25,15:29:01,Test,,Test: checking for available files in directory,1,Normal
2026-09-25,15:29:01,Result,,"Result: found files in directory, checking permissions now",1,Normal
2026-09-25,15:29:01,Test,,Test: checking permissions of file /etc/rcS.d/S01alsa-utils,1,Normal
2026-09-25,15:29:01,Action,,Action: checking symlink for file /etc/rcS.d/S01alsa-utils,1,Normal
2026-09-25,15:29:01,Note,,Note: Using real readlink binary to determine symlink on /etc/rcS.d/S01alsa-utils,1,Normal
2026-09-25,15:29:01,Result,,Result: readlink shows /etc/init.d/alsa-utils as output,1,Normal
2026-09-25,15:29:01,Result,,"Result: symlink found, pointing to file /etc/init.d/alsa-utils",1,Normal
2026-09-25,15:29:01,Result,,"Result: good, file /etc/rcS.d/S01alsa-utils not world writable",1,Normal
2026-09-25,15:29:01,Test,,Test: checking permissions of file /etc/rcS.d/S01apparmor,1,Normal
2026-09-25,15:29:01,Action,,Action: checking symlink for file /etc/rcS.d/S01apparmor,1,Normal
2026-09-25,15:29:01,Note,,Note: Using real readlink binary to determine symlink on /etc/rcS.d/S01apparmor,1,Normal
2026-09-25,15:29:01,Result,,Result: readlink shows /etc/init.d/apparmor as output,1,Normal
2026-09-25,15:29:01,Result,,"Result: symlink found, pointing to file /etc/init.d/apparmor",1,Normal
2026-09-25,15:29:01,Result,,"Result: good, file /etc/rcS.d/S01apparmor not world writable",1,Normal
2026-09-25,15:29:01,Test,,Test: checking permissions of file /etc/rcS.d/S01keyboard-setup.sh,1,Normal
2026-09-25,15:29:01,Action,,Action: checking symlink for file /etc/rcS.d/S01keyboard-setup.sh,1,Normal
2026-09-25,15:29:01,Note,,Note: Using real readlink binary to determine symlink on /etc/rcS.d/S01keyboard-setup.sh,1,Normal
2026-09-25,15:29:01,Result,,Result: readlink shows /etc/init.d/keyboard-setup.sh as output,1,Normal
2026-09-25,15:29:01,Result,,"Result: symlink found, pointing to file /etc/init.d/keyboard-setup.sh",1,Normal
2026-09-25,15:29:01,Result,,"Result: good, file /etc/rcS.d/S01keyboard-setup.sh not world writable",1,Normal
2026-09-25,15:29:01,Test,,Test: checking permissions of file /etc/rcS.d/S01plymouth-log,1,Normal
2026-09-25,15:29:01,Action,,Action: checking symlink for file /etc/rcS.d/S01plymouth-log,1,Normal
2026-09-25,15:29:01,Note,,Note: Using real readlink binary to determine symlink on /etc/rcS.d/S01plymouth-log,1,Normal
2026-09-25,15:29:01,Result,,Result: readlink shows /etc/init.d/plymouth-log as output,1,Normal
2026-09-25,15:29:01,Result,,"Result: symlink found, pointing to file /etc/init.d/plymouth-log",1,Normal
2026-09-25,15:29:01,Result,,"Result: good, file /etc/rcS.d/S01plymouth-log not world writable",1,Normal
2026-09-25,15:29:01,Test,,Test: checking permissions of file /etc/rcS.d/S01procps,1,Normal
2026-09-25,15:29:02,Action,,Action: checking symlink for file /etc/rcS.d/S01procps,1,Normal
2026-09-25,15:29:02,Note,,Note: Using real readlink binary to determine symlink on /etc/rcS.d/S01procps,1,Normal
2026-09-25,15:29:02,Result,,Result: readlink shows /etc/init.d/procps as output,1,Normal
2026-09-25,15:29:02,Result,,"Result: symlink found, pointing to file /etc/init.d/procps",1,Normal
2026-09-25,15:29:02,Result,,"Result: good, file /etc/rcS.d/S01procps not world writable",1,Normal
2026-09-25,15:29:02,Test,,Test: checking permissions of file /etc/rcS.d/S01screen-cleanup,1,Normal
2026-09-25,15:29:02,Action,,Action: checking symlink for file /etc/rcS.d/S01screen-cleanup,1,Normal
2026-09-25,15:29:02,Note,,Note: Using real readlink binary to determine symlink on /etc/rcS.d/S01screen-cleanup,1,Normal
2026-09-25,15:29:02,Result,,Result: readlink shows /etc/init.d/screen-cleanup as output,1,Normal
2026-09-25,15:29:02,Result,,"Result: symlink found, pointing to file /etc/init.d/screen-cleanup",1,Normal
2026-09-25,15:29:02,Result,,"Result: good, file /etc/rcS.d/S01screen-cleanup not world writable",1,Normal
2026-09-25,15:29:02,Test,,Test: checking permissions of file /etc/rcS.d/S01ufw,1,Normal
2026-09-25,15:29:02,Action,,Action: checking symlink for file /etc/rcS.d/S01ufw,1,Normal
2026-09-25,15:29:02,Note,,Note: Using real readlink binary to determine symlink on /etc/rcS.d/S01ufw,1,Normal
2026-09-25,15:29:02,Result,,Result: readlink shows /etc/init.d/ufw as output,1,Normal
2026-09-25,15:29:02,Result,,"Result: symlink found, pointing to file /etc/init.d/ufw",1,Normal
2026-09-25,15:29:02,Result,,"Result: good, file /etc/rcS.d/S01ufw not world writable",1,Normal
2026-09-25,15:29:02,Test,,Test: checking permissions of file /etc/rcS.d/S01x11-common,1,Normal
2026-09-25,15:29:02,Action,,Action: checking symlink for file /etc/rcS.d/S01x11-common,1,Normal
2026-09-25,15:29:02,Note,,Note: Using real readlink binary to determine symlink on /etc/rcS.d/S01x11-common,1,Normal
2026-09-25,15:29:02,Result,,Result: readlink shows /etc/init.d/x11-common as output,1,Normal
2026-09-25,15:29:02,Result,,"Result: symlink found, pointing to file /etc/init.d/x11-common",1,Normal
2026-09-25,15:29:02,Result,,"Result: good, file /etc/rcS.d/S01x11-common not world writable",1,Normal
2026-09-25,15:29:02,Test,,Test: Checking /etc/rc0.d scripts for writable bit,1,Normal
2026-09-25,15:29:02,Action,,Action: checking symlink for file /etc/rc0.d/K01alsa-utils,1,Normal
2026-09-25,15:29:02,Note,,Note: Using real readlink binary to determine symlink on /etc/rc0.d/K01alsa-utils,1,Normal
2026-09-25,15:29:02,Result,,Result: readlink shows /etc/init.d/alsa-utils as output,1,Normal
2026-09-25,15:29:02,Result,,"Result: symlink found, pointing to file /etc/init.d/alsa-utils",1,Normal
2026-09-25,15:29:02,Result,,"Result: good, file /etc/rc0.d/K01alsa-utils not world writable",1,Normal
2026-09-25,15:29:02,Action,,Action: checking symlink for file /etc/rc0.d/K01bluetooth,1,Normal
2026-09-25,15:29:02,Note,,Note: Using real readlink binary to determine symlink on /etc/rc0.d/K01bluetooth,1,Normal
2026-09-25,15:29:02,Result,,Result: readlink shows /etc/init.d/bluetooth as output,1,Normal
2026-09-25,15:29:02,Result,,"Result: symlink found, pointing to file /etc/init.d/bluetooth",1,Normal
2026-09-25,15:29:02,Result,,"Result: good, file /etc/rc0.d/K01bluetooth not world writable",1,Normal
2026-09-25,15:29:02,Action,,Action: checking symlink for file /etc/rc0.d/K01chrony,1,Normal
2026-09-25,15:29:02,Note,,Note: Using real readlink binary to determine symlink on /etc/rc0.d/K01chrony,1,Normal
2026-09-25,15:29:02,Result,,Result: readlink shows /etc/init.d/chrony as output,1,Normal
2026-09-25,15:29:02,Result,,"Result: symlink found, pointing to file /etc/init.d/chrony",1,Normal
2026-09-25,15:29:02,Result,,"Result: good, file /etc/rc0.d/K01chrony not world writable",1,Normal
2026-09-25,15:29:02,Action,,Action: checking symlink for file /etc/rc0.d/K01gdm3,1,Normal
2026-09-25,15:29:02,Note,,Note: Using real readlink binary to determine symlink on /etc/rc0.d/K01gdm3,1,Normal
2026-09-25,15:29:02,Result,,Result: readlink shows /etc/init.d/gdm3 as output,1,Normal
2026-09-25,15:29:02,Result,,"Result: symlink found, pointing to file /etc/init.d/gdm3",1,Normal
2026-09-25,15:29:02,Result,,"Result: good, file /etc/rc0.d/K01gdm3 not world writable",1,Normal
2026-09-25,15:29:02,Action,,Action: checking symlink for file /etc/rc0.d/K01openvpn,1,Normal
2026-09-25,15:29:02,Note,,Note: Using real readlink binary to determine symlink on /etc/rc0.d/K01openvpn,1,Normal
2026-09-25,15:29:02,Result,,Result: readlink shows /etc/init.d/openvpn as output,1,Normal
2026-09-25,15:29:02,Result,,"Result: symlink found, pointing to file /etc/init.d/openvpn",1,Normal
2026-09-25,15:29:02,Result,,"Result: good, file /etc/rc0.d/K01openvpn not world writable",1,Normal
2026-09-25,15:29:02,Action,,Action: checking symlink for file /etc/rc0.d/K01plymouth,1,Normal
2026-09-25,15:29:02,Note,,Note: Using real readlink binary to determine symlink on /etc/rc0.d/K01plymouth,1,Normal
2026-09-25,15:29:02,Result,,Result: readlink shows /etc/init.d/plymouth as output,1,Normal
2026-09-25,15:29:02,Result,,"Result: symlink found, pointing to file /etc/init.d/plymouth",1,Normal
2026-09-25,15:29:02,Result,,"Result: good, file /etc/rc0.d/K01plymouth not world writable",1,Normal
2026-09-25,15:29:02,Action,,Action: checking symlink for file /etc/rc0.d/K01saned,1,Normal
2026-09-25,15:29:02,Note,,Note: Using real readlink binary to determine symlink on /etc/rc0.d/K01saned,1,Normal
2026-09-25,15:29:02,Result,,Result: readlink shows /etc/init.d/saned as output,1,Normal
2026-09-25,15:29:02,Result,,"Result: symlink found, pointing to file /etc/init.d/saned",1,Normal
2026-09-25,15:29:02,Result,,"Result: good, file /etc/rc0.d/K01saned not world writable",1,Normal
2026-09-25,15:29:02,Action,,Action: checking symlink for file /etc/rc0.d/K01speech-dispatcher,1,Normal
2026-09-25,15:29:02,Note,,Note: Using real readlink binary to determine symlink on /etc/rc0.d/K01speech-dispatcher,1,Normal
2026-09-25,15:29:02,Result,,Result: readlink shows /etc/init.d/speech-dispatcher as output,1,Normal
2026-09-25,15:29:02,Result,,"Result: symlink found, pointing to file /etc/init.d/speech-dispatcher",1,Normal
2026-09-25,15:29:02,Result,,"Result: good, file /etc/rc0.d/K01speech-dispatcher not world writable",1,Normal
2026-09-25,15:29:02,Action,,Action: checking symlink for file /etc/rc0.d/K01spice-vdagent,1,Normal
2026-09-25,15:29:02,Note,,Note: Using real readlink binary to determine symlink on /etc/rc0.d/K01spice-vdagent,1,Normal
2026-09-25,15:29:02,Result,,Result: readlink shows /etc/init.d/spice-vdagent as output,1,Normal
2026-09-25,15:29:02,Result,,"Result: symlink found, pointing to file /etc/init.d/spice-vdagent",1,Normal
2026-09-25,15:29:02,Result,,"Result: good, file /etc/rc0.d/K01spice-vdagent not world writable",1,Normal
2026-09-25,15:29:02,Action,,Action: checking symlink for file /etc/rc0.d/K01sssd,1,Normal
2026-09-25,15:29:02,Note,,Note: Using real readlink binary to determine symlink on /etc/rc0.d/K01sssd,1,Normal
2026-09-25,15:29:02,Result,,Result: readlink shows /etc/init.d/sssd as output,1,Normal
2026-09-25,15:29:02,Result,,"Result: symlink found, pointing to file /etc/init.d/sssd",1,Normal
2026-09-25,15:29:02,Result,,"Result: good, file /etc/rc0.d/K01sssd not world writable",1,Normal
2026-09-25,15:29:02,Action,,Action: checking symlink for file /etc/rc0.d/K01unattended-upgrades,1,Normal
2026-09-25,15:29:02,Note,,Note: Using real readlink binary to determine symlink on /etc/rc0.d/K01unattended-upgrades,1,Normal
2026-09-25,15:29:02,Result,,Result: readlink shows /etc/init.d/unattended-upgrades as output,1,Normal
2026-09-25,15:29:02,Result,,"Result: symlink found, pointing to file /etc/init.d/unattended-upgrades",1,Normal
2026-09-25,15:29:02,Result,,"Result: good, file /etc/rc0.d/K01unattended-upgrades not world writable",1,Normal
2026-09-25,15:29:02,Action,,Action: checking symlink for file /etc/rc0.d/K01uuidd,1,Normal
2026-09-25,15:29:02,Note,,Note: Using real readlink binary to determine symlink on /etc/rc0.d/K01uuidd,1,Normal
2026-09-25,15:29:02,Result,,Result: readlink shows /etc/init.d/uuidd as output,1,Normal
2026-09-25,15:29:02,Result,,"Result: symlink found, pointing to file /etc/init.d/uuidd",1,Normal
2026-09-25,15:29:02,Result,,"Result: good, file /etc/rc0.d/K01uuidd not world writable",1,Normal
2026-09-25,15:29:02,Test,,Test: Checking /etc/rc1.d scripts for writable bit,1,Normal
2026-09-25,15:29:02,Action,,Action: checking symlink for file /etc/rc1.d/K01alsa-utils,1,Normal
2026-09-25,15:29:02,Note,,Note: Using real readlink binary to determine symlink on /etc/rc1.d/K01alsa-utils,1,Normal
2026-09-25,15:29:02,Result,,Result: readlink shows /etc/init.d/alsa-utils as output,1,Normal
2026-09-25,15:29:02,Result,,"Result: symlink found, pointing to file /etc/init.d/alsa-utils",1,Normal
2026-09-25,15:29:02,Result,,"Result: good, file /etc/rc1.d/K01alsa-utils not world writable",1,Normal
2026-09-25,15:29:02,Action,,Action: checking symlink for file /etc/rc1.d/K01bluetooth,1,Normal
2026-09-25,15:29:03,Note,,Note: Using real readlink binary to determine symlink on /etc/rc1.d/K01bluetooth,1,Normal
2026-09-25,15:29:03,Result,,Result: readlink shows /etc/init.d/bluetooth as output,1,Normal
2026-09-25,15:29:03,Result,,"Result: symlink found, pointing to file /etc/init.d/bluetooth",1,Normal
2026-09-25,15:29:03,Result,,"Result: good, file /etc/rc1.d/K01bluetooth not world writable",1,Normal
2026-09-25,15:29:03,Action,,Action: checking symlink for file /etc/rc1.d/K01chrony,1,Normal
2026-09-25,15:29:03,Note,,Note: Using real readlink binary to determine symlink on /etc/rc1.d/K01chrony,1,Normal
2026-09-25,15:29:03,Result,,Result: readlink shows /etc/init.d/chrony as output,1,Normal
2026-09-25,15:29:03,Result,,"Result: symlink found, pointing to file /etc/init.d/chrony",1,Normal
2026-09-25,15:29:03,Result,,"Result: good, file /etc/rc1.d/K01chrony not world writable",1,Normal
2026-09-25,15:29:03,Action,,Action: checking symlink for file /etc/rc1.d/K01cups,1,Normal
2026-09-25,15:29:03,Note,,Note: Using real readlink binary to determine symlink on /etc/rc1.d/K01cups,1,Normal
2026-09-25,15:29:03,Result,,Result: readlink shows /etc/init.d/cups as output,1,Normal
2026-09-25,15:29:03,Result,,"Result: symlink found, pointing to file /etc/init.d/cups",1,Normal
2026-09-25,15:29:03,Result,,"Result: good, file /etc/rc1.d/K01cups not world writable",1,Normal
2026-09-25,15:29:03,Action,,Action: checking symlink for file /etc/rc1.d/K01gdm3,1,Normal
2026-09-25,15:29:03,Note,,Note: Using real readlink binary to determine symlink on /etc/rc1.d/K01gdm3,1,Normal
2026-09-25,15:29:03,Result,,Result: readlink shows /etc/init.d/gdm3 as output,1,Normal
2026-09-25,15:29:03,Result,,"Result: symlink found, pointing to file /etc/init.d/gdm3",1,Normal
2026-09-25,15:29:03,Result,,"Result: good, file /etc/rc1.d/K01gdm3 not world writable",1,Normal
2026-09-25,15:29:03,Action,,Action: checking symlink for file /etc/rc1.d/K01openvpn,1,Normal
2026-09-25,15:29:03,Note,,Note: Using real readlink binary to determine symlink on /etc/rc1.d/K01openvpn,1,Normal
2026-09-25,15:29:03,Result,,Result: readlink shows /etc/init.d/openvpn as output,1,Normal
2026-09-25,15:29:03,Result,,"Result: symlink found, pointing to file /etc/init.d/openvpn",1,Normal
2026-09-25,15:29:03,Result,,"Result: good, file /etc/rc1.d/K01openvpn not world writable",1,Normal
2026-09-25,15:29:03,Action,,Action: checking symlink for file /etc/rc1.d/K01saned,1,Normal
2026-09-25,15:29:03,Note,,Note: Using real readlink binary to determine symlink on /etc/rc1.d/K01saned,1,Normal
2026-09-25,15:29:03,Result,,Result: readlink shows /etc/init.d/saned as output,1,Normal
2026-09-25,15:29:03,Result,,"Result: symlink found, pointing to file /etc/init.d/saned",1,Normal
2026-09-25,15:29:03,Result,,"Result: good, file /etc/rc1.d/K01saned not world writable",1,Normal
2026-09-25,15:29:03,Action,,Action: checking symlink for file /etc/rc1.d/K01speech-dispatcher,1,Normal
2026-09-25,15:29:03,Note,,Note: Using real readlink binary to determine symlink on /etc/rc1.d/K01speech-dispatcher,1,Normal
2026-09-25,15:29:03,Result,,Result: readlink shows /etc/init.d/speech-dispatcher as output,1,Normal
2026-09-25,15:29:03,Result,,"Result: symlink found, pointing to file /etc/init.d/speech-dispatcher",1,Normal
2026-09-25,15:29:03,Result,,"Result: good, file /etc/rc1.d/K01speech-dispatcher not world writable",1,Normal
2026-09-25,15:29:03,Action,,Action: checking symlink for file /etc/rc1.d/K01spice-vdagent,1,Normal
2026-09-25,15:29:03,Note,,Note: Using real readlink binary to determine symlink on /etc/rc1.d/K01spice-vdagent,1,Normal
2026-09-25,15:29:03,Result,,Result: readlink shows /etc/init.d/spice-vdagent as output,1,Normal
2026-09-25,15:29:03,Result,,"Result: symlink found, pointing to file /etc/init.d/spice-vdagent",1,Normal
2026-09-25,15:29:03,Result,,"Result: good, file /etc/rc1.d/K01spice-vdagent not world writable",1,Normal
2026-09-25,15:29:03,Action,,Action: checking symlink for file /etc/rc1.d/K01sssd,1,Normal
2026-09-25,15:29:03,Note,,Note: Using real readlink binary to determine symlink on /etc/rc1.d/K01sssd,1,Normal
2026-09-25,15:29:03,Result,,Result: readlink shows /etc/init.d/sssd as output,1,Normal
2026-09-25,15:29:03,Result,,"Result: symlink found, pointing to file /etc/init.d/sssd",1,Normal
2026-09-25,15:29:03,Result,,"Result: good, file /etc/rc1.d/K01sssd not world writable",1,Normal
2026-09-25,15:29:03,Action,,Action: checking symlink for file /etc/rc1.d/K01ufw,1,Normal
2026-09-25,15:29:03,Note,,Note: Using real readlink binary to determine symlink on /etc/rc1.d/K01ufw,1,Normal
2026-09-25,15:29:03,Result,,Result: readlink shows /etc/init.d/ufw as output,1,Normal
2026-09-25,15:29:03,Result,,"Result: symlink found, pointing to file /etc/init.d/ufw",1,Normal
2026-09-25,15:29:03,Result,,"Result: good, file /etc/rc1.d/K01ufw not world writable",1,Normal
2026-09-25,15:29:03,Action,,Action: checking symlink for file /etc/rc1.d/K01uuidd,1,Normal
2026-09-25,15:29:03,Note,,Note: Using real readlink binary to determine symlink on /etc/rc1.d/K01uuidd,1,Normal
2026-09-25,15:29:03,Result,,Result: readlink shows /etc/init.d/uuidd as output,1,Normal
2026-09-25,15:29:03,Result,,"Result: symlink found, pointing to file /etc/init.d/uuidd",1,Normal
2026-09-25,15:29:03,Result,,"Result: good, file /etc/rc1.d/K01uuidd not world writable",1,Normal
2026-09-25,15:29:03,Action,,Action: checking symlink for file /etc/rc1.d/K01whoopsie,1,Normal
2026-09-25,15:29:03,Note,,Note: Using real readlink binary to determine symlink on /etc/rc1.d/K01whoopsie,1,Normal
2026-09-25,15:29:03,Result,,Result: readlink shows /etc/init.d/whoopsie as output,1,Normal
2026-09-25,15:29:03,Result,,"Result: symlink found, pointing to file /etc/init.d/whoopsie",1,Normal
2026-09-25,15:29:03,Result,,"Result: good, file /etc/rc1.d/K01whoopsie not world writable",1,Normal
2026-09-25,15:29:03,Test,,Test: Checking /etc/rc2.d scripts for writable bit,1,Normal
2026-09-25,15:29:03,Action,,Action: checking symlink for file /etc/rc2.d/K01speech-dispatcher,1,Normal
2026-09-25,15:29:03,Note,,Note: Using real readlink binary to determine symlink on /etc/rc2.d/K01speech-dispatcher,1,Normal
2026-09-25,15:29:03,Result,,Result: readlink shows /etc/init.d/speech-dispatcher as output,1,Normal
2026-09-25,15:29:03,Result,,"Result: symlink found, pointing to file /etc/init.d/speech-dispatcher",1,Normal
2026-09-25,15:29:03,Result,,"Result: good, file /etc/rc2.d/K01speech-dispatcher not world writable",1,Normal
2026-09-25,15:29:03,Action,,Action: checking symlink for file /etc/rc2.d/S01anacron,1,Normal
2026-09-25,15:29:03,Note,,Note: Using real readlink binary to determine symlink on /etc/rc2.d/S01anacron,1,Normal
2026-09-25,15:29:03,Result,,Result: readlink shows /etc/init.d/anacron as output,1,Normal
2026-09-25,15:29:03,Result,,"Result: symlink found, pointing to file /etc/init.d/anacron",1,Normal
2026-09-25,15:29:03,Result,,"Result: good, file /etc/rc2.d/S01anacron not world writable",1,Normal
2026-09-25,15:29:03,Action,,Action: checking symlink for file /etc/rc2.d/S01apport,1,Normal
2026-09-25,15:29:03,Note,,Note: Using real readlink binary to determine symlink on /etc/rc2.d/S01apport,1,Normal
2026-09-25,15:29:03,Result,,Result: readlink shows /etc/init.d/apport as output,1,Normal
2026-09-25,15:29:03,Result,,"Result: symlink found, pointing to file /etc/init.d/apport",1,Normal
2026-09-25,15:29:03,Result,,"Result: good, file /etc/rc2.d/S01apport not world writable",1,Normal
2026-09-25,15:29:03,Action,,Action: checking symlink for file /etc/rc2.d/S01bluetooth,1,Normal
2026-09-25,15:29:03,Note,,Note: Using real readlink binary to determine symlink on /etc/rc2.d/S01bluetooth,1,Normal
2026-09-25,15:29:03,Result,,Result: readlink shows /etc/init.d/bluetooth as output,1,Normal
2026-09-25,15:29:03,Result,,"Result: symlink found, pointing to file /etc/init.d/bluetooth",1,Normal
2026-09-25,15:29:03,Result,,"Result: good, file /etc/rc2.d/S01bluetooth not world writable",1,Normal
2026-09-25,15:29:03,Action,,Action: checking symlink for file /etc/rc2.d/S01chrony,1,Normal
2026-09-25,15:29:03,Note,,Note: Using real readlink binary to determine symlink on /etc/rc2.d/S01chrony,1,Normal
2026-09-25,15:29:03,Result,,Result: readlink shows /etc/init.d/chrony as output,1,Normal
2026-09-25,15:29:03,Result,,"Result: symlink found, pointing to file /etc/init.d/chrony",1,Normal
2026-09-25,15:29:03,Result,,"Result: good, file /etc/rc2.d/S01chrony not world writable",1,Normal
2026-09-25,15:29:03,Action,,Action: checking symlink for file /etc/rc2.d/S01console-setup.sh,1,Normal
2026-09-25,15:29:03,Note,,Note: Using real readlink binary to determine symlink on /etc/rc2.d/S01console-setup.sh,1,Normal
2026-09-25,15:29:03,Result,,Result: readlink shows /etc/init.d/console-setup.sh as output,1,Normal
2026-09-25,15:29:03,Result,,"Result: symlink found, pointing to file /etc/init.d/console-setup.sh",1,Normal
2026-09-25,15:29:03,Result,,"Result: good, file /etc/rc2.d/S01console-setup.sh not world writable",1,Normal
2026-09-25,15:29:03,Action,,Action: checking symlink for file /etc/rc2.d/S01cron,1,Normal
2026-09-25,15:29:04,Note,,Note: Using real readlink binary to determine symlink on /etc/rc2.d/S01cron,1,Normal
2026-09-25,15:29:04,Result,,Result: readlink shows /etc/init.d/cron as output,1,Normal
2026-09-25,15:29:04,Result,,"Result: symlink found, pointing to file /etc/init.d/cron",1,Normal
2026-09-25,15:29:04,Result,,"Result: good, file /etc/rc2.d/S01cron not world writable",1,Normal
2026-09-25,15:29:04,Action,,Action: checking symlink for file /etc/rc2.d/S01cups,1,Normal
2026-09-25,15:29:04,Note,,Note: Using real readlink binary to determine symlink on /etc/rc2.d/S01cups,1,Normal
2026-09-25,15:29:04,Result,,Result: readlink shows /etc/init.d/cups as output,1,Normal
2026-09-25,15:29:04,Result,,"Result: symlink found, pointing to file /etc/init.d/cups",1,Normal
2026-09-25,15:29:04,Result,,"Result: good, file /etc/rc2.d/S01cups not world writable",1,Normal
2026-09-25,15:29:04,Action,,Action: checking symlink for file /etc/rc2.d/S01dbus,1,Normal
2026-09-25,15:29:04,Note,,Note: Using real readlink binary to determine symlink on /etc/rc2.d/S01dbus,1,Normal
2026-09-25,15:29:04,Result,,Result: readlink shows /etc/init.d/dbus as output,1,Normal
2026-09-25,15:29:04,Result,,"Result: symlink found, pointing to file /etc/init.d/dbus",1,Normal
2026-09-25,15:29:04,Result,,"Result: good, file /etc/rc2.d/S01dbus not world writable",1,Normal
2026-09-25,15:29:04,Action,,Action: checking symlink for file /etc/rc2.d/S01gdm3,1,Normal
2026-09-25,15:29:04,Note,,Note: Using real readlink binary to determine symlink on /etc/rc2.d/S01gdm3,1,Normal
2026-09-25,15:29:04,Result,,Result: readlink shows /etc/init.d/gdm3 as output,1,Normal
2026-09-25,15:29:04,Result,,"Result: symlink found, pointing to file /etc/init.d/gdm3",1,Normal
2026-09-25,15:29:04,Result,,"Result: good, file /etc/rc2.d/S01gdm3 not world writable",1,Normal
2026-09-25,15:29:04,Action,,Action: checking symlink for file /etc/rc2.d/S01kdump-tools,1,Normal
2026-09-25,15:29:04,Note,,Note: Using real readlink binary to determine symlink on /etc/rc2.d/S01kdump-tools,1,Normal
2026-09-25,15:29:04,Result,,Result: readlink shows /etc/init.d/kdump-tools as output,1,Normal
2026-09-25,15:29:04,Result,,"Result: symlink found, pointing to file /etc/init.d/kdump-tools",1,Normal
2026-09-25,15:29:04,Result,,"Result: good, file /etc/rc2.d/S01kdump-tools not world writable",1,Normal
2026-09-25,15:29:04,Action,,Action: checking symlink for file /etc/rc2.d/S01openvpn,1,Normal
2026-09-25,15:29:04,Note,,Note: Using real readlink binary to determine symlink on /etc/rc2.d/S01openvpn,1,Normal
2026-09-25,15:29:04,Result,,Result: readlink shows /etc/init.d/openvpn as output,1,Normal
2026-09-25,15:29:04,Result,,"Result: symlink found, pointing to file /etc/init.d/openvpn",1,Normal
2026-09-25,15:29:04,Result,,"Result: good, file /etc/rc2.d/S01openvpn not world writable",1,Normal
2026-09-25,15:29:04,Action,,Action: checking symlink for file /etc/rc2.d/S01plymouth,1,Normal
2026-09-25,15:29:04,Note,,Note: Using real readlink binary to determine symlink on /etc/rc2.d/S01plymouth,1,Normal
2026-09-25,15:29:04,Result,,Result: readlink shows /etc/init.d/plymouth as output,1,Normal
2026-09-25,15:29:04,Result,,"Result: symlink found, pointing to file /etc/init.d/plymouth",1,Normal
2026-09-25,15:29:04,Result,,"Result: good, file /etc/rc2.d/S01plymouth not world writable",1,Normal
2026-09-25,15:29:04,Action,,Action: checking symlink for file /etc/rc2.d/S01rsync,1,Normal
2026-09-25,15:29:04,Note,,Note: Using real readlink binary to determine symlink on /etc/rc2.d/S01rsync,1,Normal
2026-09-25,15:29:04,Result,,Result: readlink shows /etc/init.d/rsync as output,1,Normal
2026-09-25,15:29:04,Result,,"Result: symlink found, pointing to file /etc/init.d/rsync",1,Normal
2026-09-25,15:29:04,Result,,"Result: good, file /etc/rc2.d/S01rsync not world writable",1,Normal
2026-09-25,15:29:04,Action,,Action: checking symlink for file /etc/rc2.d/S01saned,1,Normal
2026-09-25,15:29:04,Note,,Note: Using real readlink binary to determine symlink on /etc/rc2.d/S01saned,1,Normal
2026-09-25,15:29:04,Result,,Result: readlink shows /etc/init.d/saned as output,1,Normal
2026-09-25,15:29:04,Result,,"Result: symlink found, pointing to file /etc/init.d/saned",1,Normal
2026-09-25,15:29:04,Result,,"Result: good, file /etc/rc2.d/S01saned not world writable",1,Normal
2026-09-25,15:29:04,Action,,Action: checking symlink for file /etc/rc2.d/S01spice-vdagent,1,Normal
2026-09-25,15:29:04,Note,,Note: Using real readlink binary to determine symlink on /etc/rc2.d/S01spice-vdagent,1,Normal
2026-09-25,15:29:04,Result,,Result: readlink shows /etc/init.d/spice-vdagent as output,1,Normal
2026-09-25,15:29:04,Result,,"Result: symlink found, pointing to file /etc/init.d/spice-vdagent",1,Normal
2026-09-25,15:29:04,Result,,"Result: good, file /etc/rc2.d/S01spice-vdagent not world writable",1,Normal
2026-09-25,15:29:04,Action,,Action: checking symlink for file /etc/rc2.d/S01sssd,1,Normal
2026-09-25,15:29:04,Note,,Note: Using real readlink binary to determine symlink on /etc/rc2.d/S01sssd,1,Normal
2026-09-25,15:29:04,Result,,Result: readlink shows /etc/init.d/sssd as output,1,Normal
2026-09-25,15:29:04,Result,,"Result: symlink found, pointing to file /etc/init.d/sssd",1,Normal
2026-09-25,15:29:04,Result,,"Result: good, file /etc/rc2.d/S01sssd not world writable",1,Normal
2026-09-25,15:29:04,Action,,Action: checking symlink for file /etc/rc2.d/S01unattended-upgrades,1,Normal
2026-09-25,15:29:04,Note,,Note: Using real readlink binary to determine symlink on /etc/rc2.d/S01unattended-upgrades,1,Normal
2026-09-25,15:29:04,Result,,Result: readlink shows /etc/init.d/unattended-upgrades as output,1,Normal
2026-09-25,15:29:04,Result,,"Result: symlink found, pointing to file /etc/init.d/unattended-upgrades",1,Normal
2026-09-25,15:29:04,Result,,"Result: good, file /etc/rc2.d/S01unattended-upgrades not world writable",1,Normal
2026-09-25,15:29:04,Action,,Action: checking symlink for file /etc/rc2.d/S01uuidd,1,Normal
2026-09-25,15:29:04,Note,,Note: Using real readlink binary to determine symlink on /etc/rc2.d/S01uuidd,1,Normal
2026-09-25,15:29:04,Result,,Result: readlink shows /etc/init.d/uuidd as output,1,Normal
2026-09-25,15:29:04,Result,,"Result: symlink found, pointing to file /etc/init.d/uuidd",1,Normal
2026-09-25,15:29:04,Result,,"Result: good, file /etc/rc2.d/S01uuidd not world writable",1,Normal
2026-09-25,15:29:04,Action,,Action: checking symlink for file /etc/rc2.d/S01whoopsie,1,Normal
2026-09-25,15:29:04,Note,,Note: Using real readlink binary to determine symlink on /etc/rc2.d/S01whoopsie,1,Normal
2026-09-25,15:29:04,Result,,Result: readlink shows /etc/init.d/whoopsie as output,1,Normal
2026-09-25,15:29:04,Result,,"Result: symlink found, pointing to file /etc/init.d/whoopsie",1,Normal
2026-09-25,15:29:04,Result,,"Result: good, file /etc/rc2.d/S01whoopsie not world writable",1,Normal
2026-09-25,15:29:04,Test,,Test: Checking /etc/rc3.d scripts for writable bit,1,Normal
2026-09-25,15:29:04,Action,,Action: checking symlink for file /etc/rc3.d/K01speech-dispatcher,1,Normal
2026-09-25,15:29:04,Note,,Note: Using real readlink binary to determine symlink on /etc/rc3.d/K01speech-dispatcher,1,Normal
2026-09-25,15:29:04,Result,,Result: readlink shows /etc/init.d/speech-dispatcher as output,1,Normal
2026-09-25,15:29:04,Result,,"Result: symlink found, pointing to file /etc/init.d/speech-dispatcher",1,Normal
2026-09-25,15:29:04,Result,,"Result: good, file /etc/rc3.d/K01speech-dispatcher not world writable",1,Normal
2026-09-25,15:29:04,Action,,Action: checking symlink for file /etc/rc3.d/S01anacron,1,Normal
2026-09-25,15:29:04,Note,,Note: Using real readlink binary to determine symlink on /etc/rc3.d/S01anacron,1,Normal
2026-09-25,15:29:04,Result,,Result: readlink shows /etc/init.d/anacron as output,1,Normal
2026-09-25,15:29:04,Result,,"Result: symlink found, pointing to file /etc/init.d/anacron",1,Normal
2026-09-25,15:29:04,Result,,"Result: good, file /etc/rc3.d/S01anacron not world writable",1,Normal
2026-09-25,15:29:04,Action,,Action: checking symlink for file /etc/rc3.d/S01apport,1,Normal
2026-09-25,15:29:04,Note,,Note: Using real readlink binary to determine symlink on /etc/rc3.d/S01apport,1,Normal
2026-09-25,15:29:04,Result,,Result: readlink shows /etc/init.d/apport as output,1,Normal
2026-09-25,15:29:04,Result,,"Result: symlink found, pointing to file /etc/init.d/apport",1,Normal
2026-09-25,15:29:04,Result,,"Result: good, file /etc/rc3.d/S01apport not world writable",1,Normal
2026-09-25,15:29:04,Action,,Action: checking symlink for file /etc/rc3.d/S01bluetooth,1,Normal
2026-09-25,15:29:04,Note,,Note: Using real readlink binary to determine symlink on /etc/rc3.d/S01bluetooth,1,Normal
2026-09-25,15:29:04,Result,,Result: readlink shows /etc/init.d/bluetooth as output,1,Normal
2026-09-25,15:29:04,Result,,"Result: symlink found, pointing to file /etc/init.d/bluetooth",1,Normal
2026-09-25,15:29:04,Result,,"Result: good, file /etc/rc3.d/S01bluetooth not world writable",1,Normal
2026-09-25,15:29:04,Action,,Action: checking symlink for file /etc/rc3.d/S01chrony,1,Normal
2026-09-25,15:29:04,Note,,Note: Using real readlink binary to determine symlink on /etc/rc3.d/S01chrony,1,Normal
2026-09-25,15:29:05,Result,,Result: readlink shows /etc/init.d/chrony as output,1,Normal
2026-09-25,15:29:05,Result,,"Result: symlink found, pointing to file /etc/init.d/chrony",1,Normal
2026-09-25,15:29:05,Result,,"Result: good, file /etc/rc3.d/S01chrony not world writable",1,Normal
2026-09-25,15:29:05,Action,,Action: checking symlink for file /etc/rc3.d/S01console-setup.sh,1,Normal
2026-09-25,15:29:05,Note,,Note: Using real readlink binary to determine symlink on /etc/rc3.d/S01console-setup.sh,1,Normal
2026-09-25,15:29:05,Result,,Result: readlink shows /etc/init.d/console-setup.sh as output,1,Normal
2026-09-25,15:29:05,Result,,"Result: symlink found, pointing to file /etc/init.d/console-setup.sh",1,Normal
2026-09-25,15:29:05,Result,,"Result: good, file /etc/rc3.d/S01console-setup.sh not world writable",1,Normal
2026-09-25,15:29:05,Action,,Action: checking symlink for file /etc/rc3.d/S01cron,1,Normal
2026-09-25,15:29:05,Note,,Note: Using real readlink binary to determine symlink on /etc/rc3.d/S01cron,1,Normal
2026-09-25,15:29:05,Result,,Result: readlink shows /etc/init.d/cron as output,1,Normal
2026-09-25,15:29:05,Result,,"Result: symlink found, pointing to file /etc/init.d/cron",1,Normal
2026-09-25,15:29:05,Result,,"Result: good, file /etc/rc3.d/S01cron not world writable",1,Normal
2026-09-25,15:29:05,Action,,Action: checking symlink for file /etc/rc3.d/S01cups,1,Normal
2026-09-25,15:29:05,Note,,Note: Using real readlink binary to determine symlink on /etc/rc3.d/S01cups,1,Normal
2026-09-25,15:29:05,Result,,Result: readlink shows /etc/init.d/cups as output,1,Normal
2026-09-25,15:29:05,Result,,"Result: symlink found, pointing to file /etc/init.d/cups",1,Normal
2026-09-25,15:29:05,Result,,"Result: good, file /etc/rc3.d/S01cups not world writable",1,Normal
2026-09-25,15:29:05,Action,,Action: checking symlink for file /etc/rc3.d/S01dbus,1,Normal
2026-09-25,15:29:05,Note,,Note: Using real readlink binary to determine symlink on /etc/rc3.d/S01dbus,1,Normal
2026-09-25,15:29:05,Result,,Result: readlink shows /etc/init.d/dbus as output,1,Normal
2026-09-25,15:29:05,Result,,"Result: symlink found, pointing to file /etc/init.d/dbus",1,Normal
2026-09-25,15:29:05,Result,,"Result: good, file /etc/rc3.d/S01dbus not world writable",1,Normal
2026-09-25,15:29:05,Action,,Action: checking symlink for file /etc/rc3.d/S01gdm3,1,Normal
2026-09-25,15:29:05,Note,,Note: Using real readlink binary to determine symlink on /etc/rc3.d/S01gdm3,1,Normal
2026-09-25,15:29:05,Result,,Result: readlink shows /etc/init.d/gdm3 as output,1,Normal
2026-09-25,15:29:05,Result,,"Result: symlink found, pointing to file /etc/init.d/gdm3",1,Normal
2026-09-25,15:29:05,Result,,"Result: good, file /etc/rc3.d/S01gdm3 not world writable",1,Normal
2026-09-25,15:29:05,Action,,Action: checking symlink for file /etc/rc3.d/S01kdump-tools,1,Normal
2026-09-25,15:29:05,Note,,Note: Using real readlink binary to determine symlink on /etc/rc3.d/S01kdump-tools,1,Normal
2026-09-25,15:29:05,Result,,Result: readlink shows /etc/init.d/kdump-tools as output,1,Normal
2026-09-25,15:29:05,Result,,"Result: symlink found, pointing to file /etc/init.d/kdump-tools",1,Normal
2026-09-25,15:29:05,Result,,"Result: good, file /etc/rc3.d/S01kdump-tools not world writable",1,Normal
2026-09-25,15:29:05,Action,,Action: checking symlink for file /etc/rc3.d/S01openvpn,1,Normal
2026-09-25,15:29:05,Note,,Note: Using real readlink binary to determine symlink on /etc/rc3.d/S01openvpn,1,Normal
2026-09-25,15:29:05,Result,,Result: readlink shows /etc/init.d/openvpn as output,1,Normal
2026-09-25,15:29:05,Result,,"Result: symlink found, pointing to file /etc/init.d/openvpn",1,Normal
2026-09-25,15:29:05,Result,,"Result: good, file /etc/rc3.d/S01openvpn not world writable",1,Normal
2026-09-25,15:29:05,Action,,Action: checking symlink for file /etc/rc3.d/S01plymouth,1,Normal
2026-09-25,15:29:05,Note,,Note: Using real readlink binary to determine symlink on /etc/rc3.d/S01plymouth,1,Normal
2026-09-25,15:29:05,Result,,Result: readlink shows /etc/init.d/plymouth as output,1,Normal
2026-09-25,15:29:05,Result,,"Result: symlink found, pointing to file /etc/init.d/plymouth",1,Normal
2026-09-25,15:29:05,Result,,"Result: good, file /etc/rc3.d/S01plymouth not world writable",1,Normal
2026-09-25,15:29:05,Action,,Action: checking symlink for file /etc/rc3.d/S01rsync,1,Normal
2026-09-25,15:29:05,Note,,Note: Using real readlink binary to determine symlink on /etc/rc3.d/S01rsync,1,Normal
2026-09-25,15:29:05,Result,,Result: readlink shows /etc/init.d/rsync as output,1,Normal
2026-09-25,15:29:05,Result,,"Result: symlink found, pointing to file /etc/init.d/rsync",1,Normal
2026-09-25,15:29:05,Result,,"Result: good, file /etc/rc3.d/S01rsync not world writable",1,Normal
2026-09-25,15:29:05,Action,,Action: checking symlink for file /etc/rc3.d/S01saned,1,Normal
2026-09-25,15:29:05,Note,,Note: Using real readlink binary to determine symlink on /etc/rc3.d/S01saned,1,Normal
2026-09-25,15:29:05,Result,,Result: readlink shows /etc/init.d/saned as output,1,Normal
2026-09-25,15:29:05,Result,,"Result: symlink found, pointing to file /etc/init.d/saned",1,Normal
2026-09-25,15:29:05,Result,,"Result: good, file /etc/rc3.d/S01saned not world writable",1,Normal
2026-09-25,15:29:05,Action,,Action: checking symlink for file /etc/rc3.d/S01spice-vdagent,1,Normal
2026-09-25,15:29:05,Note,,Note: Using real readlink binary to determine symlink on /etc/rc3.d/S01spice-vdagent,1,Normal
2026-09-25,15:29:05,Result,,Result: readlink shows /etc/init.d/spice-vdagent as output,1,Normal
2026-09-25,15:29:05,Result,,"Result: symlink found, pointing to file /etc/init.d/spice-vdagent",1,Normal
2026-09-25,15:29:05,Result,,"Result: good, file /etc/rc3.d/S01spice-vdagent not world writable",1,Normal
2026-09-25,15:29:05,Action,,Action: checking symlink for file /etc/rc3.d/S01sssd,1,Normal
2026-09-25,15:29:05,Note,,Note: Using real readlink binary to determine symlink on /etc/rc3.d/S01sssd,1,Normal
2026-09-25,15:29:05,Result,,Result: readlink shows /etc/init.d/sssd as output,1,Normal
2026-09-25,15:29:05,Result,,"Result: symlink found, pointing to file /etc/init.d/sssd",1,Normal
2026-09-25,15:29:05,Result,,"Result: good, file /etc/rc3.d/S01sssd not world writable",1,Normal
2026-09-25,15:29:05,Action,,Action: checking symlink for file /etc/rc3.d/S01unattended-upgrades,1,Normal
2026-09-25,15:29:05,Note,,Note: Using real readlink binary to determine symlink on /etc/rc3.d/S01unattended-upgrades,1,Normal
2026-09-25,15:29:05,Result,,Result: readlink shows /etc/init.d/unattended-upgrades as output,1,Normal
2026-09-25,15:29:05,Result,,"Result: symlink found, pointing to file /etc/init.d/unattended-upgrades",1,Normal
2026-09-25,15:29:05,Result,,"Result: good, file /etc/rc3.d/S01unattended-upgrades not world writable",1,Normal
2026-09-25,15:29:05,Action,,Action: checking symlink for file /etc/rc3.d/S01uuidd,1,Normal
2026-09-25,15:29:05,Note,,Note: Using real readlink binary to determine symlink on /etc/rc3.d/S01uuidd,1,Normal
2026-09-25,15:29:05,Result,,Result: readlink shows /etc/init.d/uuidd as output,1,Normal
2026-09-25,15:29:05,Result,,"Result: symlink found, pointing to file /etc/init.d/uuidd",1,Normal
2026-09-25,15:29:05,Result,,"Result: good, file /etc/rc3.d/S01uuidd not world writable",1,Normal
2026-09-25,15:29:05,Action,,Action: checking symlink for file /etc/rc3.d/S01whoopsie,1,Normal
2026-09-25,15:29:05,Note,,Note: Using real readlink binary to determine symlink on /etc/rc3.d/S01whoopsie,1,Normal
2026-09-25,15:29:05,Result,,Result: readlink shows /etc/init.d/whoopsie as output,1,Normal
2026-09-25,15:29:05,Result,,"Result: symlink found, pointing to file /etc/init.d/whoopsie",1,Normal
2026-09-25,15:29:05,Result,,"Result: good, file /etc/rc3.d/S01whoopsie not world writable",1,Normal
2026-09-25,15:29:05,Test,,Test: Checking /etc/rc4.d scripts for writable bit,1,Normal
2026-09-25,15:29:05,Action,,Action: checking symlink for file /etc/rc4.d/K01speech-dispatcher,1,Normal
2026-09-25,15:29:05,Note,,Note: Using real readlink binary to determine symlink on /etc/rc4.d/K01speech-dispatcher,1,Normal
2026-09-25,15:29:05,Result,,Result: readlink shows /etc/init.d/speech-dispatcher as output,1,Normal
2026-09-25,15:29:05,Result,,"Result: symlink found, pointing to file /etc/init.d/speech-dispatcher",1,Normal
2026-09-25,15:29:05,Result,,"Result: good, file /etc/rc4.d/K01speech-dispatcher not world writable",1,Normal
2026-09-25,15:29:05,Action,,Action: checking symlink for file /etc/rc4.d/S01anacron,1,Normal
2026-09-25,15:29:05,Note,,Note: Using real readlink binary to determine symlink on /etc/rc4.d/S01anacron,1,Normal
2026-09-25,15:29:05,Result,,Result: readlink shows /etc/init.d/anacron as output,1,Normal
2026-09-25,15:29:05,Result,,"Result: symlink found, pointing to file /etc/init.d/anacron",1,Normal
2026-09-25,15:29:05,Result,,"Result: good, file /etc/rc4.d/S01anacron not world writable",1,Normal
2026-09-25,15:29:05,Action,,Action: checking symlink for file /etc/rc4.d/S01apport,1,Normal
2026-09-25,15:29:05,Note,,Note: Using real readlink binary to determine symlink on /etc/rc4.d/S01apport,1,Normal
2026-09-25,15:29:05,Result,,Result: readlink shows /etc/init.d/apport as output,1,Normal
2026-09-25,15:29:05,Result,,"Result: symlink found, pointing to file /etc/init.d/apport",1,Normal
2026-09-25,15:29:06,Result,,"Result: good, file /etc/rc4.d/S01apport not world writable",1,Normal
2026-09-25,15:29:06,Action,,Action: checking symlink for file /etc/rc4.d/S01bluetooth,1,Normal
2026-09-25,15:29:06,Note,,Note: Using real readlink binary to determine symlink on /etc/rc4.d/S01bluetooth,1,Normal
2026-09-25,15:29:06,Result,,Result: readlink shows /etc/init.d/bluetooth as output,1,Normal
2026-09-25,15:29:06,Result,,"Result: symlink found, pointing to file /etc/init.d/bluetooth",1,Normal
2026-09-25,15:29:06,Result,,"Result: good, file /etc/rc4.d/S01bluetooth not world writable",1,Normal
2026-09-25,15:29:06,Action,,Action: checking symlink for file /etc/rc4.d/S01chrony,1,Normal
2026-09-25,15:29:06,Note,,Note: Using real readlink binary to determine symlink on /etc/rc4.d/S01chrony,1,Normal
2026-09-25,15:29:06,Result,,Result: readlink shows /etc/init.d/chrony as output,1,Normal
2026-09-25,15:29:06,Result,,"Result: symlink found, pointing to file /etc/init.d/chrony",1,Normal
2026-09-25,15:29:06,Result,,"Result: good, file /etc/rc4.d/S01chrony not world writable",1,Normal
2026-09-25,15:29:06,Action,,Action: checking symlink for file /etc/rc4.d/S01console-setup.sh,1,Normal
2026-09-25,15:29:06,Note,,Note: Using real readlink binary to determine symlink on /etc/rc4.d/S01console-setup.sh,1,Normal
2026-09-25,15:29:06,Result,,Result: readlink shows /etc/init.d/console-setup.sh as output,1,Normal
2026-09-25,15:29:06,Result,,"Result: symlink found, pointing to file /etc/init.d/console-setup.sh",1,Normal
2026-09-25,15:29:06,Result,,"Result: good, file /etc/rc4.d/S01console-setup.sh not world writable",1,Normal
2026-09-25,15:29:06,Action,,Action: checking symlink for file /etc/rc4.d/S01cron,1,Normal
2026-09-25,15:29:06,Note,,Note: Using real readlink binary to determine symlink on /etc/rc4.d/S01cron,1,Normal
2026-09-25,15:29:06,Result,,Result: readlink shows /etc/init.d/cron as output,1,Normal
2026-09-25,15:29:06,Result,,"Result: symlink found, pointing to file /etc/init.d/cron",1,Normal
2026-09-25,15:29:06,Result,,"Result: good, file /etc/rc4.d/S01cron not world writable",1,Normal
2026-09-25,15:29:06,Action,,Action: checking symlink for file /etc/rc4.d/S01cups,1,Normal
2026-09-25,15:29:06,Note,,Note: Using real readlink binary to determine symlink on /etc/rc4.d/S01cups,1,Normal
2026-09-25,15:29:06,Result,,Result: readlink shows /etc/init.d/cups as output,1,Normal
2026-09-25,15:29:06,Result,,"Result: symlink found, pointing to file /etc/init.d/cups",1,Normal
2026-09-25,15:29:06,Result,,"Result: good, file /etc/rc4.d/S01cups not world writable",1,Normal
2026-09-25,15:29:06,Action,,Action: checking symlink for file /etc/rc4.d/S01dbus,1,Normal
2026-09-25,15:29:06,Note,,Note: Using real readlink binary to determine symlink on /etc/rc4.d/S01dbus,1,Normal
2026-09-25,15:29:06,Result,,Result: readlink shows /etc/init.d/dbus as output,1,Normal
2026-09-25,15:29:06,Result,,"Result: symlink found, pointing to file /etc/init.d/dbus",1,Normal
2026-09-25,15:29:06,Result,,"Result: good, file /etc/rc4.d/S01dbus not world writable",1,Normal
2026-09-25,15:29:06,Action,,Action: checking symlink for file /etc/rc4.d/S01gdm3,1,Normal
2026-09-25,15:29:06,Note,,Note: Using real readlink binary to determine symlink on /etc/rc4.d/S01gdm3,1,Normal
2026-09-25,15:29:06,Result,,Result: readlink shows /etc/init.d/gdm3 as output,1,Normal
2026-09-25,15:29:06,Result,,"Result: symlink found, pointing to file /etc/init.d/gdm3",1,Normal
2026-09-25,15:29:06,Result,,"Result: good, file /etc/rc4.d/S01gdm3 not world writable",1,Normal
2026-09-25,15:29:06,Action,,Action: checking symlink for file /etc/rc4.d/S01kdump-tools,1,Normal
2026-09-25,15:29:06,Note,,Note: Using real readlink binary to determine symlink on /etc/rc4.d/S01kdump-tools,1,Normal
2026-09-25,15:29:06,Result,,Result: readlink shows /etc/init.d/kdump-tools as output,1,Normal
2026-09-25,15:29:06,Result,,"Result: symlink found, pointing to file /etc/init.d/kdump-tools",1,Normal
2026-09-25,15:29:06,Result,,"Result: good, file /etc/rc4.d/S01kdump-tools not world writable",1,Normal
2026-09-25,15:29:06,Action,,Action: checking symlink for file /etc/rc4.d/S01openvpn,1,Normal
2026-09-25,15:29:06,Note,,Note: Using real readlink binary to determine symlink on /etc/rc4.d/S01openvpn,1,Normal
2026-09-25,15:29:06,Result,,Result: readlink shows /etc/init.d/openvpn as output,1,Normal
2026-09-25,15:29:06,Result,,"Result: symlink found, pointing to file /etc/init.d/openvpn",1,Normal
2026-09-25,15:29:06,Result,,"Result: good, file /etc/rc4.d/S01openvpn not world writable",1,Normal
2026-09-25,15:29:06,Action,,Action: checking symlink for file /etc/rc4.d/S01plymouth,1,Normal
2026-09-25,15:29:06,Note,,Note: Using real readlink binary to determine symlink on /etc/rc4.d/S01plymouth,1,Normal
2026-09-25,15:29:06,Result,,Result: readlink shows /etc/init.d/plymouth as output,1,Normal
2026-09-25,15:29:06,Result,,"Result: symlink found, pointing to file /etc/init.d/plymouth",1,Normal
2026-09-25,15:29:06,Result,,"Result: good, file /etc/rc4.d/S01plymouth not world writable",1,Normal
2026-09-25,15:29:06,Action,,Action: checking symlink for file /etc/rc4.d/S01rsync,1,Normal
2026-09-25,15:29:06,Note,,Note: Using real readlink binary to determine symlink on /etc/rc4.d/S01rsync,1,Normal
2026-09-25,15:29:06,Result,,Result: readlink shows /etc/init.d/rsync as output,1,Normal
2026-09-25,15:29:06,Result,,"Result: symlink found, pointing to file /etc/init.d/rsync",1,Normal
2026-09-25,15:29:06,Result,,"Result: good, file /etc/rc4.d/S01rsync not world writable",1,Normal
2026-09-25,15:29:06,Action,,Action: checking symlink for file /etc/rc4.d/S01saned,1,Normal
2026-09-25,15:29:06,Note,,Note: Using real readlink binary to determine symlink on /etc/rc4.d/S01saned,1,Normal
2026-09-25,15:29:06,Result,,Result: readlink shows /etc/init.d/saned as output,1,Normal
2026-09-25,15:29:06,Result,,"Result: symlink found, pointing to file /etc/init.d/saned",1,Normal
2026-09-25,15:29:06,Result,,"Result: good, file /etc/rc4.d/S01saned not world writable",1,Normal
2026-09-25,15:29:06,Action,,Action: checking symlink for file /etc/rc4.d/S01spice-vdagent,1,Normal
2026-09-25,15:29:06,Note,,Note: Using real readlink binary to determine symlink on /etc/rc4.d/S01spice-vdagent,1,Normal
2026-09-25,15:29:06,Result,,Result: readlink shows /etc/init.d/spice-vdagent as output,1,Normal
2026-09-25,15:29:06,Result,,"Result: symlink found, pointing to file /etc/init.d/spice-vdagent",1,Normal
2026-09-25,15:29:06,Result,,"Result: good, file /etc/rc4.d/S01spice-vdagent not world writable",1,Normal
2026-09-25,15:29:06,Action,,Action: checking symlink for file /etc/rc4.d/S01sssd,1,Normal
2026-09-25,15:29:06,Note,,Note: Using real readlink binary to determine symlink on /etc/rc4.d/S01sssd,1,Normal
2026-09-25,15:29:06,Result,,Result: readlink shows /etc/init.d/sssd as output,1,Normal
2026-09-25,15:29:06,Result,,"Result: symlink found, pointing to file /etc/init.d/sssd",1,Normal
2026-09-25,15:29:06,Result,,"Result: good, file /etc/rc4.d/S01sssd not world writable",1,Normal
2026-09-25,15:29:06,Action,,Action: checking symlink for file /etc/rc4.d/S01unattended-upgrades,1,Normal
2026-09-25,15:29:06,Note,,Note: Using real readlink binary to determine symlink on /etc/rc4.d/S01unattended-upgrades,1,Normal
2026-09-25,15:29:06,Result,,Result: readlink shows /etc/init.d/unattended-upgrades as output,1,Normal
2026-09-25,15:29:06,Result,,"Result: symlink found, pointing to file /etc/init.d/unattended-upgrades",1,Normal
2026-09-25,15:29:06,Result,,"Result: good, file /etc/rc4.d/S01unattended-upgrades not world writable",1,Normal
2026-09-25,15:29:06,Action,,Action: checking symlink for file /etc/rc4.d/S01uuidd,1,Normal
2026-09-25,15:29:06,Note,,Note: Using real readlink binary to determine symlink on /etc/rc4.d/S01uuidd,1,Normal
2026-09-25,15:29:06,Result,,Result: readlink shows /etc/init.d/uuidd as output,1,Normal
2026-09-25,15:29:06,Result,,"Result: symlink found, pointing to file /etc/init.d/uuidd",1,Normal
2026-09-25,15:29:06,Result,,"Result: good, file /etc/rc4.d/S01uuidd not world writable",1,Normal
2026-09-25,15:29:06,Action,,Action: checking symlink for file /etc/rc4.d/S01whoopsie,1,Normal
2026-09-25,15:29:06,Note,,Note: Using real readlink binary to determine symlink on /etc/rc4.d/S01whoopsie,1,Normal
2026-09-25,15:29:06,Result,,Result: readlink shows /etc/init.d/whoopsie as output,1,Normal
2026-09-25,15:29:06,Result,,"Result: symlink found, pointing to file /etc/init.d/whoopsie",1,Normal
2026-09-25,15:29:06,Result,,"Result: good, file /etc/rc4.d/S01whoopsie not world writable",1,Normal
2026-09-25,15:29:06,Test,,Test: Checking /etc/rc5.d scripts for writable bit,1,Normal
2026-09-25,15:29:06,Action,,Action: checking symlink for file /etc/rc5.d/K01speech-dispatcher,1,Normal
2026-09-25,15:29:06,Note,,Note: Using real readlink binary to determine symlink on /etc/rc5.d/K01speech-dispatcher,1,Normal
2026-09-25,15:29:06,Result,,Result: readlink shows /etc/init.d/speech-dispatcher as output,1,Normal
2026-09-25,15:29:06,Result,,"Result: symlink found, pointing to file /etc/init.d/speech-dispatcher",1,Normal
2026-09-25,15:29:06,Result,,"Result: good, file /etc/rc5.d/K01speech-dispatcher not world writable",1,Normal
2026-09-25,15:29:06,Action,,Action: checking symlink for file /etc/rc5.d/S01anacron,1,Normal
2026-09-25,15:29:07,Note,,Note: Using real readlink binary to determine symlink on /etc/rc5.d/S01anacron,1,Normal
2026-09-25,15:29:07,Result,,Result: readlink shows /etc/init.d/anacron as output,1,Normal
2026-09-25,15:29:07,Result,,"Result: symlink found, pointing to file /etc/init.d/anacron",1,Normal
2026-09-25,15:29:07,Result,,"Result: good, file /etc/rc5.d/S01anacron not world writable",1,Normal
2026-09-25,15:29:07,Action,,Action: checking symlink for file /etc/rc5.d/S01apport,1,Normal
2026-09-25,15:29:07,Note,,Note: Using real readlink binary to determine symlink on /etc/rc5.d/S01apport,1,Normal
2026-09-25,15:29:07,Result,,Result: readlink shows /etc/init.d/apport as output,1,Normal
2026-09-25,15:29:07,Result,,"Result: symlink found, pointing to file /etc/init.d/apport",1,Normal
2026-09-25,15:29:07,Result,,"Result: good, file /etc/rc5.d/S01apport not world writable",1,Normal
2026-09-25,15:29:07,Action,,Action: checking symlink for file /etc/rc5.d/S01bluetooth,1,Normal
2026-09-25,15:29:07,Note,,Note: Using real readlink binary to determine symlink on /etc/rc5.d/S01bluetooth,1,Normal
2026-09-25,15:29:07,Result,,Result: readlink shows /etc/init.d/bluetooth as output,1,Normal
2026-09-25,15:29:07,Result,,"Result: symlink found, pointing to file /etc/init.d/bluetooth",1,Normal
2026-09-25,15:29:07,Result,,"Result: good, file /etc/rc5.d/S01bluetooth not world writable",1,Normal
2026-09-25,15:29:07,Action,,Action: checking symlink for file /etc/rc5.d/S01chrony,1,Normal
2026-09-25,15:29:07,Note,,Note: Using real readlink binary to determine symlink on /etc/rc5.d/S01chrony,1,Normal
2026-09-25,15:29:07,Result,,Result: readlink shows /etc/init.d/chrony as output,1,Normal
2026-09-25,15:29:07,Result,,"Result: symlink found, pointing to file /etc/init.d/chrony",1,Normal
2026-09-25,15:29:07,Result,,"Result: good, file /etc/rc5.d/S01chrony not world writable",1,Normal
2026-09-25,15:29:07,Action,,Action: checking symlink for file /etc/rc5.d/S01console-setup.sh,1,Normal
2026-09-25,15:29:07,Note,,Note: Using real readlink binary to determine symlink on /etc/rc5.d/S01console-setup.sh,1,Normal
2026-09-25,15:29:07,Result,,Result: readlink shows /etc/init.d/console-setup.sh as output,1,Normal
2026-09-25,15:29:07,Result,,"Result: symlink found, pointing to file /etc/init.d/console-setup.sh",1,Normal
2026-09-25,15:29:07,Result,,"Result: good, file /etc/rc5.d/S01console-setup.sh not world writable",1,Normal
2026-09-25,15:29:07,Action,,Action: checking symlink for file /etc/rc5.d/S01cron,1,Normal
2026-09-25,15:29:07,Note,,Note: Using real readlink binary to determine symlink on /etc/rc5.d/S01cron,1,Normal
2026-09-25,15:29:07,Result,,Result: readlink shows /etc/init.d/cron as output,1,Normal
2026-09-25,15:29:07,Result,,"Result: symlink found, pointing to file /etc/init.d/cron",1,Normal
2026-09-25,15:29:07,Result,,"Result: good, file /etc/rc5.d/S01cron not world writable",1,Normal
2026-09-25,15:29:07,Action,,Action: checking symlink for file /etc/rc5.d/S01cups,1,Normal
2026-09-25,15:29:07,Note,,Note: Using real readlink binary to determine symlink on /etc/rc5.d/S01cups,1,Normal
2026-09-25,15:29:07,Result,,Result: readlink shows /etc/init.d/cups as output,1,Normal
2026-09-25,15:29:07,Result,,"Result: symlink found, pointing to file /etc/init.d/cups",1,Normal
2026-09-25,15:29:07,Result,,"Result: good, file /etc/rc5.d/S01cups not world writable",1,Normal
2026-09-25,15:29:07,Action,,Action: checking symlink for file /etc/rc5.d/S01dbus,1,Normal
2026-09-25,15:29:07,Note,,Note: Using real readlink binary to determine symlink on /etc/rc5.d/S01dbus,1,Normal
2026-09-25,15:29:07,Result,,Result: readlink shows /etc/init.d/dbus as output,1,Normal
2026-09-25,15:29:07,Result,,"Result: symlink found, pointing to file /etc/init.d/dbus",1,Normal
2026-09-25,15:29:07,Result,,"Result: good, file /etc/rc5.d/S01dbus not world writable",1,Normal
2026-09-25,15:29:07,Action,,Action: checking symlink for file /etc/rc5.d/S01gdm3,1,Normal
2026-09-25,15:29:07,Note,,Note: Using real readlink binary to determine symlink on /etc/rc5.d/S01gdm3,1,Normal
2026-09-25,15:29:07,Result,,Result: readlink shows /etc/init.d/gdm3 as output,1,Normal
2026-09-25,15:29:07,Result,,"Result: symlink found, pointing to file /etc/init.d/gdm3",1,Normal
2026-09-25,15:29:07,Result,,"Result: good, file /etc/rc5.d/S01gdm3 not world writable",1,Normal
2026-09-25,15:29:07,Action,,Action: checking symlink for file /etc/rc5.d/S01kdump-tools,1,Normal
2026-09-25,15:29:07,Note,,Note: Using real readlink binary to determine symlink on /etc/rc5.d/S01kdump-tools,1,Normal
2026-09-25,15:29:07,Result,,Result: readlink shows /etc/init.d/kdump-tools as output,1,Normal
2026-09-25,15:29:07,Result,,"Result: symlink found, pointing to file /etc/init.d/kdump-tools",1,Normal
2026-09-25,15:29:07,Result,,"Result: good, file /etc/rc5.d/S01kdump-tools not world writable",1,Normal
2026-09-25,15:29:07,Action,,Action: checking symlink for file /etc/rc5.d/S01openvpn,1,Normal
2026-09-25,15:29:07,Note,,Note: Using real readlink binary to determine symlink on /etc/rc5.d/S01openvpn,1,Normal
2026-09-25,15:29:07,Result,,Result: readlink shows /etc/init.d/openvpn as output,1,Normal
2026-09-25,15:29:07,Result,,"Result: symlink found, pointing to file /etc/init.d/openvpn",1,Normal
2026-09-25,15:29:07,Result,,"Result: good, file /etc/rc5.d/S01openvpn not world writable",1,Normal
2026-09-25,15:29:07,Action,,Action: checking symlink for file /etc/rc5.d/S01plymouth,1,Normal
2026-09-25,15:29:07,Note,,Note: Using real readlink binary to determine symlink on /etc/rc5.d/S01plymouth,1,Normal
2026-09-25,15:29:07,Result,,Result: readlink shows /etc/init.d/plymouth as output,1,Normal
2026-09-25,15:29:07,Result,,"Result: symlink found, pointing to file /etc/init.d/plymouth",1,Normal
2026-09-25,15:29:07,Result,,"Result: good, file /etc/rc5.d/S01plymouth not world writable",1,Normal
2026-09-25,15:29:07,Action,,Action: checking symlink for file /etc/rc5.d/S01rsync,1,Normal
2026-09-25,15:29:07,Note,,Note: Using real readlink binary to determine symlink on /etc/rc5.d/S01rsync,1,Normal
2026-09-25,15:29:07,Result,,Result: readlink shows /etc/init.d/rsync as output,1,Normal
2026-09-25,15:29:07,Result,,"Result: symlink found, pointing to file /etc/init.d/rsync",1,Normal
2026-09-25,15:29:07,Result,,"Result: good, file /etc/rc5.d/S01rsync not world writable",1,Normal
2026-09-25,15:29:07,Action,,Action: checking symlink for file /etc/rc5.d/S01saned,1,Normal
2026-09-25,15:29:07,Note,,Note: Using real readlink binary to determine symlink on /etc/rc5.d/S01saned,1,Normal
2026-09-25,15:29:07,Result,,Result: readlink shows /etc/init.d/saned as output,1,Normal
2026-09-25,15:29:07,Result,,"Result: symlink found, pointing to file /etc/init.d/saned",1,Normal
2026-09-25,15:29:07,Result,,"Result: good, file /etc/rc5.d/S01saned not world writable",1,Normal
2026-09-25,15:29:07,Action,,Action: checking symlink for file /etc/rc5.d/S01spice-vdagent,1,Normal
2026-09-25,15:29:07,Note,,Note: Using real readlink binary to determine symlink on /etc/rc5.d/S01spice-vdagent,1,Normal
2026-09-25,15:29:07,Result,,Result: readlink shows /etc/init.d/spice-vdagent as output,1,Normal
2026-09-25,15:29:07,Result,,"Result: symlink found, pointing to file /etc/init.d/spice-vdagent",1,Normal
2026-09-25,15:29:07,Result,,"Result: good, file /etc/rc5.d/S01spice-vdagent not world writable",1,Normal
2026-09-25,15:29:07,Action,,Action: checking symlink for file /etc/rc5.d/S01sssd,1,Normal
2026-09-25,15:29:07,Note,,Note: Using real readlink binary to determine symlink on /etc/rc5.d/S01sssd,1,Normal
2026-09-25,15:29:07,Result,,Result: readlink shows /etc/init.d/sssd as output,1,Normal
2026-09-25,15:29:07,Result,,"Result: symlink found, pointing to file /etc/init.d/sssd",1,Normal
2026-09-25,15:29:07,Result,,"Result: good, file /etc/rc5.d/S01sssd not world writable",1,Normal
2026-09-25,15:29:07,Action,,Action: checking symlink for file /etc/rc5.d/S01unattended-upgrades,1,Normal
2026-09-25,15:29:07,Note,,Note: Using real readlink binary to determine symlink on /etc/rc5.d/S01unattended-upgrades,1,Normal
2026-09-25,15:29:07,Result,,Result: readlink shows /etc/init.d/unattended-upgrades as output,1,Normal
2026-09-25,15:29:07,Result,,"Result: symlink found, pointing to file /etc/init.d/unattended-upgrades",1,Normal
2026-09-25,15:29:07,Result,,"Result: good, file /etc/rc5.d/S01unattended-upgrades not world writable",1,Normal
2026-09-25,15:29:07,Action,,Action: checking symlink for file /etc/rc5.d/S01uuidd,1,Normal
2026-09-25,15:29:07,Note,,Note: Using real readlink binary to determine symlink on /etc/rc5.d/S01uuidd,1,Normal
2026-09-25,15:29:07,Result,,Result: readlink shows /etc/init.d/uuidd as output,1,Normal
2026-09-25,15:29:07,Result,,"Result: symlink found, pointing to file /etc/init.d/uuidd",1,Normal
2026-09-25,15:29:07,Result,,"Result: good, file /etc/rc5.d/S01uuidd not world writable",1,Normal
2026-09-25,15:29:07,Action,,Action: checking symlink for file /etc/rc5.d/S01whoopsie,1,Normal
2026-09-25,15:29:07,Note,,Note: Using real readlink binary to determine symlink on /etc/rc5.d/S01whoopsie,1,Normal
2026-09-25,15:29:07,Result,,Result: readlink shows /etc/init.d/whoopsie as output,1,Normal
2026-09-25,15:29:07,Result,,"Result: symlink found, pointing to file /etc/init.d/whoopsie",1,Normal
2026-09-25,15:29:07,Result,,"Result: good, file /etc/rc5.d/S01whoopsie not world writable",1,Normal
2026-09-25,15:29:07,Test,,Test: Checking /etc/rc6.d scripts for writable bit,1,Normal
2026-09-25,15:29:07,Action,,Action: checking symlink for file /etc/rc6.d/K01alsa-utils,1,Normal
2026-09-25,15:29:08,Note,,Note: Using real readlink binary to determine symlink on /etc/rc6.d/K01alsa-utils,1,Normal
2026-09-25,15:29:08,Result,,Result: readlink shows /etc/init.d/alsa-utils as output,1,Normal
2026-09-25,15:29:08,Result,,"Result: symlink found, pointing to file /etc/init.d/alsa-utils",1,Normal
2026-09-25,15:29:08,Result,,"Result: good, file /etc/rc6.d/K01alsa-utils not world writable",1,Normal
2026-09-25,15:29:08,Action,,Action: checking symlink for file /etc/rc6.d/K01bluetooth,1,Normal
2026-09-25,15:29:08,Note,,Note: Using real readlink binary to determine symlink on /etc/rc6.d/K01bluetooth,1,Normal
2026-09-25,15:29:08,Result,,Result: readlink shows /etc/init.d/bluetooth as output,1,Normal
2026-09-25,15:29:08,Result,,"Result: symlink found, pointing to file /etc/init.d/bluetooth",1,Normal
2026-09-25,15:29:08,Result,,"Result: good, file /etc/rc6.d/K01bluetooth not world writable",1,Normal
2026-09-25,15:29:08,Action,,Action: checking symlink for file /etc/rc6.d/K01chrony,1,Normal
2026-09-25,15:29:08,Note,,Note: Using real readlink binary to determine symlink on /etc/rc6.d/K01chrony,1,Normal
2026-09-25,15:29:08,Result,,Result: readlink shows /etc/init.d/chrony as output,1,Normal
2026-09-25,15:29:08,Result,,"Result: symlink found, pointing to file /etc/init.d/chrony",1,Normal
2026-09-25,15:29:08,Result,,"Result: good, file /etc/rc6.d/K01chrony not world writable",1,Normal
2026-09-25,15:29:08,Action,,Action: checking symlink for file /etc/rc6.d/K01gdm3,1,Normal
2026-09-25,15:29:08,Note,,Note: Using real readlink binary to determine symlink on /etc/rc6.d/K01gdm3,1,Normal
2026-09-25,15:29:08,Result,,Result: readlink shows /etc/init.d/gdm3 as output,1,Normal
2026-09-25,15:29:08,Result,,"Result: symlink found, pointing to file /etc/init.d/gdm3",1,Normal
2026-09-25,15:29:08,Result,,"Result: good, file /etc/rc6.d/K01gdm3 not world writable",1,Normal
2026-09-25,15:29:08,Action,,Action: checking symlink for file /etc/rc6.d/K01openvpn,1,Normal
2026-09-25,15:29:08,Note,,Note: Using real readlink binary to determine symlink on /etc/rc6.d/K01openvpn,1,Normal
2026-09-25,15:29:08,Result,,Result: readlink shows /etc/init.d/openvpn as output,1,Normal
2026-09-25,15:29:08,Result,,"Result: symlink found, pointing to file /etc/init.d/openvpn",1,Normal
2026-09-25,15:29:08,Result,,"Result: good, file /etc/rc6.d/K01openvpn not world writable",1,Normal
2026-09-25,15:29:08,Action,,Action: checking symlink for file /etc/rc6.d/K01plymouth,1,Normal
2026-09-25,15:29:08,Note,,Note: Using real readlink binary to determine symlink on /etc/rc6.d/K01plymouth,1,Normal
2026-09-25,15:29:08,Result,,Result: readlink shows /etc/init.d/plymouth as output,1,Normal
2026-09-25,15:29:08,Result,,"Result: symlink found, pointing to file /etc/init.d/plymouth",1,Normal
2026-09-25,15:29:08,Result,,"Result: good, file /etc/rc6.d/K01plymouth not world writable",1,Normal
2026-09-25,15:29:08,Action,,Action: checking symlink for file /etc/rc6.d/K01saned,1,Normal
2026-09-25,15:29:08,Note,,Note: Using real readlink binary to determine symlink on /etc/rc6.d/K01saned,1,Normal
2026-09-25,15:29:08,Result,,Result: readlink shows /etc/init.d/saned as output,1,Normal
2026-09-25,15:29:08,Result,,"Result: symlink found, pointing to file /etc/init.d/saned",1,Normal
2026-09-25,15:29:08,Result,,"Result: good, file /etc/rc6.d/K01saned not world writable",1,Normal
2026-09-25,15:29:08,Action,,Action: checking symlink for file /etc/rc6.d/K01speech-dispatcher,1,Normal
2026-09-25,15:29:08,Note,,Note: Using real readlink binary to determine symlink on /etc/rc6.d/K01speech-dispatcher,1,Normal
2026-09-25,15:29:08,Result,,Result: readlink shows /etc/init.d/speech-dispatcher as output,1,Normal
2026-09-25,15:29:08,Result,,"Result: symlink found, pointing to file /etc/init.d/speech-dispatcher",1,Normal
2026-09-25,15:29:08,Result,,"Result: good, file /etc/rc6.d/K01speech-dispatcher not world writable",1,Normal
2026-09-25,15:29:08,Action,,Action: checking symlink for file /etc/rc6.d/K01spice-vdagent,1,Normal
2026-09-25,15:29:08,Note,,Note: Using real readlink binary to determine symlink on /etc/rc6.d/K01spice-vdagent,1,Normal
2026-09-25,15:29:08,Result,,Result: readlink shows /etc/init.d/spice-vdagent as output,1,Normal
2026-09-25,15:29:08,Result,,"Result: symlink found, pointing to file /etc/init.d/spice-vdagent",1,Normal
2026-09-25,15:29:08,Result,,"Result: good, file /etc/rc6.d/K01spice-vdagent not world writable",1,Normal
2026-09-25,15:29:08,Action,,Action: checking symlink for file /etc/rc6.d/K01sssd,1,Normal
2026-09-25,15:29:08,Note,,Note: Using real readlink binary to determine symlink on /etc/rc6.d/K01sssd,1,Normal
2026-09-25,15:29:08,Result,,Result: readlink shows /etc/init.d/sssd as output,1,Normal
2026-09-25,15:29:08,Result,,"Result: symlink found, pointing to file /etc/init.d/sssd",1,Normal
2026-09-25,15:29:08,Result,,"Result: good, file /etc/rc6.d/K01sssd not world writable",1,Normal
2026-09-25,15:29:08,Action,,Action: checking symlink for file /etc/rc6.d/K01unattended-upgrades,1,Normal
2026-09-25,15:29:08,Note,,Note: Using real readlink binary to determine symlink on /etc/rc6.d/K01unattended-upgrades,1,Normal
2026-09-25,15:29:08,Result,,Result: readlink shows /etc/init.d/unattended-upgrades as output,1,Normal
2026-09-25,15:29:08,Result,,"Result: symlink found, pointing to file /etc/init.d/unattended-upgrades",1,Normal
2026-09-25,15:29:08,Result,,"Result: good, file /etc/rc6.d/K01unattended-upgrades not world writable",1,Normal
2026-09-25,15:29:08,Action,,Action: checking symlink for file /etc/rc6.d/K01uuidd,1,Normal
2026-09-25,15:29:08,Note,,Note: Using real readlink binary to determine symlink on /etc/rc6.d/K01uuidd,1,Normal
2026-09-25,15:29:08,Result,,Result: readlink shows /etc/init.d/uuidd as output,1,Normal
2026-09-25,15:29:08,Result,,"Result: symlink found, pointing to file /etc/init.d/uuidd",1,Normal
2026-09-25,15:29:08,Result,,"Result: good, file /etc/rc6.d/K01uuidd not world writable",1,Normal
2026-09-25,15:29:08,General,,Hardening: assigned maximum number of hardening points for this item (3). Currently having 3 points (out of 14),1,Normal
2026-09-25,15:29:08,Section Divider,,====,1,Normal
2026-09-25,15:29:08,Test Execution,BOOT-5202,Performing test ID BOOT-5202 (Check uptime of system),1,Normal
2026-09-25,15:29:08,General,,Uptime (in seconds): 6442,1,Normal
2026-09-25,15:29:08,General,,Uptime (in days): 0,1,Normal
2026-09-25,15:29:08,Section Divider,,====,1,Normal
2026-09-25,15:29:08,Test Execution,BOOT-5260,Performing test ID BOOT-5260 (Check single user mode for systemd),1,Normal
2026-09-25,15:29:08,Test,,Test: Searching /usr/lib/systemd/system/rescue.service,1,Normal
2026-09-25,15:29:08,Result,,Result: file /usr/lib/systemd/system/rescue.service,1,Normal
2026-09-25,15:29:08,Test,,Test: checking presence sulogin for single user mode,1,Normal
2026-09-25,15:29:08,Result,,"Result: found sulogin, so single user is protected",1,Normal
2026-09-25,15:29:08,General,,Hardening: assigned maximum number of hardening points for this item (3). Currently having 6 points (out of 17),1,Normal
2026-09-25,15:29:08,Section Divider,,====,1,Normal
2026-09-25,15:29:08,General,,Skipped test BOOT-5262 (Check for OpenBSD boot daemons),1,Normal
2026-09-25,15:29:08,General,,Reason to skip: Incorrect guest OS (OpenBSD only),1,Normal
2026-09-25,15:29:08,Section Divider,,====,1,Normal
2026-09-25,15:29:08,General,,Skipped test BOOT-5263 (Check permissions for boot files/scripts),1,Normal
2026-09-25,15:29:08,General,,Reason to skip: Incorrect guest OS (OpenBSD only),1,Normal
2026-09-25,15:29:08,Section Divider,,====,1,Normal
2026-09-25,15:29:08,Test Execution,BOOT-5264,Performing test ID BOOT-5264 (Run systemd-analyze security),1,Normal
2026-09-25,15:29:08,Test,,Test: Run systemd-analyze security,1,Normal
2026-09-25,15:29:09,Result,,Result: ModemManager.service has exposure value 6.3 with predicate 'MEDIUM',1,Normal
2026-09-25,15:29:09,Result,,Result: NetworkManager.service has exposure value 7.8 with predicate 'EXPOSED',1,Normal
2026-09-25,15:29:09,Result,,Result: accounts-daemon.service has exposure value 5.5 with predicate 'MEDIUM',1,Normal
2026-09-25,15:29:09,Result,,Result: alsa-state.service has exposure value 9.6 with predicate 'UNSAFE',1,Normal
2026-09-25,15:29:09,Result,,Result: anacron.service has exposure value 9.6 with predicate 'UNSAFE',1,Normal
2026-09-25,15:29:09,Result,,Result: avahi-daemon.service has exposure value 9.6 with predicate 'UNSAFE',1,Normal
2026-09-25,15:29:09,Result,,Result: chrony.service has exposure value 3.7 with predicate 'PROTECTED',1,Normal
2026-09-25,15:29:09,Result,,Result: cloud-init-main.service has exposure value 9.5 with predicate 'UNSAFE',1,Normal
2026-09-25,15:29:09,Result,,Result: colord.service has exposure value 3.5 with predicate 'PROTECTED',1,Normal
2026-09-25,15:29:09,Result,,Result: cron.service has exposure value 9.6 with predicate 'UNSAFE',1,Normal
2026-09-25,15:29:09,Result,,Result: cups-browsed.service has exposure value 9.3 with predicate 'UNSAFE',1,Normal
2026-09-25,15:29:09,Result,,Result: cups.service has exposure value 9.6 with predicate 'UNSAFE',1,Normal
2026-09-25,15:29:09,Result,,Result: dbus.service has exposure value 9.2 with predicate 'UNSAFE',1,Normal
2026-09-25,15:29:09,Result,,Result: dmesg.service has exposure value 9.6 with predicate 'UNSAFE',1,Normal
2026-09-25,15:29:09,Result,,Result: emergency.service has exposure value 9.5 with predicate 'UNSAFE',1,Normal
2026-09-25,15:29:09,Result,,Result: fwupd.service has exposure value 4.5 with predicate 'PROTECTED',1,Normal
2026-09-25,15:29:09,Result,,Result: gdm.service has exposure value 9.8 with predicate 'UNSAFE',1,Normal
2026-09-25,15:29:09,Result,,Result: getty@tty1.service has exposure value 9.6 with predicate 'UNSAFE',1,Normal
2026-09-25,15:29:09,Result,,Result: lynis.service has exposure value 9.6 with predicate 'UNSAFE',1,Normal
2026-09-25,15:29:09,Result,,Result: networkd-dispatcher.service has exposure value 9.6 with predicate 'UNSAFE',1,Normal
2026-09-25,15:29:09,Result,,Result: packagekit.service has exposure value 9.6 with predicate 'UNSAFE',1,Normal
2026-09-25,15:29:09,Result,,Result: plymouth-start.service has exposure value 9.5 with predicate 'UNSAFE',1,Normal
2026-09-25,15:29:09,Result,,Result: polkit.service has exposure value 1.2 with predicate 'PROTECTED',1,Normal
2026-09-25,15:29:09,Result,,Result: power-profiles-daemon.service has exposure value 1.0 with predicate 'PROTECTED',1,Normal
2026-09-25,15:29:09,Result,,Result: rc-local.service has exposure value 9.6 with predicate 'UNSAFE',1,Normal
2026-09-25,15:29:09,Result,,Result: rescue.service has exposure value 9.5 with predicate 'UNSAFE',1,Normal
2026-09-25,15:29:09,Result,,Result: rsyslog.service has exposure value 6.3 with predicate 'MEDIUM',1,Normal
2026-09-25,15:29:09,Result,,Result: rtkit-daemon.service has exposure value 7.2 with predicate 'MEDIUM',1,Normal
2026-09-25,15:29:09,Result,,Result: snapd.service has exposure value 9.9 with predicate 'UNSAFE',1,Normal
2026-09-25,15:29:09,Result,,Result: sssd-autofs.service has exposure value 6.7 with predicate 'MEDIUM',1,Normal
2026-09-25,15:29:09,Result,,Result: sssd-nss.service has exposure value 6.7 with predicate 'MEDIUM',1,Normal
2026-09-25,15:29:09,Result,,Result: sssd-pac.service has exposure value 6.7 with predicate 'MEDIUM',1,Normal
2026-09-25,15:29:09,Result,,Result: sssd-pam.service has exposure value 6.9 with predicate 'MEDIUM',1,Normal
2026-09-25,15:29:09,Result,,Result: sssd-ssh.service has exposure value 6.7 with predicate 'MEDIUM',1,Normal
2026-09-25,15:29:09,Result,,Result: sssd-sudo.service has exposure value 6.7 with predicate 'MEDIUM',1,Normal
2026-09-25,15:29:09,Result,,Result: sssd.service has exposure value 7.1 with predicate 'MEDIUM',1,Normal
2026-09-25,15:29:09,Result,,Result: switcheroo-control.service has exposure value 7.6 with predicate 'EXPOSED',1,Normal
2026-09-25,15:29:09,Result,,Result: systemd-ask-password-console.service has exposure value 9.4 with predicate 'UNSAFE',1,Normal
2026-09-25,15:29:09,Result,,Result: systemd-ask-password-plymouth.service has exposure value 9.5 with predicate 'UNSAFE',1,Normal
2026-09-25,15:29:10,Result,,Result: systemd-ask-password-wall.service has exposure value 9.4 with predicate 'UNSAFE',1,Normal
2026-09-25,15:29:10,Result,,Result: systemd-bsod.service has exposure value 9.5 with predicate 'UNSAFE',1,Normal
2026-09-25,15:29:10,Result,,Result: systemd-hostnamed.service has exposure value 1.7 with predicate 'PROTECTED',1,Normal
2026-09-25,15:29:10,Result,,Result: systemd-journald.service has exposure value 4.9 with predicate 'PROTECTED',1,Normal
2026-09-25,15:29:10,Result,,Result: systemd-logind.service has exposure value 2.8 with predicate 'PROTECTED',1,Normal
2026-09-25,15:29:10,Result,,Result: systemd-networkd.service has exposure value 2.9 with predicate 'PROTECTED',1,Normal
2026-09-25,15:29:10,Result,,Result: systemd-oomd.service has exposure value 1.8 with predicate 'PROTECTED',1,Normal
2026-09-25,15:29:10,Result,,Result: systemd-resolved.service has exposure value 2.2 with predicate 'PROTECTED',1,Normal
2026-09-25,15:29:10,Result,,Result: systemd-rfkill.service has exposure value 9.4 with predicate 'UNSAFE',1,Normal
2026-09-25,15:29:10,Result,,Result: systemd-udevd.service has exposure value 7.1 with predicate 'MEDIUM',1,Normal
2026-09-25,15:29:10,Result,,Result: thermald.service has exposure value 9.6 with predicate 'UNSAFE',1,Normal
2026-09-25,15:29:10,Result,,Result: tpm-udev.service has exposure value 9.6 with predicate 'UNSAFE',1,Normal
2026-09-25,15:29:10,Result,,Result: ubuntu-advantage.service has exposure value 9.6 with predicate 'UNSAFE',1,Normal
2026-09-25,15:29:10,Result,,Result: udisks2.service has exposure value 9.6 with predicate 'UNSAFE',1,Normal
2026-09-25,15:29:10,Result,,Result: unattended-upgrades.service has exposure value 9.6 with predicate 'UNSAFE',1,Normal
2026-09-25,15:29:10,Result,,Result: upower.service has exposure value 2.4 with predicate 'PROTECTED',1,Normal
2026-09-25,15:29:10,Result,,Result: user@1000.service has exposure value 9.4 with predicate 'UNSAFE',1,Normal
2026-09-25,15:29:10,Result,,Result: uuidd.service has exposure value 5.8 with predicate 'MEDIUM',1,Normal
2026-09-25,15:29:10,Result,,Result: vboxadd-service.service has exposure value 9.6 with predicate 'UNSAFE',1,Normal
2026-09-25,15:29:10,Result,,Result: whoopsie.service has exposure value 9.6 with predicate 'UNSAFE',1,Normal
2026-09-25,15:29:10,Result,,Result: wpa_supplicant.service has exposure value 9.6 with predicate 'UNSAFE',1,Normal
2026-09-25,15:29:10,General,,Suggestion: Consider hardening system services [test:BOOT-5264] [details:Run '/usr/bin/systemd-analyze security SERVICE' for each service] [solution:-],1,Normal
2026-09-25,15:29:10,General,,Security check: file is normal,1,Normal
2026-09-25,15:29:10,Permission Check,,Checking permissions of /usr/share/lynis/include/tests_kernel,1,Normal
2026-09-25,15:29:10,General,,File permissions are OK,1,Normal
2026-09-25,15:29:10,Section Divider,,====,1,Normal
2026-09-25,15:29:10,Action,,Action: Performing tests from category: Kernel,1,Normal
2026-09-25,15:29:10,Section Divider,,====,1,Normal
2026-09-25,15:29:10,Test Execution,KRNL-5622,Performing test ID KRNL-5622 (Determine Linux default run level),1,Normal
2026-09-25,15:29:10,Test,,Test: Checking for systemd default.target,1,Normal
2026-09-25,15:29:10,Result,,Result: Found match on runlevel5/graphical,1,Normal
2026-09-25,15:29:10,Section Divider,,====,1,Normal
2026-09-25,15:29:10,Test Execution,KRNL-5677,Performing test ID KRNL-5677 (Check CPU options and support),1,Normal
2026-09-25,15:29:10,Test,,Test: Checking /proc/cpuinfo,1,Normal
2026-09-25,15:29:10,Result,,Result: found /proc/cpuinfo,1,Normal
2026-09-25,15:29:10,Test,,Test: Checking CPU options (XD/NX/PAE),1,Normal
2026-09-25,15:29:10,General,,PAE: Yes,1,Normal
2026-09-25,15:29:10,General,,NX: Yes,1,Normal
2026-09-25,15:29:10,Result,,Result: PAE or No eXecute option(s) both found,1,Normal
2026-09-25,15:29:10,Section Divider,,====,1,Normal
2026-09-25,15:29:10,Test Execution,KRNL-5695,Performing test ID KRNL-5695 (Determine Linux kernel version and release number),1,Normal
2026-09-25,15:29:10,Result,,Result: found kernel release 7.0.0-30-generic,1,Normal
2026-09-25,15:29:10,Result,,Result: found kernel version #30-Ubuntu SMP PREEMPT_DYNAMIC Fri Jul 31 18:22:54 UTC 2026,1,Normal
2026-09-25,15:29:10,Section Divider,,====,1,Normal
2026-09-25,15:29:10,Test Execution,KRNL-5723,Performing test ID KRNL-5723 (Determining if Linux kernel is monolithic),1,Normal
2026-09-25,15:29:10,Test,,Test: checking if kernel is monolithic or modular,1,Normal
2026-09-25,15:29:10,Result,,Result: Found modular kernel,1,Normal
2026-09-25,15:29:10,Section Divider,,====,1,Normal
2026-09-25,15:29:10,Test Execution,KRNL-5726,Performing test ID KRNL-5726 (Checking Linux loaded kernel modules),1,Normal
2026-09-25,15:29:10,General,,Loaded modules according lsmod:,1,Normal
2026-09-25,15:29:10,General,,Loaded module: ac97_bus,1,Normal
2026-09-25,15:29:10,General,,Loaded module: aesni_intel,1,Normal
2026-09-25,15:29:10,General,,Loaded module: ahci,1,Normal
2026-09-25,15:29:10,General,,Loaded module: autofs4,1,Normal
2026-09-25,15:29:10,General,,Loaded module: binfmt_misc,1,Normal
2026-09-25,15:29:10,General,,Loaded module: dmi_sysfs,1,Normal
2026-09-25,15:29:10,General,,Loaded module: drm_ttm_helper,1,Normal
2026-09-25,15:29:10,General,,Loaded module: e1000,1,Normal
2026-09-25,15:29:10,General,,Loaded module: efi_pstore,1,Normal
2026-09-25,15:29:10,General,,Loaded module: ghash_clmulni_intel,1,Normal
2026-09-25,15:29:10,General,,Loaded module: hid,1,Normal
2026-09-25,15:29:10,General,,Loaded module: hid_generic,1,Normal
2026-09-25,15:29:10,General,,Loaded module: i2c_piix4,1,Normal
2026-09-25,15:29:10,General,,Loaded module: i2c_smbus,1,Normal
2026-09-25,15:29:10,General,,Loaded module: input_leds,1,Normal
2026-09-25,15:29:10,General,,Loaded module: intel_pmc_core,1,Normal
2026-09-25,15:29:10,General,,Loaded module: intel_pmc_ssram_telemetry,1,Normal
2026-09-25,15:29:10,General,,Loaded module: intel_rapl_common,1,Normal
2026-09-25,15:29:10,General,,Loaded module: intel_rapl_msr,1,Normal
2026-09-25,15:29:10,General,,Loaded module: intel_uncore_frequency_common,1,Normal
2026-09-25,15:29:10,General,,Loaded module: intel_vsec,1,Normal
2026-09-25,15:29:10,General,,Loaded module: joydev,1,Normal
2026-09-25,15:29:10,General,,Loaded module: libahci,1,Normal
2026-09-25,15:29:10,General,,Loaded module: lp,1,Normal
2026-09-25,15:29:10,General,,Loaded module: mac_hid,1,Normal
2026-09-25,15:29:10,General,,Loaded module: msr,1,Normal
2026-09-25,15:29:10,General,,Loaded module: parport,1,Normal
2026-09-25,15:29:10,General,,Loaded module: pata_acpi,1,Normal
2026-09-25,15:29:10,General,,Loaded module: pmt_class,1,Normal
2026-09-25,15:29:10,General,,Loaded module: pmt_discovery,1,Normal
2026-09-25,15:29:10,General,,Loaded module: pmt_telemetry,1,Normal
2026-09-25,15:29:10,General,,Loaded module: ppdev,1,Normal
2026-09-25,15:29:10,General,,Loaded module: psmouse,1,Normal
2026-09-25,15:29:10,General,,Loaded module: qrtr,1,Normal
2026-09-25,15:29:10,General,,Loaded module: rapl,1,Normal
2026-09-25,15:29:10,General,,Loaded module: sch_fq_codel,1,Normal
2026-09-25,15:29:10,General,,Loaded module: serio_raw,1,Normal
2026-09-25,15:29:11,General,,Loaded module: snd,1,Normal
2026-09-25,15:29:11,General,,Loaded module: snd_ac97_codec,1,Normal
2026-09-25,15:29:11,General,,Loaded module: snd_hrtimer,1,Normal
2026-09-25,15:29:11,General,,Loaded module: snd_intel8x0,1,Normal
2026-09-25,15:29:11,General,,Loaded module: snd_pcm,1,Normal
2026-09-25,15:29:11,General,,Loaded module: snd_rawmidi,1,Normal
2026-09-25,15:29:11,General,,Loaded module: snd_seq,1,Normal
2026-09-25,15:29:11,General,,Loaded module: snd_seq_device,1,Normal
2026-09-25,15:29:11,General,,Loaded module: snd_seq_dummy,1,Normal
2026-09-25,15:29:11,General,,Loaded module: snd_seq_midi,1,Normal
2026-09-25,15:29:11,General,,Loaded module: snd_seq_midi_event,1,Normal
2026-09-25,15:29:11,General,,Loaded module: snd_timer,1,Normal
2026-09-25,15:29:11,General,,Loaded module: soundcore,1,Normal
2026-09-25,15:29:11,General,,Loaded module: ttm,1,Normal
2026-09-25,15:29:11,General,,Loaded module: usbhid,1,Normal
2026-09-25,15:29:11,General,,Loaded module: vboxguest,1,Normal
2026-09-25,15:29:11,General,,Loaded module: vga16fb,1,Normal
2026-09-25,15:29:11,General,,Loaded module: vgastate,1,Normal
2026-09-25,15:29:11,General,,Loaded module: video,1,Normal
2026-09-25,15:29:11,General,,Loaded module: vmwgfx,1,Normal
2026-09-25,15:29:11,General,,Loaded module: wmi,1,Normal
2026-09-25,15:29:11,Section Divider,,====,1,Normal
2026-09-25,15:29:11,Test Execution,KRNL-5728,Performing test ID KRNL-5728 (Checking Linux kernel config),1,Normal
2026-09-25,15:29:11,Result,,Result: found config (/boot/config-7.0.0-30-generic),1,Normal
2026-09-25,15:29:11,Section Divider,,====,1,Normal
2026-09-25,15:29:11,Test Execution,KRNL-5730,Performing test ID KRNL-5730 (Checking disk I/O kernel scheduler),1,Normal
2026-09-25,15:29:11,Test,,Test: Checking the default I/O kernel scheduler,1,Normal
2026-09-25,15:29:11,Result,,Result: no default I/O kernel scheduler found,1,Normal
2026-09-25,15:29:11,Section Divider,,====,1,Normal
2026-09-25,15:29:11,General,,Skipped test KRNL-5745 (Checking FreeBSD loaded kernel modules),1,Normal
2026-09-25,15:29:11,General,,Reason to skip: Incorrect guest OS (FreeBSD only),1,Normal
2026-09-25,15:29:11,Section Divider,,====,1,Normal
2026-09-25,15:29:11,General,,Skipped test KRNL-5831 (Checking DragonFly loaded kernel modules),1,Normal
2026-09-25,15:29:11,General,,Reason to skip: Incorrect guest OS (DragonFly only),1,Normal
2026-09-25,15:29:11,Section Divider,,====,1,Normal
2026-09-25,15:29:11,General,,Skipped test KRNL-5770 (Checking active kernel modules),1,Normal
2026-09-25,15:29:11,General,,Reason to skip: Incorrect guest OS (Solaris only),1,Normal
2026-09-25,15:29:11,Section Divider,,====,1,Normal
2026-09-25,15:29:11,Test Execution,KRNL-5788,Performing test ID KRNL-5788 (Checking availability new Linux kernel),1,Normal
2026-09-25,15:29:11,Test,,"Test: Searching apt-cache, to determine if a newer kernel is available",1,Normal
2026-09-25,15:29:11,Result,,Result: found /usr/bin/apt-cache,1,Normal
2026-09-25,15:29:11,Test,,Test: checking presence of /vmlinuz or /boot/vmlinuz,1,Normal
2026-09-25,15:29:11,Result,,Result: found /boot/vmlinuz,1,Normal
2026-09-25,15:29:11,Test,,Test: checking readlink location of /boot/vmlinuz,1,Normal
2026-09-25,15:29:11,General,,Output: readlink reported file /boot/vmlinuz-7.0.0-30-generic,1,Normal
2026-09-25,15:29:11,Test,,Test: checking relevant package using output from dpkg -S,1,Normal
2026-09-25,15:29:11,General,,Output: dpkg -S reported package linux-image-7.0.0-30-generic,1,Normal
2026-09-25,15:29:11,Result,,Result: found kernel 'linux-image-7.0.0-30-generic' which will be used for further testing,1,Normal
2026-09-25,15:29:11,Test,,Test: Using apt-cache policy to determine if there is an update available,1,Normal
2026-09-25,15:29:11,General,,Kernel installed: 7.0.0-30.30,1,Normal
2026-09-25,15:29:11,General,,Kernel candidate: 7.0.0-30.30,1,Normal
2026-09-25,15:29:11,Result,,Result: no kernel update available,1,Normal
2026-09-25,15:29:11,Section Divider,,====,1,Normal
2026-09-25,15:29:11,Test Execution,KRNL-5820,Performing test ID KRNL-5820 (Checking core dumps configuration),1,Normal
2026-09-25,15:29:11,Test,,Test: Checking presence of systemd,1,Normal
2026-09-25,15:29:11,Result,,Result: systemd is present on this system,1,Normal
2026-09-25,15:29:11,Test,,Test: Checking if core dumps are disabled in /etc/systemd/coredump.conf and /etc/systemd/coredump.conf.d/*.conf,1,Normal
2026-09-25,15:29:11,Result,,Result: core dumps are not disabled in systemd configuration. Didn't find settings 'ProcessSizeMax=0' and 'Storage=none',1,Normal
2026-09-25,15:29:11,General,,Hardening: assigned partial number of hardening points (0 of 1). Currently having 6 points (out of 18),1,Normal
2026-09-25,15:29:11,Test,,Test: Checking presence /etc/profile,1,Normal
2026-09-25,15:29:11,Test,,Test: Checking if 'ulimit -c 0' exists in /etc/profile or /etc/profile.d/*.sh,1,Normal
2026-09-25,15:29:12,Result,,Result: core dumps are not disabled in /etc/profile or /etc/profile.d/*.sh config files. Didn't find setting 'ulimit -c 0',1,Normal
2026-09-25,15:29:12,General,,Hardening: assigned partial number of hardening points (0 of 1). Currently having 6 points (out of 19),1,Normal
2026-09-25,15:29:12,Test,,Test: Checking presence /etc/security/limits.conf,1,Normal
2026-09-25,15:29:12,Result,,Result: file /etc/security/limits.conf exists,1,Normal
2026-09-25,15:29:12,Test,,Test: Checking if core dumps are disabled in /etc/security/limits.conf and /etc/security/limits.d/*,1,Normal
2026-09-25,15:29:12,Result,,Result: core dumps are disabled for 'soft' ('hard'=ENABLED),1,Normal
2026-09-25,15:29:12,General,,Hardening: assigned partial number of hardening points (2 of 3). Currently having 8 points (out of 22),1,Normal
2026-09-25,15:29:12,Test,,Test: Checking presence /usr/etc/security/limits.conf,1,Normal
2026-09-25,15:29:12,Result,,"Result: file /usr/etc/security/limits.conf does not exist, skipping test for this file",1,Normal
2026-09-25,15:29:12,Test,,Test: Checking sysctl value of fs.suid_dumpable,1,Normal
2026-09-25,15:29:12,Result,,Result: value 2 found,1,Normal
2026-09-25,15:29:12,Result,,"Result: programs can dump core dump, but only readable by root (value 2, for debugging with file protection)",1,Normal
2026-09-25,15:29:12,General,,Hardening: assigned maximum number of hardening points for this item (1). Currently having 9 points (out of 23),1,Normal
2026-09-25,15:29:12,Section Divider,,====,1,Normal
2026-09-25,15:29:12,Test Execution,KRNL-5830,Performing test ID KRNL-5830 (Checking if system is running on the latest installed kernel),1,Normal
2026-09-25,15:29:12,Test,,Test: Checking presence /var/run/reboot-required.pkgs,1,Normal
2026-09-25,15:29:12,Result,,Result: file /var/run/reboot-required.pkgs not found,1,Normal
2026-09-25,15:29:12,Test,,Test: Checking presence /var/run/needs_restarting,1,Normal
2026-09-25,15:29:12,Result,,Result: file /var/run/needs_restarting not found,1,Normal
2026-09-25,15:29:12,Result,,"Result: /boot exists, performing more tests from here",1,Normal
2026-09-25,15:29:12,Result,,Result: found /boot/vmlinuz,1,Normal
2026-09-25,15:29:12,Result,,"Result: found a symlink, retrieving destination",1,Normal
2026-09-25,15:29:12,Result,,Result: destination file is vmlinuz-7.0.0-30-generic,1,Normal
2026-09-25,15:29:12,Result,,Result: version derived from file name is '7.0.0-30-generic',1,Normal
2026-09-25,15:29:12,Result,,Result: found version 7.0.0-30-generic,1,Normal
2026-09-25,15:29:12,Result,,Result: active kernel version 7.0.0-30-generic,1,Normal
2026-09-25,15:29:12,Result,,"Result: no reboot needed, active kernel is the same version as the one on disk",1,Normal
2026-09-25,15:29:12,Result,,Result: /var/cache/apt/archives/ does not exist,1,Normal
2026-09-25,15:29:12,General,,Hardening: assigned maximum number of hardening points for this item (5). Currently having 14 points (out of 28),1,Normal
2026-09-25,15:29:12,General,,Security check: file is normal,1,Normal
2026-09-25,15:29:12,Permission Check,,Checking permissions of /usr/share/lynis/include/tests_memory_processes,1,Normal
2026-09-25,15:29:12,General,,File permissions are OK,1,Normal
2026-09-25,15:29:12,Section Divider,,====,1,Normal
2026-09-25,15:29:12,Action,,Action: Performing tests from category: Memory and Processes,1,Normal
2026-09-25,15:29:12,Section Divider,,====,1,Normal
2026-09-25,15:29:12,Test Execution,PROC-3602,Performing test ID PROC-3602 (Checking /proc/meminfo for memory details),1,Normal
2026-09-25,15:29:12,Result,,Result: found /proc/meminfo,1,Normal
2026-09-25,15:29:12,Result,,Result: Found 7602280 kB memory,1,Normal
2026-09-25,15:29:12,Section Divider,,====,1,Normal
2026-09-25,15:29:12,General,,Skipped test PROC-3604 (Query prtconf for memory details),1,Normal
2026-09-25,15:29:12,General,,Reason to skip: Incorrect guest OS (Solaris only),1,Normal
2026-09-25,15:29:12,Section Divider,,====,1,Normal
2026-09-25,15:29:12,Test Execution,PROC-3612,Performing test ID PROC-3612 (Check dead or zombie processes),1,Normal
2026-09-25,15:29:12,Result,,Result: no zombie processes found,1,Normal
2026-09-25,15:29:12,Section Divider,,====,1,Normal
2026-09-25,15:29:12,Test Execution,PROC-3614,Performing test ID PROC-3614 (Check heavy IO waiting based processes),1,Normal
2026-09-25,15:29:12,Result,,Result: No processes were waiting for IO requests to be handled first,1,Normal
2026-09-25,15:29:12,Section Divider,,====,1,Normal
2026-09-25,15:29:12,Test Execution,PROC-3802,Performing test ID PROC-3802 (Check presence of prelink tooling),-1,Anomalía
2026-09-25,15:29:12,Result,,Result: prelink package is NOT installed,1,Normal
2026-09-25,15:29:12,General,,Hardening: assigned maximum number of hardening points for this item (3). Currently having 17 points (out of 31),1,Normal
2026-09-25,15:29:12,General,,Security check: file is normal,1,Normal
2026-09-25,15:29:12,Permission Check,,Checking permissions of /usr/share/lynis/include/tests_authentication,1,Normal
2026-09-25,15:29:13,General,,File permissions are OK,1,Normal
2026-09-25,15:29:13,Section Divider,,====,1,Normal
2026-09-25,15:29:13,Action,,"Action: Performing tests from category: Users, Groups and Authentication",1,Normal
2026-09-25,15:29:13,Section Divider,,====,1,Normal
2026-09-25,15:29:13,Test Execution,AUTH-9204,Performing test ID AUTH-9204 (Check users with an UID of zero),1,Normal
2026-09-25,15:29:13,Test,,Test: Searching accounts with UID 0,1,Normal
2026-09-25,15:29:13,Result,,Result: No accounts found with UID 0 other than root.,1,Normal
2026-09-25,15:29:13,Section Divider,,====,1,Normal
2026-09-25,15:29:13,Test Execution,AUTH-9208,Performing test ID AUTH-9208 (Check non-unique accounts in passwd file),1,Normal
2026-09-25,15:29:13,Test,,Test: Checking for non-unique accounts,1,Normal
2026-09-25,15:29:13,Result,,Result: all accounts found in /etc/passwd are unique,1,Normal
2026-09-25,15:29:13,General,,Remarks: Non unique UIDs can be a risk for the system or part of a configuration mistake,1,Normal
2026-09-25,15:29:13,General,,Prerequisite test: /usr/sbin/chkgrp,1,Normal
2026-09-25,15:29:13,Section Divider,,====,1,Normal
2026-09-25,15:29:13,General,,Skipped test AUTH-9212 (Test group file),1,Normal
2026-09-25,15:29:13,General,,"Reason to skip: Prerequisites not met (ie missing tool, other type of Linux distribution)",-1,Anomalía
2026-09-25,15:29:13,Section Divider,,====,1,Normal
2026-09-25,15:29:13,Test Execution,AUTH-9216,Performing test ID AUTH-9216 (Check group and shadow group files),1,Normal
2026-09-25,15:29:13,Test,,Test: Checking for grpck binary output,1,Normal
2026-09-25,15:29:13,Result,,Result: grpck binary didn't find any errors in the group files,1,Normal
2026-09-25,15:29:13,Section Divider,,====,1,Normal
2026-09-25,15:29:13,General,,Skipped test AUTH-9218 (Check login shells for passwordless accounts),1,Normal
2026-09-25,15:29:13,General,,Reason to skip: Incorrect guest OS (DragonFly FreeBSD NetBSD OpenBSD only),1,Normal
2026-09-25,15:29:13,Section Divider,,====,1,Normal
2026-09-25,15:29:13,Test Execution,AUTH-9222,Performing test ID AUTH-9222 (Check unique groups (IDs)),1,Normal
2026-09-25,15:29:13,Test,,Test: Checking for non unique group ID's in /etc/group,1,Normal
2026-09-25,15:29:13,Result,,Result: All group ID's are unique,1,Normal
2026-09-25,15:29:13,Section Divider,,====,1,Normal
2026-09-25,15:29:13,Test Execution,AUTH-9226,Performing test ID AUTH-9226 (Check unique group names),1,Normal
2026-09-25,15:29:13,Test,,Test: Checking for non unique group names in /etc/group,1,Normal
2026-09-25,15:29:13,Result,,Result: All group names are unique,1,Normal
2026-09-25,15:29:13,Section Divider,,====,1,Normal
2026-09-25,15:29:13,Test Execution,AUTH-9228,Performing test ID AUTH-9228 (Check password file consistency with pwck),1,Normal
2026-09-25,15:29:13,Test,,Test: Checking password file consistency (pwck),1,Normal
2026-09-25,15:29:13,Result,,Result: pwck check didn't find any problems,1,Normal
2026-09-25,15:29:13,General,,Hardening: assigned maximum number of hardening points for this item (2). Currently having 19 points (out of 33),1,Normal
2026-09-25,15:29:13,Section Divider,,====,1,Normal
2026-09-25,15:29:13,Test Execution,AUTH-9229,Performing test ID AUTH-9229 (Check password hashing methods),1,Normal
2026-09-25,15:29:13,Test,,Test: Checking password hashing methods,1,Normal
2026-09-25,15:29:13,Result,,Result: poor password hashing methods found: sha256crypt/sha512crypt(default=5000rounds),1,Normal
2026-09-25,15:29:13,General,,"Suggestion: Check PAM configuration, add rounds if applicable and expire passwords to encrypt with new values [test:AUTH-9229] [details:-] [solution:-]",1,Normal
2026-09-25,15:29:13,General,,Hardening: assigned partial number of hardening points (0 of 2). Currently having 19 points (out of 35),1,Normal
2026-09-25,15:29:13,Section Divider,,====,1,Normal
2026-09-25,15:29:13,Test Execution,AUTH-9230,Performing test ID AUTH-9230 (Check password hashing rounds),1,Normal
2026-09-25,15:29:13,Test,,"Test: Checking SHA_CRYPT_{MIN,MAX}_ROUNDS option in /etc/login.defs",1,Normal
2026-09-25,15:29:13,Result,,Result: number of password hashing rounds is not configured,1,Normal
2026-09-25,15:29:13,General,,Suggestion: Configure password hashing rounds in /etc/login.defs [test:AUTH-9230] [details:-] [solution:-],1,Normal
2026-09-25,15:29:13,General,,Hardening: assigned partial number of hardening points (0 of 2). Currently having 19 points (out of 37),1,Normal
2026-09-25,15:29:13,Section Divider,,====,1,Normal
2026-09-25,15:29:13,Test Execution,AUTH-9234,Performing test ID AUTH-9234 (Query user accounts),1,Normal
2026-09-25,15:29:13,Test,,Test: Read system users (including root user) from password database (e.g. /etc/passwd),1,Normal
2026-09-25,15:29:13,Result,,Result: found minimal user id specified: 1000,1,Normal
2026-09-25,15:29:13,General,,"Linux real users output (ID = 0, or 1000+, but not 65534):",1,Normal
2026-09-25,15:29:13,General,,"Real user: root,0",1,Normal
2026-09-25,15:29:13,General,,"Real user: kevin,1000",1,Normal
2026-09-25,15:29:13,Section Divider,,====,1,Normal
2026-09-25,15:29:13,Test Execution,AUTH-9240,Performing test ID AUTH-9240 (Query NIS+ authentication support),1,Normal
2026-09-25,15:29:13,Result,,Result: NIS+ authentication not enabled,1,Normal
2026-09-25,15:29:14,Section Divider,,====,1,Normal
2026-09-25,15:29:14,Test Execution,AUTH-9242,Performing test ID AUTH-9242 (Query NIS authentication support),1,Normal
2026-09-25,15:29:14,Result,,Result: NIS authentication not enabled,1,Normal
2026-09-25,15:29:14,Section Divider,,====,1,Normal
2026-09-25,15:29:14,Test Execution,AUTH-9250,Performing test ID AUTH-9250 (Checking sudoers file),1,Normal
2026-09-25,15:29:14,Test,,Test: checking presence /etc/sudoers,1,Normal
2026-09-25,15:29:14,Result,,Result: found file (/etc/sudoers),1,Normal
2026-09-25,15:29:14,Test,,Test: checking presence /usr/local/etc/sudoers,1,Normal
2026-09-25,15:29:14,Result,,Result: file /usr/local/etc/sudoers not found,1,Normal
2026-09-25,15:29:14,Test,,Test: checking presence /usr/pkg/etc/sudoers,1,Normal
2026-09-25,15:29:14,Result,,Result: file /usr/pkg/etc/sudoers not found,1,Normal
2026-09-25,15:29:14,Result,,Result: sudoers file found (/etc/sudoers),1,Normal
2026-09-25,15:29:14,Section Divider,,====,1,Normal
2026-09-25,15:29:14,Test Execution,AUTH-9252,Performing test ID AUTH-9252 (Check ownership and permissions for sudo configuration files),1,Normal
2026-09-25,15:29:14,Test,,Test: checking drop-in directory (/etc/sudoers.d),1,Normal
2026-09-25,15:29:14,Result,,Result: Found directory permissions: rwxr-xr-x and owner UID GID: 00,1,Normal
2026-09-25,15:29:14,Result,,Result: directory /etc/sudoers.d has possibly unsafe permissions,1,Normal
2026-09-25,15:29:14,Result,,Result: directory /etc/sudoers.d ownership OK,1,Normal
2026-09-25,15:29:14,Test,,Test: checking file (/etc/sudoers),1,Normal
2026-09-25,15:29:14,Result,,Result: Found file permissions: r--r----- and owner UID GID: 00,1,Normal
2026-09-25,15:29:14,Result,,Result: file /etc/sudoers permissions OK,1,Normal
2026-09-25,15:29:14,Result,,Result: file /etc/sudoers ownership OK,1,Normal
2026-09-25,15:29:14,Test,,Test: checking file (/etc/sudoers.d/README),1,Normal
2026-09-25,15:29:14,Result,,Result: Found file permissions: r--r----- and owner UID GID: 00,1,Normal
2026-09-25,15:29:14,Result,,Result: file /etc/sudoers.d/README permissions OK,1,Normal
2026-09-25,15:29:14,Result,,Result: file /etc/sudoers.d/README ownership OK,1,Normal
2026-09-25,15:29:14,Section Divider,,====,1,Normal
2026-09-25,15:29:14,General,,Skipped test AUTH-9254 (Solaris passwordless accounts),1,Normal
2026-09-25,15:29:14,General,,Reason to skip: Incorrect guest OS (Solaris only),1,Normal
2026-09-25,15:29:14,Section Divider,,====,1,Normal
2026-09-25,15:29:14,Test Execution,AUTH-9262,Performing test ID AUTH-9262 (Checking presence password strength testing tools (PAM)),-1,Anomalía
2026-09-25,15:29:14,General,,"Searching PAM password testing modules (cracklib, passwdqc, pwquality)",1,Normal
2026-09-25,15:29:14,Result,,Result: found pam_pwquality.so (password quality control PAM) in /lib/x86_64-linux-gnu/security,1,Normal
2026-09-25,15:29:14,Result,,Result: pam_cracklib.so NOT found (crack library PAM),1,Normal
2026-09-25,15:29:14,Result,,Result: pam_passwdqc.so NOT found (passwd quality control PAM),1,Normal
2026-09-25,15:29:14,Result,,Result: pam_pwquality.so found,1,Normal
2026-09-25,15:29:14,Result,,Result: found at least one PAM module for password strength testing,1,Normal
2026-09-25,15:29:14,General,,Hardening: assigned maximum number of hardening points for this item (3). Currently having 22 points (out of 40),1,Normal
2026-09-25,15:29:14,Section Divider,,====,1,Normal
2026-09-25,15:29:14,Test Execution,AUTH-9264,Performing test ID AUTH-9264 (Checking presence pam.conf),-1,Anomalía
2026-09-25,15:29:14,Test,,Test: Checking file /etc/pam.conf,1,Normal
2026-09-25,15:29:14,Result,,Result: file /etc/pam.conf exists,1,Normal
2026-09-25,15:29:14,Test,,Test: searching PAM configuration files,1,Normal
2026-09-25,15:29:14,Result,,"Result: File has no configuration options defined (empty, or only filled with comments and empty lines)",1,Normal
2026-09-25,15:29:14,Section Divider,,====,1,Normal
2026-09-25,15:29:14,Test Execution,AUTH-9266,Performing test ID AUTH-9266 (Checking presence pam.d files),-1,Anomalía
2026-09-25,15:29:14,Test,,Test: Checking directory /etc/pam.d,1,Normal
2026-09-25,15:29:14,Result,,Result: directory /etc/pam.d exists,1,Normal
2026-09-25,15:29:14,Test,,Test: searching PAM configuration files,1,Normal
2026-09-25,15:29:14,General,,Found file: /etc/pam.d/chfn,1,Normal
2026-09-25,15:29:14,General,,Found file: /etc/pam.d/chpasswd,1,Normal
2026-09-25,15:29:14,General,,Found file: /etc/pam.d/chsh,1,Normal
2026-09-25,15:29:14,General,,Found file: /etc/pam.d/common-account,1,Normal
2026-09-25,15:29:14,General,,Found file: /etc/pam.d/common-auth,1,Normal
2026-09-25,15:29:14,General,,Found file: /etc/pam.d/common-password,1,Normal
2026-09-25,15:29:14,General,,Found file: /etc/pam.d/common-session,1,Normal
2026-09-25,15:29:14,General,,Found file: /etc/pam.d/common-session-noninteractive,1,Normal
2026-09-25,15:29:14,General,,Found file: /etc/pam.d/cron,1,Normal
2026-09-25,15:29:14,General,,Found file: /etc/pam.d/cups,1,Normal
2026-09-25,15:29:14,General,,Found file: /etc/pam.d/gdm-autologin,1,Normal
2026-09-25,15:29:14,General,,Found file: /etc/pam.d/gdm-fingerprint,1,Normal
2026-09-25,15:29:14,General,,Found file: /etc/pam.d/gdm-launch-environment,1,Normal
2026-09-25,15:29:14,General,,Found file: /etc/pam.d/gdm-password,1,Normal
2026-09-25,15:29:14,General,,Found file: /etc/pam.d/gdm-smartcard,1,Normal
2026-09-25,15:29:14,General,,Found file: /etc/pam.d/gdm-smartcard-pkcs11-exclusive,1,Normal
2026-09-25,15:29:14,General,,Found file: /etc/pam.d/gdm-smartcard-sssd-exclusive,1,Normal
2026-09-25,15:29:14,General,,Found file: /etc/pam.d/gdm-smartcard-sssd-or-password,1,Normal
2026-09-25,15:29:14,General,,Found file: /etc/pam.d/login,1,Normal
2026-09-25,15:29:14,General,,Found file: /etc/pam.d/newusers,1,Normal
2026-09-25,15:29:14,General,,Found file: /etc/pam.d/other,1,Normal
2026-09-25,15:29:14,General,,Found file: /etc/pam.d/passwd,1,Normal
2026-09-25,15:29:14,General,,Found file: /etc/pam.d/ppp,1,Normal
2026-09-25,15:29:14,General,,Found file: /etc/pam.d/remote,1,Normal
2026-09-25,15:29:14,General,,Found file: /etc/pam.d/runuser,1,Normal
2026-09-25,15:29:14,General,,Found file: /etc/pam.d/runuser-l,1,Normal
2026-09-25,15:29:14,General,,Found file: /etc/pam.d/sssd-shadowutils,1,Normal
2026-09-25,15:29:15,General,,Found file: /etc/pam.d/su,1,Normal
2026-09-25,15:29:15,General,,Found file: /etc/pam.d/su-l,1,Normal
2026-09-25,15:29:15,General,,Found file: /etc/pam.d/sudo,1,Normal
2026-09-25,15:29:15,General,,Found file: /etc/pam.d/sudo-i,1,Normal
2026-09-25,15:29:15,Section Divider,,====,1,Normal
2026-09-25,15:29:15,Test Execution,AUTH-9268,Performing test ID AUTH-9268 (Checking presence pam.d files),-1,Anomalía
2026-09-25,15:29:15,Test,,Test: Searching pam modules,1,Normal
2026-09-25,15:29:15,Test,,Test: Checking /usr/lib/aarch64-linux-gnu/security,1,Normal
2026-09-25,15:29:15,Result,,Result: directory /usr/lib/aarch64-linux-gnu/security could not be found or is a symlink to another directory,1,Normal
2026-09-25,15:29:15,Test,,Test: Checking /lib/arm-linux-gnueabihf/security,1,Normal
2026-09-25,15:29:15,Result,,Result: directory /lib/arm-linux-gnueabihf/security could not be found or is a symlink to another directory,1,Normal
2026-09-25,15:29:15,Test,,Test: Checking /lib/i386-linux-gnu/security,1,Normal
2026-09-25,15:29:15,Result,,Result: directory /lib/i386-linux-gnu/security could not be found or is a symlink to another directory,1,Normal
2026-09-25,15:29:15,Test,,Test: Checking /lib/security,1,Normal
2026-09-25,15:29:15,Result,,Result: directory /lib/security could not be found or is a symlink to another directory,1,Normal
2026-09-25,15:29:15,Test,,Test: Checking /lib/x86_64-linux-gnu/security,1,Normal
2026-09-25,15:29:15,Result,,Result: directory /lib/x86_64-linux-gnu/security exists,1,Normal
2026-09-25,15:29:15,General,,Found file: /lib/x86_64-linux-gnu/security/pam_access.so,1,Normal
2026-09-25,15:29:15,General,,Found file: /lib/x86_64-linux-gnu/security/pam_canonicalize_user.so,1,Normal
2026-09-25,15:29:15,General,,Found file: /lib/x86_64-linux-gnu/security/pam_cap.so,1,Normal
2026-09-25,15:29:15,General,,Found file: /lib/x86_64-linux-gnu/security/pam_debug.so,1,Normal
2026-09-25,15:29:15,General,,Found file: /lib/x86_64-linux-gnu/security/pam_deny.so,1,Normal
2026-09-25,15:29:15,General,,Found file: /lib/x86_64-linux-gnu/security/pam_echo.so,1,Normal
2026-09-25,15:29:15,General,,Found file: /lib/x86_64-linux-gnu/security/pam_env.so,1,Normal
2026-09-25,15:29:15,General,,Found file: /lib/x86_64-linux-gnu/security/pam_exec.so,1,Normal
2026-09-25,15:29:15,General,,Found file: /lib/x86_64-linux-gnu/security/pam_extrausers.so,1,Normal
2026-09-25,15:29:15,General,,Found file: /lib/x86_64-linux-gnu/security/pam_faildelay.so,1,Normal
2026-09-25,15:29:15,General,,Found file: /lib/x86_64-linux-gnu/security/pam_faillock.so,1,Normal
2026-09-25,15:29:15,General,,Found file: /lib/x86_64-linux-gnu/security/pam_filter.so,1,Normal
2026-09-25,15:29:15,General,,Found file: /lib/x86_64-linux-gnu/security/pam_fprintd.so,1,Normal
2026-09-25,15:29:15,General,,Found file: /lib/x86_64-linux-gnu/security/pam_ftp.so,1,Normal
2026-09-25,15:29:15,General,,Found file: /lib/x86_64-linux-gnu/security/pam_gdm.so,1,Normal
2026-09-25,15:29:15,General,,Found file: /lib/x86_64-linux-gnu/security/pam_gnome_keyring.so,1,Normal
2026-09-25,15:29:15,General,,Found file: /lib/x86_64-linux-gnu/security/pam_group.so,1,Normal
2026-09-25,15:29:15,General,,Found file: /lib/x86_64-linux-gnu/security/pam_issue.so,1,Normal
2026-09-25,15:29:15,General,,Found file: /lib/x86_64-linux-gnu/security/pam_keyinit.so,1,Normal
2026-09-25,15:29:15,General,,Found file: /lib/x86_64-linux-gnu/security/pam_limits.so,1,Normal
2026-09-25,15:29:15,General,,Found file: /lib/x86_64-linux-gnu/security/pam_listfile.so,1,Normal
2026-09-25,15:29:15,General,,Found file: /lib/x86_64-linux-gnu/security/pam_localuser.so,1,Normal
2026-09-25,15:29:15,General,,Found file: /lib/x86_64-linux-gnu/security/pam_loginuid.so,1,Normal
2026-09-25,15:29:15,General,,Found file: /lib/x86_64-linux-gnu/security/pam_mail.so,1,Normal
2026-09-25,15:29:15,General,,Found file: /lib/x86_64-linux-gnu/security/pam_mkhomedir.so,1,Normal
2026-09-25,15:29:15,General,,Found file: /lib/x86_64-linux-gnu/security/pam_motd.so,1,Normal
2026-09-25,15:29:15,General,,Found file: /lib/x86_64-linux-gnu/security/pam_namespace.so,1,Normal
2026-09-25,15:29:15,General,,Found file: /lib/x86_64-linux-gnu/security/pam_nologin.so,1,Normal
2026-09-25,15:29:15,General,,Found file: /lib/x86_64-linux-gnu/security/pam_permit.so,1,Normal
2026-09-25,15:29:15,General,,Found file: /lib/x86_64-linux-gnu/security/pam_pwhistory.so,1,Normal
2026-09-25,15:29:15,General,,Found file: /lib/x86_64-linux-gnu/security/pam_pwquality.so,1,Normal
2026-09-25,15:29:15,General,,Found file: /lib/x86_64-linux-gnu/security/pam_rhosts.so,1,Normal
2026-09-25,15:29:15,General,,Found file: /lib/x86_64-linux-gnu/security/pam_rootok.so,1,Normal
2026-09-25,15:29:15,General,,Found file: /lib/x86_64-linux-gnu/security/pam_securetty.so,1,Normal
2026-09-25,15:29:15,General,,Found file: /lib/x86_64-linux-gnu/security/pam_selinux.so,1,Normal
2026-09-25,15:29:15,General,,Found file: /lib/x86_64-linux-gnu/security/pam_sepermit.so,1,Normal
2026-09-25,15:29:15,General,,Found file: /lib/x86_64-linux-gnu/security/pam_setquota.so,1,Normal
2026-09-25,15:29:15,General,,Found file: /lib/x86_64-linux-gnu/security/pam_shells.so,1,Normal
2026-09-25,15:29:15,General,,Found file: /lib/x86_64-linux-gnu/security/pam_sss.so,1,Normal
2026-09-25,15:29:15,General,,Found file: /lib/x86_64-linux-gnu/security/pam_sss_gss.so,1,Normal
2026-09-25,15:29:15,General,,Found file: /lib/x86_64-linux-gnu/security/pam_stress.so,1,Normal
2026-09-25,15:29:15,General,,Found file: /lib/x86_64-linux-gnu/security/pam_succeed_if.so,1,Normal
2026-09-25,15:29:15,General,,Found file: /lib/x86_64-linux-gnu/security/pam_systemd.so,1,Normal
2026-09-25,15:29:15,General,,Found file: /lib/x86_64-linux-gnu/security/pam_systemd_loadkey.so,1,Normal
2026-09-25,15:29:15,General,,Found file: /lib/x86_64-linux-gnu/security/pam_time.so,1,Normal
2026-09-25,15:29:15,General,,Found file: /lib/x86_64-linux-gnu/security/pam_timestamp.so,1,Normal
2026-09-25,15:29:15,General,,Found file: /lib/x86_64-linux-gnu/security/pam_tty_audit.so,1,Normal
2026-09-25,15:29:15,General,,Found file: /lib/x86_64-linux-gnu/security/pam_umask.so,1,Normal
2026-09-25,15:29:15,General,,Found file: /lib/x86_64-linux-gnu/security/pam_unix.so,1,Normal
2026-09-25,15:29:15,General,,Found file: /lib/x86_64-linux-gnu/security/pam_userdb.so,1,Normal
2026-09-25,15:29:15,General,,Found file: /lib/x86_64-linux-gnu/security/pam_usertype.so,1,Normal
2026-09-25,15:29:15,General,,Found file: /lib/x86_64-linux-gnu/security/pam_warn.so,1,Normal
2026-09-25,15:29:15,General,,Found file: /lib/x86_64-linux-gnu/security/pam_wheel.so,1,Normal
2026-09-25,15:29:15,General,,Found file: /lib/x86_64-linux-gnu/security/pam_xauth.so,1,Normal
2026-09-25,15:29:15,Test,,Test: Checking /lib/powerpc64le-linux-gnu/security,1,Normal
2026-09-25,15:29:15,Result,,Result: directory /lib/powerpc64le-linux-gnu/security could not be found or is a symlink to another directory,1,Normal
2026-09-25,15:29:15,Test,,Test: Checking /lib64/security,1,Normal
2026-09-25,15:29:15,Result,,Result: directory /lib64/security could not be found or is a symlink to another directory,1,Normal
2026-09-25,15:29:15,Test,,Test: Checking /usr/lib,1,Normal
2026-09-25,15:29:15,Result,,Result: directory /usr/lib exists,1,Normal
2026-09-25,15:29:15,Test,,Test: Checking /usr/lib/security,1,Normal
2026-09-25,15:29:15,Result,,Result: directory /usr/lib/security could not be found or is a symlink to another directory,1,Normal
2026-09-25,15:29:15,Section Divider,,====,1,Normal
2026-09-25,15:29:15,Test Execution,AUTH-9278,Performing test ID AUTH-9278 (Determine LDAP support in PAM files),1,Normal
2026-09-25,15:29:15,Test,,Test: checking presence /etc/pam.d/common-auth,1,Normal
2026-09-25,15:29:15,Result,,Result: file /etc/pam.d/common-auth exists,1,Normal
2026-09-25,15:29:15,Test,,Test: checking presence LDAP module,1,Normal
2026-09-25,15:29:15,Result,,Result: LDAP module not found,1,Normal
2026-09-25,15:29:15,Test,,Test: checking presence /etc/pam.d/system-auth,1,Normal
2026-09-25,15:29:15,Result,,"Result: file /etc/pam.d/system-auth not found, skipping test",1,Normal
2026-09-25,15:29:15,Section Divider,,====,1,Normal
2026-09-25,15:29:15,Test Execution,AUTH-9282,Performing test ID AUTH-9282 (Checking password protected account without expire date),1,Normal
2026-09-25,15:29:15,Test,,Test: Checking Linux version and password expire date status,1,Normal
2026-09-25,15:29:15,Result,,Result: found one or more accounts without expire date set,1,Normal
2026-09-25,15:29:15,General,,Account without expire date: kevin,1,Normal
2026-09-25,15:29:15,General,,Suggestion: When possible set expire dates for all password protected accounts [test:AUTH-9282] [details:-] [solution:-],1,Normal
2026-09-25,15:29:15,Section Divider,,====,1,Normal
2026-09-25,15:29:16,Test Execution,AUTH-9283,Performing test ID AUTH-9283 (Checking accounts without password),1,Normal
2026-09-25,15:29:16,Test,,Test: Checking passwordless accounts,1,Normal
2026-09-25,15:29:16,Result,,Result: all accounts seem to have a password,1,Normal
2026-09-25,15:29:16,Section Divider,,====,1,Normal
2026-09-25,15:29:16,Test Execution,AUTH-9284,Performing test ID AUTH-9284 (Check locked user accounts in /etc/passwd),1,Normal
2026-09-25,15:29:16,Test,,Test: Checking locked accounts,1,Normal
2026-09-25,15:29:16,Result,,Result: all accounts seem to be unlocked,1,Normal
2026-09-25,15:29:16,Section Divider,,====,1,Normal
2026-09-25,15:29:16,Test Execution,AUTH-9286,Performing test ID AUTH-9286 (Checking user password aging),1,Normal
2026-09-25,15:29:16,Test,,Test: Checking PASS_MIN_DAYS option in /etc/login.defs,1,Normal
2026-09-25,15:29:16,Result,,Result: password minimum age is not configured,1,Normal
2026-09-25,15:29:16,General,,Suggestion: Configure minimum password age in /etc/login.defs [test:AUTH-9286] [details:-] [solution:-],1,Normal
2026-09-25,15:29:16,General,,Hardening: assigned partial number of hardening points (0 of 1). Currently having 22 points (out of 41),1,Normal
2026-09-25,15:29:16,Test,,Test: Checking PASS_MAX_DAYS option in /etc/login.defs,1,Normal
2026-09-25,15:29:16,Result,,Result: password aging limits are not configured,1,Normal
2026-09-25,15:29:16,General,,Suggestion: Configure maximum password age in /etc/login.defs [test:AUTH-9286] [details:-] [solution:-],1,Normal
2026-09-25,15:29:16,General,,Hardening: assigned partial number of hardening points (0 of 1). Currently having 22 points (out of 42),1,Normal
2026-09-25,15:29:16,Section Divider,,====,1,Normal
2026-09-25,15:29:16,Test Execution,AUTH-9288,Performing test ID AUTH-9288 (Checking for expired passwords),1,Normal
2026-09-25,15:29:16,Test,,Test: check if we can access /etc/shadow (escaped: /etc/shadow),1,Normal
2026-09-25,15:29:16,Result,,"Result: file is owned by our current user ID (0), checking if it is readable",-1,Anomalía
2026-09-25,15:29:16,Result,,Result: file /etc/shadow is readable (or directory accessible).,1,Normal
2026-09-25,15:29:16,General,,Data: Days since epoch is 20721,1,Normal
2026-09-25,15:29:16,Test,,Test: collecting accounts which have an expired password (last day changed + maximum change time),1,Normal
2026-09-25,15:29:16,Result,,"Result: good, no passwords have been expired",1,Normal
2026-09-25,15:29:16,General,,Hardening: assigned maximum number of hardening points for this item (10). Currently having 32 points (out of 52),1,Normal
2026-09-25,15:29:16,Section Divider,,====,1,Normal
2026-09-25,15:29:16,General,,Skipped test AUTH-9304 (Check single user login configuration),1,Normal
2026-09-25,15:29:16,General,,Reason to skip: Incorrect guest OS (Solaris only),1,Normal
2026-09-25,15:29:16,Section Divider,,====,1,Normal
2026-09-25,15:29:16,General,,Skipped test AUTH-9306 (Check single boot authentication),1,Normal
2026-09-25,15:29:16,General,,Reason to skip: Incorrect guest OS (HP-UX only),1,Normal
2026-09-25,15:29:16,Section Divider,,====,1,Normal
2026-09-25,15:29:16,Test Execution,AUTH-9308,Performing test ID AUTH-9308 (Check single user login configuration),1,Normal
2026-09-25,15:29:16,Test,,Test: going to check several systemd targets now,1,Normal
2026-09-25,15:29:16,Test,,Test: checking if target console-shell.service is available (/lib/systemd/system/console-shell.service),1,Normal
2026-09-25,15:29:16,Result,,Result: target console-shell.service not found,1,Normal
2026-09-25,15:29:16,Test,,Test: checking if target emergency.service is available (/lib/systemd/system/emergency.service),1,Normal
2026-09-25,15:29:16,Result,,Result: found target emergency.service,1,Normal
2026-09-25,15:29:16,Result,,"Result: sulogin was found, which is a good measure to protect single user mode",1,Normal
2026-09-25,15:29:16,Test,,Test: checking if target rescue.service is available (/lib/systemd/system/rescue.service),1,Normal
2026-09-25,15:29:16,Result,,Result: found target rescue.service,1,Normal
2026-09-25,15:29:16,Result,,"Result: sulogin was found, which is a good measure to protect single user mode",1,Normal
2026-09-25,15:29:16,Result,,"Result: option set, password is needed at single user mode boot",1,Normal
2026-09-25,15:29:16,General,,Hardening: assigned maximum number of hardening points for this item (2). Currently having 34 points (out of 54),1,Normal
2026-09-25,15:29:16,Section Divider,,====,1,Normal
2026-09-25,15:29:16,Test Execution,AUTH-9328,Performing test ID AUTH-9328 (Default umask values),1,Normal
2026-09-25,15:29:16,Test,,Test: Checking /etc/profile.d directory,1,Normal
2026-09-25,15:29:16,Result,,"Result: found /etc/profile.d, with one or more files in it",1,Normal
2026-09-25,15:29:17,Test,,Test: Checking /etc/profile,1,Normal
2026-09-25,15:29:17,Result,,Result: file /etc/profile exists,1,Normal
2026-09-25,15:29:17,Test,,Test: Checking umask value in /etc/profile,1,Normal
2026-09-25,15:29:17,Result,,Result: did not find umask in /etc/profile,1,Normal
2026-09-25,15:29:17,Result,,Result: found no umask. Please check if this is correct,1,Normal
2026-09-25,15:29:17,Test,,Test: Checking umask entries in /etc/passwd (pam_umask),1,Normal
2026-09-25,15:29:17,Result,,Result: file /etc/passwd exists,1,Normal
2026-09-25,15:29:17,Test,,Test: Checking umask value in /etc/passwd,1,Normal
2026-09-25,15:29:17,General,,Manual: one or more manual actions are required for further testing of this control/plugin,1,Normal
2026-09-25,15:29:17,Test,,Test: Checking /etc/login.defs,1,Normal
2026-09-25,15:29:17,Result,,Result: file /etc/login.defs exists,1,Normal
2026-09-25,15:29:17,Test,,Test: Checking umask value in /etc/login.defs,1,Normal
2026-09-25,15:29:17,Result,,Result: umask value is not configured (most likely it will have the default 022 value),1,Normal
2026-09-25,15:29:17,General,,"Suggestion: Default umask in /etc/login.defs could not be found and defaults usually to 022, which could be more strict like 027 [test:AUTH-9328] [details:-] [solution:-]",1,Normal
2026-09-25,15:29:17,General,,Hardening: assigned partial number of hardening points (1 of 2). Currently having 35 points (out of 56),1,Normal
2026-09-25,15:29:17,Test,,Test: Checking /etc/init.d/functions,1,Normal
2026-09-25,15:29:17,Result,,Result: file /etc/init.d/functions does not exist,1,Normal
2026-09-25,15:29:17,Test,,Test: Checking /etc/init.d/rc,1,Normal
2026-09-25,15:29:17,Result,,Result: file /etc/init.d/rc does not exist,1,Normal
2026-09-25,15:29:17,Test,,Test: Checking /etc/init.d/rcS,1,Normal
2026-09-25,15:29:17,Result,,Result: file /etc/init.d/rcS does not exist,1,Normal
2026-09-25,15:29:17,Section Divider,,====,1,Normal
2026-09-25,15:29:17,General,,Skipped test AUTH-9340 (Solaris account locking),1,Normal
2026-09-25,15:29:17,General,,Reason to skip: Incorrect guest OS (Solaris only),1,Normal
2026-09-25,15:29:17,Section Divider,,====,1,Normal
2026-09-25,15:29:17,Test Execution,AUTH-9402,Performing test ID AUTH-9402 (Query LDAP authentication support),1,Normal
2026-09-25,15:29:17,Result,,Result: LDAP authentication not enabled,1,Normal
2026-09-25,15:29:17,Section Divider,,====,1,Normal
2026-09-25,15:29:17,General,,Skipped test AUTH-9406 (Query LDAP servers in client configuration),1,Normal
2026-09-25,15:29:17,General,,"Reason to skip: Prerequisites not met (ie missing tool, other type of Linux distribution)",-1,Anomalía
2026-09-25,15:29:17,Section Divider,,====,1,Normal
2026-09-25,15:29:17,Test Execution,AUTH-9408,Performing test ID AUTH-9408 (Logging of failed login attempts),1,Normal
2026-09-25,15:29:17,Result,,Result: did not find /var/run/faillock directory or /var/log/tallylog file on disk or its file size is zero bytes,1,Normal
2026-09-25,15:29:17,Result,,Result: found pam_faillock module on disk,1,Normal
2026-09-25,15:29:17,General,,Outcome: it looks like pam_faillock or pam_tally2 is not configured to log failed login attempts,1,Normal
2026-09-25,15:29:17,Test,,Test: Checking FAILLOG_ENAB option in /etc/login.defs,1,Normal
2026-09-25,15:29:17,Result,,Result: failed login attempts may not logged,1,Normal
2026-09-25,15:29:17,General,,Hardening: assigned partial number of hardening points (0 of 1). Currently having 35 points (out of 57),1,Normal
2026-09-25,15:29:17,Section Divider,,====,1,Normal
2026-09-25,15:29:17,General,,Skipped test AUTH-9409 (Checking /etc/doas.conf file),1,Normal
2026-09-25,15:29:17,General,,Reason to skip: Incorrect guest OS (OpenBSD only),1,Normal
2026-09-25,15:29:17,Section Divider,,====,1,Normal
2026-09-25,15:29:17,General,,Skipped test AUTH-9410 (Check /etc/doas.conf file permissions),1,Normal
2026-09-25,15:29:17,General,,Reason to skip: Incorrect guest OS (OpenBSD only),1,Normal
2026-09-25,15:29:17,General,,Security check: file is normal,1,Normal
2026-09-25,15:29:17,Permission Check,,Checking permissions of /usr/share/lynis/include/tests_kerberos,1,Normal
2026-09-25,15:29:17,General,,File permissions are OK,1,Normal
2026-09-25,15:29:18,Section Divider,,====,1,Normal
2026-09-25,15:29:18,Action,,Action: Performing tests from category: Kerberos,1,Normal
2026-09-25,15:29:18,Section Divider,,====,1,Normal
2026-09-25,15:29:18,Test Execution,KRB-1000,Performing test ID KRB-1000 (Check for Kerberos KDC tools),1,Normal
2026-09-25,15:29:18,Section Divider,,====,1,Normal
2026-09-25,15:29:18,General,,Skipped test KRB-1010 (Check that Kerberos principals have passwords that expire),1,Normal
2026-09-25,15:29:18,General,,"Reason to skip: Prerequisites not met (ie missing tool, other type of Linux distribution)",-1,Anomalía
2026-09-25,15:29:18,Section Divider,,====,1,Normal
2026-09-25,15:29:18,General,,Skipped test KRB-1020 (Check last password change for Kerberos principals),1,Normal
2026-09-25,15:29:18,General,,"Reason to skip: Prerequisites not met (ie missing tool, other type of Linux distribution)",-1,Anomalía
2026-09-25,15:29:18,Section Divider,,====,1,Normal
2026-09-25,15:29:18,General,,Skipped test KRB5-1030 (Check that Kerberos principals have a policy associated to them),1,Normal
2026-09-25,15:29:18,General,,"Reason to skip: Prerequisites not met (ie missing tool, other type of Linux distribution)",-1,Anomalía
2026-09-25,15:29:18,Section Divider,,====,1,Normal
2026-09-25,15:29:18,General,,Skipped test KRB5-1040 (Check various attributes for Kerberos principals),1,Normal
2026-09-25,15:29:18,General,,"Reason to skip: Prerequisites not met (ie missing tool, other type of Linux distribution)",-1,Anomalía
2026-09-25,15:29:18,Section Divider,,====,1,Normal
2026-09-25,15:29:18,General,,Skipped test KRB-1050 (Check for weak crypto),1,Normal
2026-09-25,15:29:18,General,,"Reason to skip: Prerequisites not met (ie missing tool, other type of Linux distribution)",-1,Anomalía
2026-09-25,15:29:18,General,,Security check: file is normal,1,Normal
2026-09-25,15:29:18,Permission Check,,Checking permissions of /usr/share/lynis/include/tests_shells,1,Normal
2026-09-25,15:29:18,General,,File permissions are OK,1,Normal
2026-09-25,15:29:18,Section Divider,,====,1,Normal
2026-09-25,15:29:18,Action,,Action: Performing tests from category: Shells,1,Normal
2026-09-25,15:29:18,Section Divider,,====,1,Normal
2026-09-25,15:29:18,General,,Skipped test SHLL-6202 (Check console TTYs),1,Normal
2026-09-25,15:29:18,General,,Reason to skip: Incorrect guest OS (FreeBSD only),1,Normal
2026-09-25,15:29:18,Section Divider,,====,1,Normal
2026-09-25,15:29:18,Test Execution,SHLL-6211,Performing test ID SHLL-6211 (Available and valid shells),1,Normal
2026-09-25,15:29:18,Test,,Test: Searching for /etc/shells,1,Normal
2026-09-25,15:29:18,Result,,Result: Found /etc/shells file,1,Normal
2026-09-25,15:29:18,Test,,Test: Reading available shells from /etc/shells,1,Normal
2026-09-25,15:29:18,General,,Found installed shell: /bin/sh,1,Normal
2026-09-25,15:29:18,General,,Found installed shell: /usr/bin/sh,1,Normal
2026-09-25,15:29:18,General,,Found installed shell: /bin/bash,1,Normal
2026-09-25,15:29:18,General,,Found installed shell: /usr/bin/bash,1,Normal
2026-09-25,15:29:18,General,,Found installed shell: /bin/rbash,1,Normal
2026-09-25,15:29:18,General,,Found installed shell: /usr/bin/rbash,1,Normal
2026-09-25,15:29:18,General,,Found installed shell: /usr/bin/dash,1,Normal
2026-09-25,15:29:18,General,,Found installed shell: /usr/bin/screen,1,Normal
2026-09-25,15:29:18,Section Divider,,====,1,Normal
2026-09-25,15:29:18,Test Execution,SHLL-6220,Performing test ID SHLL-6220 (Idle session killing tools or settings),1,Normal
2026-09-25,15:29:18,Test,,Test: Search for session timeout tools or settings in shell,1,Normal
2026-09-25,15:29:18,General,,Performing pgrep scan without uid,1,Normal
2026-09-25,15:29:18,General,,IsRunning: process 'timeoutd' not found,1,Normal
2026-09-25,15:29:18,General,,Performing pgrep scan without uid,1,Normal
2026-09-25,15:29:18,General,,IsRunning: process 'autolog' not found,1,Normal
2026-09-25,15:29:18,Result,,Result: could not find TMOUT setting in /etc/profile,1,Normal
2026-09-25,15:29:18,Result,,"Result: could not find export, readonly or typeset -r in /etc/profile",1,Normal
2026-09-25,15:29:18,Result,,Result: could not find TMOUT setting in /etc/profile.d/*.sh,1,Normal
2026-09-25,15:29:18,Result,,"Result: could not find export, readonly or typeset -r in /etc/profile",1,Normal
2026-09-25,15:29:18,General,,Hardening: assigned partial number of hardening points (1 of 3). Currently having 36 points (out of 60),1,Normal
2026-09-25,15:29:18,Section Divider,,====,1,Normal
2026-09-25,15:29:19,Test Execution,SHLL-6230,Performing test ID SHLL-6230 (Perform umask check for shell configurations),1,Normal
2026-09-25,15:29:19,Result,,Result: file /etc/bashrc not found,1,Normal
2026-09-25,15:29:19,Result,,Result: file /etc/bash.bashrc exists,1,Normal
2026-09-25,15:29:19,Result,,Result: did not find umask configured in /etc/bash.bashrc,1,Normal
2026-09-25,15:29:19,Result,,Result: file /etc/bash.bashrc.local not found,1,Normal
2026-09-25,15:29:19,Result,,Result: file /etc/csh.cshrc not found,1,Normal
2026-09-25,15:29:19,Result,,Result: file /etc/profile exists,1,Normal
2026-09-25,15:29:19,Result,,Result: did not find umask configured in /etc/profile,1,Normal
2026-09-25,15:29:19,General,,Security check: file is normal,1,Normal
2026-09-25,15:29:19,Permission Check,,Checking permissions of /usr/share/lynis/include/tests_filesystems,1,Normal
2026-09-25,15:29:19,General,,File permissions are OK,1,Normal
2026-09-25,15:29:19,Section Divider,,====,1,Normal
2026-09-25,15:29:19,Action,,Action: Performing tests from category: File systems,1,Normal
2026-09-25,15:29:19,Section Divider,,====,1,Normal
2026-09-25,15:29:19,Test Execution,FILE-6310,"Performing test ID FILE-6310 (Checking /tmp, /home and /var directory)",1,Normal
2026-09-25,15:29:19,Test,,Test: Checking if /home is mounted separately or mounted on / file system,1,Normal
2026-09-25,15:29:19,Result,,Result: directory /home exists,1,Normal
2026-09-25,15:29:19,Result,,Result: /home not found in mount list. Directory most likely stored on / file system,1,Normal
2026-09-25,15:29:19,General,,"Suggestion: To decrease the impact of a full /home file system, place /home on a separate partition [test:FILE-6310] [details:-] [solution:-]",1,Normal
2026-09-25,15:29:19,General,,Hardening: assigned partial number of hardening points (9 of 10). Currently having 45 points (out of 70),1,Normal
2026-09-25,15:29:19,Test,,Test: Checking if /tmp is mounted separately or mounted on / file system,1,Normal
2026-09-25,15:29:19,Result,,Result: directory /tmp exists,1,Normal
2026-09-25,15:29:19,Result,,Result: found /tmp as a separated mount point,1,Normal
2026-09-25,15:29:19,General,,Hardening: assigned maximum number of hardening points for this item (10). Currently having 55 points (out of 80),1,Normal
2026-09-25,15:29:19,Test,,Test: Checking if /var is mounted separately or mounted on / file system,1,Normal
2026-09-25,15:29:19,Result,,Result: directory /var exists,1,Normal
2026-09-25,15:29:19,Result,,Result: /var not found in mount list. Directory most likely stored on / file system,1,Normal
2026-09-25,15:29:19,General,,"Suggestion: To decrease the impact of a full /var file system, place /var on a separate partition [test:FILE-6310] [details:-] [solution:-]",1,Normal
2026-09-25,15:29:19,General,,Hardening: assigned partial number of hardening points (9 of 10). Currently having 64 points (out of 90),1,Normal
2026-09-25,15:29:19,Section Divider,,====,1,Normal
2026-09-25,15:29:19,General,,Skipped test FILE-6311 (Checking LVM volume groups),1,Normal
2026-09-25,15:29:19,General,,"Reason to skip: Prerequisites not met (ie missing tool, other type of Linux distribution)",-1,Anomalía
2026-09-25,15:29:19,Section Divider,,====,1,Normal
2026-09-25,15:29:19,General,,Skipped test FILE-6312 (Checking LVM volumes),1,Normal
2026-09-25,15:29:19,General,,"Reason to skip: Prerequisites not met (ie missing tool, other type of Linux distribution)",-1,Anomalía
2026-09-25,15:29:19,Section Divider,,====,1,Normal
2026-09-25,15:29:19,Test Execution,FILE-6323,Performing test ID FILE-6323 (Checking EXT file systems),1,Normal
2026-09-25,15:29:19,Test,,Test: Checking for Linux EXT file systems,1,Normal
2026-09-25,15:29:19,Result,,Result: found one or more EXT file systems,1,Normal
2026-09-25,15:29:19,General,,File system: / (type: ext4),1,Normal
2026-09-25,15:29:19,Section Divider,,====,1,Normal
2026-09-25,15:29:19,Test Execution,FILE-6324,Performing test ID FILE-6324 (Checking XFS file systems),1,Normal
2026-09-25,15:29:19,Test,,Test: Checking for Linux XFS file systems,1,Normal
2026-09-25,15:29:19,Result,,Result: no XFS file systems found,1,Normal
2026-09-25,15:29:19,Section Divider,,====,1,Normal
2026-09-25,15:29:19,Test Execution,FILE-6329,Performing test ID FILE-6329 (Checking FFS/UFS file systems),1,Normal
2026-09-25,15:29:19,Test,,Test: Query /etc/fstab for available FFS/UFS mount points,1,Normal
2026-09-25,15:29:19,Result,,Result: unable to find any single mount point (FFS/UFS),1,Normal
2026-09-25,15:29:19,Section Divider,,====,1,Normal
2026-09-25,15:29:19,General,,Skipped test FILE-6330 (Checking ZFS file systems),1,Normal
2026-09-25,15:29:19,General,,Reason to skip: Incorrect guest OS (FreeBSD only),1,Normal
2026-09-25,15:29:19,Section Divider,,====,1,Normal
2026-09-25,15:29:19,General,,Skipped test FILE-6439 (Checking HAMMER PFS mounts),1,Normal
2026-09-25,15:29:19,General,,Reason to skip: Incorrect guest OS (DragonFly only),1,Normal
2026-09-25,15:29:19,Section Divider,,====,1,Normal
2026-09-25,15:29:19,Test Execution,FILE-6332,Performing test ID FILE-6332 (Checking swap partitions),1,Normal
2026-09-25,15:29:19,Test,,Test: query swap partitions from /etc/fstab file,1,Normal
2026-09-25,15:29:19,Result,,Result: no swap partitions found in /etc/fstab,1,Normal
2026-09-25,15:29:19,Section Divider,,====,1,Normal
2026-09-25,15:29:19,Test Execution,FILE-6336,Performing test ID FILE-6336 (Checking swap mount options),1,Normal
2026-09-25,15:29:19,Test,,Test: check swap partitions with incorrect mount options,1,Normal
2026-09-25,15:29:19,Result,,Result: all swap partitions have correct options (sw or swap),1,Normal
2026-09-25,15:29:19,Section Divider,,====,1,Normal
2026-09-25,15:29:19,Test Execution,FILE-6344,Performing test ID FILE-6344 (Checking proc mount options),1,Normal
2026-09-25,15:29:19,Test,,Test: check proc mount with incorrect mount options,1,Normal
2026-09-25,15:29:19,General,,Hardening: assigned partial number of hardening points (0 of 3). Currently having 64 points (out of 93),1,Normal
2026-09-25,15:29:20,Result,,Result: /proc filesystem is not mounted with option hidepid=1 or hidepid=2,1,Normal
2026-09-25,15:29:20,Section Divider,,====,1,Normal
2026-09-25,15:29:20,Test Execution,FILE-6354,Performing test ID FILE-6354 (Searching for old files in /tmp),1,Normal
2026-09-25,15:29:20,Test,,Test: Searching for old files in /tmp,1,Normal
2026-09-25,15:29:20,Result,,Result: no files found in /tmp which are older than 3 months,1,Normal
2026-09-25,15:29:20,Section Divider,,====,1,Normal
2026-09-25,15:29:20,Test Execution,FILE-6362,Performing test ID FILE-6362 (Checking /tmp sticky bit),1,Normal
2026-09-25,15:29:20,Result,,Result: sticky bit found on /tmp directory,1,Normal
2026-09-25,15:29:20,General,,Hardening: assigned maximum number of hardening points for this item (3). Currently having 67 points (out of 96),1,Normal
2026-09-25,15:29:20,Section Divider,,====,1,Normal
2026-09-25,15:29:20,Test Execution,FILE-6363,Performing test ID FILE-6363 (Checking /var/tmp sticky bit),1,Normal
2026-09-25,15:29:20,Result,,Result: sticky bit found on /var/tmp directory,1,Normal
2026-09-25,15:29:20,General,,Hardening: assigned maximum number of hardening points for this item (3). Currently having 70 points (out of 99),1,Normal
2026-09-25,15:29:20,Section Divider,,====,1,Normal
2026-09-25,15:29:20,Test Execution,FILE-6368,Performing test ID FILE-6368 (Checking ACL support on root file system),1,Normal
2026-09-25,15:29:20,Test,,Test: Checking acl option on ext[2-4] root file system,1,Normal
2026-09-25,15:29:20,Result,,Result: mount point probably mounted with defaults,1,Normal
2026-09-25,15:29:20,Test,,Test: Checking device which holds root file system,1,Normal
2026-09-25,15:29:20,Result,,Result: found /dev/sda2,1,Normal
2026-09-25,15:29:20,Test,,Test: Checking default options on /dev/sda2,1,Normal
2026-09-25,15:29:20,Result,,Result: found ACL option in default mount options,1,Normal
2026-09-25,15:29:20,Test,,Test: Checking acl option on xfs root file system,1,Normal
2026-09-25,15:29:20,Result,,Result: ACL option enabled on root file system,1,Normal
2026-09-25,15:29:20,General,,Hardening: assigned maximum number of hardening points for this item (3). Currently having 73 points (out of 102),1,Normal
2026-09-25,15:29:20,Section Divider,,====,1,Normal
2026-09-25,15:29:20,Test Execution,FILE-6372,Performing test ID FILE-6372 (Checking / mount options),1,Normal
2026-09-25,15:29:20,Result,,Result: mount system / is configured with options: defaults,1,Normal
2026-09-25,15:29:20,Section Divider,,====,1,Normal
2026-09-25,15:29:20,Test Execution,FILE-6374,Performing test ID FILE-6374 (Linux mount options),1,Normal
2026-09-25,15:29:20,Result,,Result: file system /boot not found in /etc/fstab,1,Normal
2026-09-25,15:29:20,General,,File system:    /dev,1,Normal
2026-09-25,15:29:20,General,,Expected flags: noexec nosuid,1,Normal
2026-09-25,15:29:20,General,,Found flags:    (rw nosuid size=2714668k nr_inodes=678667 mode=755 inode64),1,Normal
2026-09-25,15:29:20,Result,,Result: Could not find mount option noexec on file system /dev,1,Normal
2026-09-25,15:29:20,Result,,"Result: GOOD, found mount option nosuid on file system /dev",1,Normal
2026-09-25,15:29:20,Result,,Result: marked /dev as partially hardened,1,Normal
2026-09-25,15:29:20,General,,Hardening: assigned partial number of hardening points (4 of 5). Currently having 77 points (out of 107),1,Normal
2026-09-25,15:29:20,General,,File system:    /dev/shm,1,Normal
2026-09-25,15:29:20,General,,Expected flags: nosuid nodev noexec,1,Normal
2026-09-25,15:29:20,General,,Found flags:    (rw nosuid nodev inode64 usrquota),1,Normal
2026-09-25,15:29:20,Result,,"Result: GOOD, found mount option nosuid on file system /dev/shm",1,Normal
2026-09-25,15:29:20,Result,,"Result: GOOD, found mount option nodev on file system /dev/shm",1,Normal
2026-09-25,15:29:20,Result,,Result: Could not find mount option noexec on file system /dev/shm,1,Normal
2026-09-25,15:29:20,Result,,Result: marked /dev/shm as partially hardened,1,Normal
2026-09-25,15:29:20,General,,Hardening: assigned partial number of hardening points (4 of 5). Currently having 81 points (out of 112),1,Normal
2026-09-25,15:29:20,Result,,Result: file system /home not found in /etc/fstab,1,Normal
2026-09-25,15:29:20,General,,File system:    /run,1,Normal
2026-09-25,15:29:20,General,,Expected flags: nodev nosuid,1,Normal
2026-09-25,15:29:20,General,,Found flags:    (rw nosuid nodev size=1520456k nr_inodes=819200 mode=755 inode64),1,Normal
2026-09-25,15:29:20,Result,,"Result: GOOD, found mount option nodev on file system /run",1,Normal
2026-09-25,15:29:20,Result,,"Result: GOOD, found mount option nosuid on file system /run",1,Normal
2026-09-25,15:29:20,Result,,Result: marked /run as fully hardened,1,Normal
2026-09-25,15:29:20,General,,Hardening: assigned maximum number of hardening points for this item (5). Currently having 86 points (out of 117),1,Normal
2026-09-25,15:29:20,General,,File system:    /tmp,1,Normal
2026-09-25,15:29:20,General,,Expected flags: nodev noexec nosuid,1,Normal
2026-09-25,15:29:20,General,,Found flags:    (rw nosuid nodev nr_inodes=1048576 inode64 usrquota),1,Normal
2026-09-25,15:29:20,Result,,"Result: GOOD, found mount option nodev on file system /tmp",1,Normal
2026-09-25,15:29:21,Result,,Result: Could not find mount option noexec on file system /tmp,1,Normal
2026-09-25,15:29:21,Result,,"Result: GOOD, found mount option nosuid on file system /tmp",1,Normal
2026-09-25,15:29:21,Result,,Result: marked /tmp as partially hardened,1,Normal
2026-09-25,15:29:21,General,,Hardening: assigned partial number of hardening points (4 of 5). Currently having 90 points (out of 122),1,Normal
2026-09-25,15:29:21,Result,,Result: file system /var not found in /etc/fstab,1,Normal
2026-09-25,15:29:21,Result,,Result: file system /var/log not found in /etc/fstab,1,Normal
2026-09-25,15:29:21,Result,,Result: file system /var/log/audit not found in /etc/fstab,1,Normal
2026-09-25,15:29:21,Result,,Result: file system /var/tmp not found in /etc/fstab,1,Normal
2026-09-25,15:29:21,Result,,"Result: Total without nodev:8 noexec:33 nosuid:24 ro or noexec (W^X): 15, of total 48",1,Normal
2026-09-25,15:29:21,Section Divider,,====,1,Normal
2026-09-25,15:29:21,Test Execution,FILE-6376,Performing test ID FILE-6376 (Determine if /var/tmp is bound to /tmp),1,Normal
2026-09-25,15:29:21,Result,,Result: no mount point /var/tmp or expected options found,1,Normal
2026-09-25,15:29:21,Section Divider,,====,1,Normal
2026-09-25,15:29:21,Test Execution,FILE-6394,Performing test ID FILE-6394 (Determine level of swappiness.),1,Normal
2026-09-25,15:29:21,Test,,Test: checking level of vm.swappiness: 60,1,Normal
2026-09-25,15:29:21,Result,,Result: vm.swappiness=60 which is the standard level of swappiness and works well for desktop systems.,1,Normal
2026-09-25,15:29:21,Section Divider,,====,1,Normal
2026-09-25,15:29:21,General,,Skipped test FILE-6410 (Checking Locate database),1,Normal
2026-09-25,15:29:21,General,,"Reason to skip: Prerequisites not met (ie missing tool, other type of Linux distribution)",-1,Anomalía
2026-09-25,15:29:21,Section Divider,,====,1,Normal
2026-09-25,15:29:21,Test Execution,FILE-6430,Performing test ID FILE-6430 (Disable mounting of some filesystems),1,Normal
2026-09-25,15:29:21,Result,,Result: found cramfs support in the kernel (output = insmod /lib/modules/7.0.0-30-generic/kernel/fs/cramfs/cramfs.ko.zst ),1,Normal
2026-09-25,15:29:21,Test,,Test: Checking if cramfs is active,1,Normal
2026-09-25,15:29:21,Result,,Result: module cramfs is currently not loaded in the kernel.,1,Normal
2026-09-25,15:29:21,General,,Hardening: assigned partial number of hardening points (2 of 3). Currently having 92 points (out of 125),1,Normal
2026-09-25,15:29:21,Result,,Result: directory /etc/modprobe.d exists,1,Normal
2026-09-25,15:29:21,Result,,Result: directory /usr/lib/modprobe.d exists,1,Normal
2026-09-25,15:29:21,Result,,Result: found freevxfs support in the kernel (output = insmod /lib/modules/7.0.0-30-generic/kernel/fs/freevxfs/freevxfs.ko.zst ),1,Normal
2026-09-25,15:29:21,Test,,Test: Checking if freevxfs is active,1,Normal
2026-09-25,15:29:21,Result,,Result: module freevxfs is currently not loaded in the kernel.,1,Normal
2026-09-25,15:29:21,General,,Hardening: assigned partial number of hardening points (2 of 3). Currently having 94 points (out of 128),1,Normal
2026-09-25,15:29:21,Result,,Result: directory /etc/modprobe.d exists,1,Normal
2026-09-25,15:29:21,Result,,Result: directory /usr/lib/modprobe.d exists,1,Normal
2026-09-25,15:29:21,Result,,Result: found hfs support in the kernel (output = insmod /lib/modules/7.0.0-30-generic/kernel/fs/hfs/hfs.ko.zst ),1,Normal
2026-09-25,15:29:21,Test,,Test: Checking if hfs is active,1,Normal
2026-09-25,15:29:21,Result,,Result: module hfs is currently not loaded in the kernel.,1,Normal
2026-09-25,15:29:21,General,,Hardening: assigned partial number of hardening points (2 of 3). Currently having 96 points (out of 131),1,Normal
2026-09-25,15:29:21,Result,,Result: directory /etc/modprobe.d exists,1,Normal
2026-09-25,15:29:21,Result,,Result: directory /usr/lib/modprobe.d exists,1,Normal
2026-09-25,15:29:21,Result,,Result: found hfsplus support in the kernel (output = insmod /lib/modules/7.0.0-30-generic/kernel/fs/hfsplus/hfsplus.ko.zst ),1,Normal
2026-09-25,15:29:21,Test,,Test: Checking if hfsplus is active,1,Normal
2026-09-25,15:29:21,Result,,Result: module hfsplus is currently not loaded in the kernel.,1,Normal
2026-09-25,15:29:21,General,,Hardening: assigned partial number of hardening points (2 of 3). Currently having 98 points (out of 134),1,Normal
2026-09-25,15:29:21,Result,,Result: directory /etc/modprobe.d exists,1,Normal
2026-09-25,15:29:21,Result,,Result: directory /usr/lib/modprobe.d exists,1,Normal
2026-09-25,15:29:21,Result,,Result: found jffs2 support in the kernel (output = insmod /lib/modules/7.0.0-30-generic/kernel/fs/jffs2/jffs2.ko.zst ),1,Normal
2026-09-25,15:29:21,Test,,Test: Checking if jffs2 is active,1,Normal
2026-09-25,15:29:21,Result,,Result: module jffs2 is currently not loaded in the kernel.,1,Normal
2026-09-25,15:29:21,General,,Hardening: assigned partial number of hardening points (2 of 3). Currently having 100 points (out of 137),1,Normal
2026-09-25,15:29:21,Result,,Result: directory /etc/modprobe.d exists,1,Normal
2026-09-25,15:29:21,Result,,Result: directory /usr/lib/modprobe.d exists,1,Normal
2026-09-25,15:29:21,General,,Hardening: assigned maximum number of hardening points for this item (3). Currently having 103 points (out of 140),1,Normal
2026-09-25,15:29:21,Result,,Result: directory /etc/modprobe.d exists,1,Normal
2026-09-25,15:29:21,Result,,Result: directory /usr/lib/modprobe.d exists,1,Normal
2026-09-25,15:29:21,Result,,Result: found udf support in the kernel (output = insmod /lib/modules/7.0.0-30-generic/kernel/fs/udf/udf.ko.zst ),1,Normal
2026-09-25,15:29:21,Test,,Test: Checking if udf is active,1,Normal
2026-09-25,15:29:22,Result,,Result: module udf is currently not loaded in the kernel.,1,Normal
2026-09-25,15:29:22,General,,Hardening: assigned partial number of hardening points (2 of 3). Currently having 105 points (out of 143),1,Normal
2026-09-25,15:29:22,Result,,Result: directory /etc/modprobe.d exists,1,Normal
2026-09-25,15:29:22,Result,,Result: directory /usr/lib/modprobe.d exists,1,Normal
2026-09-25,15:29:22,General,,Security check: file is normal,1,Normal
2026-09-25,15:29:22,Permission Check,,Checking permissions of /usr/share/lynis/include/tests_usb,1,Normal
2026-09-25,15:29:22,General,,File permissions are OK,1,Normal
2026-09-25,15:29:22,Section Divider,,====,1,Normal
2026-09-25,15:29:22,Action,,Action: Performing tests from category: USB Devices,1,Normal
2026-09-25,15:29:22,Section Divider,,====,1,Normal
2026-09-25,15:29:22,Test Execution,USB-1000,Performing test ID USB-1000 (Check if USB storage is disabled),1,Normal
2026-09-25,15:29:22,Test,,Test: Checking USB storage driver in directory /etc/modprobe.d and configuration file /etc/modprobe.conf,1,Normal
2026-09-25,15:29:22,Result,,Result: usb-storage driver is not explicitly disabled,1,Normal
2026-09-25,15:29:22,General,,"Suggestion: Disable drivers like USB storage when not used, to prevent unauthorized storage or data theft [test:USB-1000] [details:-] [solution:-]",1,Normal
2026-09-25,15:29:22,General,,Hardening: assigned partial number of hardening points (2 of 3). Currently having 107 points (out of 146),1,Normal
2026-09-25,15:29:22,Section Divider,,====,1,Normal
2026-09-25,15:29:22,Test Execution,USB-2000,Performing test ID USB-2000 (Check USB authorizations),1,Normal
2026-09-25,15:29:22,Test,,Test: checking presence of USB devices path (/sys/bus/usb/devices),1,Normal
2026-09-25,15:29:22,Test,,Test: Checking USB devices authorization to connect to the system,1,Normal
2026-09-25,15:29:22,Test,,Test: /sys/bus/usb/devices/usb1 is authorized by default (authorized_default=1),1,Normal
2026-09-25,15:29:22,Test,,Test: /sys/bus/usb/devices/usb1 is authorized currently (authorized=1),1,Normal
2026-09-25,15:29:22,Test,,Test: /sys/bus/usb/devices/usb2 is authorized by default (authorized_default=1),1,Normal
2026-09-25,15:29:22,Test,,Test: /sys/bus/usb/devices/usb2 is authorized currently (authorized=1),1,Normal
2026-09-25,15:29:22,Result,,Result: Some USB devices are authorized by default (or temporary) to connect to the system,1,Normal
2026-09-25,15:29:22,General,,Hardening: assigned partial number of hardening points (0 of 3). Currently having 107 points (out of 149),1,Normal
2026-09-25,15:29:22,Section Divider,,====,1,Normal
2026-09-25,15:29:22,Test Execution,USB-3000,Performing test ID USB-3000 (Check for presence of USBGuard),-1,Anomalía
2026-09-25,15:29:22,Result,,Result: USBGuard not found,1,Normal
2026-09-25,15:29:22,General,,Hardening: assigned partial number of hardening points (0 of 8). Currently having 107 points (out of 157),1,Normal
2026-09-25,15:29:22,General,,Security check: file is normal,1,Normal
2026-09-25,15:29:22,Permission Check,,Checking permissions of /usr/share/lynis/include/tests_storage,1,Normal
2026-09-25,15:29:22,General,,File permissions are OK,1,Normal
2026-09-25,15:29:22,Section Divider,,====,1,Normal
2026-09-25,15:29:22,Action,,Action: Performing tests from category: Storage,1,Normal
2026-09-25,15:29:22,Section Divider,,====,1,Normal
2026-09-25,15:29:22,Test Execution,STRG-1846,Performing test ID STRG-1846 (Check if firewire storage is disabled),1,Normal
2026-09-25,15:29:22,Test,,Test: Checking firewire storage driver in directory /etc/modprobe.d and configuration file /etc/modprobe.conf,1,Normal
2026-09-25,15:29:22,Result,,Result: found firewire ohci driver in disabled state,1,Normal
2026-09-25,15:29:22,Result,,Result: firewire ohci driver is disabled,1,Normal
2026-09-25,15:29:22,General,,Hardening: assigned maximum number of hardening points for this item (3). Currently having 110 points (out of 160),1,Normal
2026-09-25,15:29:22,General,,Security check: file is normal,1,Normal
2026-09-25,15:29:22,Permission Check,,Checking permissions of /usr/share/lynis/include/tests_storage_nfs,1,Normal
2026-09-25,15:29:22,General,,File permissions are OK,1,Normal
2026-09-25,15:29:22,Section Divider,,====,1,Normal
2026-09-25,15:29:22,Action,,Action: Performing tests from category: NFS,1,Normal
2026-09-25,15:29:22,Section Divider,,====,1,Normal
2026-09-25,15:29:22,General,,Skipped test STRG-1902 (Check rpcinfo registered programs),1,Normal
2026-09-25,15:29:22,General,,"Reason to skip: Prerequisites not met (ie missing tool, other type of Linux distribution)",-1,Anomalía
2026-09-25,15:29:22,Section Divider,,====,1,Normal
2026-09-25,15:29:22,General,,Skipped test STRG-1904 (Check nfs rpc),1,Normal
2026-09-25,15:29:22,General,,"Reason to skip: Prerequisites not met (ie missing tool, other type of Linux distribution)",-1,Anomalía
2026-09-25,15:29:22,Section Divider,,====,1,Normal
2026-09-25,15:29:22,General,,Skipped test STRG-1906 (Check nfs rpc),1,Normal
2026-09-25,15:29:22,General,,"Reason to skip: Prerequisites not met (ie missing tool, other type of Linux distribution)",-1,Anomalía
2026-09-25,15:29:22,Section Divider,,====,1,Normal
2026-09-25,15:29:22,Test Execution,STRG-1920,Performing test ID STRG-1920 (Checking NFS daemon),1,Normal
2026-09-25,15:29:23,Test,,Test: Checking running NFS daemon,1,Normal
2026-09-25,15:29:23,General,,Output: NFS daemon is not running,1,Normal
2026-09-25,15:29:23,Section Divider,,====,1,Normal
2026-09-25,15:29:23,General,,Skipped test STRG-1926 (Checking NFS exports),1,Normal
2026-09-25,15:29:23,General,,"Reason to skip: Prerequisites not met (ie missing tool, other type of Linux distribution)",-1,Anomalía
2026-09-25,15:29:23,Section Divider,,====,1,Normal
2026-09-25,15:29:23,General,,Skipped test STRG-1928 (Checking empty /etc/exports),1,Normal
2026-09-25,15:29:23,General,,"Reason to skip: Prerequisites not met (ie missing tool, other type of Linux distribution)",-1,Anomalía
2026-09-25,15:29:23,Section Divider,,====,1,Normal
2026-09-25,15:29:23,General,,Skipped test STRG-1930 (Check client access to nfs share),1,Normal
2026-09-25,15:29:23,General,,"Reason to skip: Prerequisites not met (ie missing tool, other type of Linux distribution)",-1,Anomalía
2026-09-25,15:29:23,General,,Security check: file is normal,1,Normal
2026-09-25,15:29:23,Permission Check,,Checking permissions of /usr/share/lynis/include/tests_nameservices,1,Normal
2026-09-25,15:29:23,General,,File permissions are OK,1,Normal
2026-09-25,15:29:23,Section Divider,,====,1,Normal
2026-09-25,15:29:23,Action,,Action: Performing tests from category: Name services,1,Normal
2026-09-25,15:29:23,Section Divider,,====,1,Normal
2026-09-25,15:29:23,Test Execution,NAME-4016,Performing test ID NAME-4016 (Check /etc/resolv.conf default domain),1,Normal
2026-09-25,15:29:23,Test,,Test: check /etc/resolv.conf for default domain,1,Normal
2026-09-25,15:29:23,Result,,Result: /etc/resolv.conf found,1,Normal
2026-09-25,15:29:23,Result,,Result: no default domain found,1,Normal
2026-09-25,15:29:23,Section Divider,,====,1,Normal
2026-09-25,15:29:23,Test Execution,NAME-4018,Performing test ID NAME-4018 (Check /etc/resolv.conf search domains),1,Normal
2026-09-25,15:29:23,Test,,Test: check /etc/resolv.conf for search domains,1,Normal
2026-09-25,15:29:23,Result,,Result: /etc/resolv.conf found,1,Normal
2026-09-25,15:29:23,General,,Found search domain: lan,1,Normal
2026-09-25,15:29:23,Result,,Result: Found 1 search domains,1,Normal
2026-09-25,15:29:23,Result,,Result: found 1 line(s) with a search statement (expecting less than 2 lines),1,Normal
2026-09-25,15:29:23,Section Divider,,====,1,Normal
2026-09-25,15:29:23,Test Execution,NAME-4020,Performing test ID NAME-4020 (Check non default options),1,Normal
2026-09-25,15:29:23,Test,,Test: check /etc/resolv.conf for non default options,1,Normal
2026-09-25,15:29:23,Result,,Result: /etc/resolv.conf found,1,Normal
2026-09-25,15:29:23,General,,Found option: edns0,1,Normal
2026-09-25,15:29:23,Section Divider,,====,1,Normal
2026-09-25,15:29:23,General,,Skipped test NAME-4024 (Solaris uname -n output),1,Normal
2026-09-25,15:29:23,General,,Reason to skip: Incorrect guest OS (Solaris only),1,Normal
2026-09-25,15:29:23,Section Divider,,====,1,Normal
2026-09-25,15:29:23,General,,Skipped test NAME-4026 (Check /etc/nodename),1,Normal
2026-09-25,15:29:23,General,,Reason to skip: Incorrect guest OS (Solaris only),1,Normal
2026-09-25,15:29:23,Section Divider,,====,1,Normal
2026-09-25,15:29:23,Test Execution,NAME-4028,Performing test ID NAME-4028 (Check domain name),1,Normal
2026-09-25,15:29:23,Test,,Test: Checking if dnsdomainname command is available,1,Normal
2026-09-25,15:29:23,Result,,Result: dnsdomainname command returned no value,1,Normal
2026-09-25,15:29:23,Result,,Result: using domain name from FQDN hostname (kevin),1,Normal
2026-09-25,15:29:23,General,,Suggestion: Check DNS configuration for the dns domain name [test:NAME-4028] [details:-] [solution:-],1,Normal
2026-09-25,15:29:23,Section Divider,,====,1,Normal
2026-09-25,15:29:23,Test Execution,NAME-4032,Performing test ID NAME-4032 (Check nscd status),1,Normal
2026-09-25,15:29:23,Test,,Test: checking nscd status,1,Normal
2026-09-25,15:29:23,General,,Performing pgrep scan without uid,1,Normal
2026-09-25,15:29:23,General,,IsRunning: process 'nscd' not found,1,Normal
2026-09-25,15:29:23,Result,,Result: nscd is not running,1,Normal
2026-09-25,15:29:23,Section Divider,,====,1,Normal
2026-09-25,15:29:23,Test Execution,NAME-4034,Performing test ID NAME-4034 (Check Unbound status),1,Normal
2026-09-25,15:29:23,Test,,Test: checking Unbound (unbound) status,1,Normal
2026-09-25,15:29:23,General,,Performing pgrep scan without uid,1,Normal
2026-09-25,15:29:23,General,,IsRunning: process 'unbound' not found,1,Normal
2026-09-25,15:29:23,Result,,Result: Unbound daemon is not running,1,Normal
2026-09-25,15:29:23,Section Divider,,====,1,Normal
2026-09-25,15:29:24,General,,Skipped test NAME-4036 (Check Unbound configuration file),1,Normal
2026-09-25,15:29:24,General,,"Reason to skip: Prerequisites not met (ie missing tool, other type of Linux distribution)",-1,Anomalía
2026-09-25,15:29:24,Section Divider,,====,1,Normal
2026-09-25,15:29:24,Test Execution,NAME-4202,Performing test ID NAME-4202 (Check BIND status),1,Normal
2026-09-25,15:29:24,Test,,Test: Checking for running BIND instance,1,Normal
2026-09-25,15:29:24,General,,Performing pgrep scan without uid,1,Normal
2026-09-25,15:29:24,General,,IsRunning: process 'named' not found,1,Normal
2026-09-25,15:29:24,Result,,Result: BIND not running,1,Normal
2026-09-25,15:29:24,Section Divider,,====,1,Normal
2026-09-25,15:29:24,General,,Skipped test NAME-4204 (Search BIND configuration file),1,Normal
2026-09-25,15:29:24,General,,"Reason to skip: Prerequisites not met (ie missing tool, other type of Linux distribution)",-1,Anomalía
2026-09-25,15:29:24,Section Divider,,====,1,Normal
2026-09-25,15:29:24,General,,Skipped test NAME-4206 (Check BIND configuration consistency),1,Normal
2026-09-25,15:29:24,General,,"Reason to skip: Prerequisites not met (ie missing tool, other type of Linux distribution)",-1,Anomalía
2026-09-25,15:29:24,Section Divider,,====,1,Normal
2026-09-25,15:29:24,General,,Skipped test NAME-4210 (Check DNS banner),1,Normal
2026-09-25,15:29:24,General,,"Reason to skip: Prerequisites not met (ie missing tool, other type of Linux distribution)",-1,Anomalía
2026-09-25,15:29:24,Section Divider,,====,1,Normal
2026-09-25,15:29:24,Test Execution,NAME-4230,Performing test ID NAME-4230 (Check PowerDNS status),1,Normal
2026-09-25,15:29:24,Test,,Test: Checking for running PowerDNS instance,1,Normal
2026-09-25,15:29:24,General,,Performing pgrep scan without uid,1,Normal
2026-09-25,15:29:24,General,,IsRunning: process 'pdns_server' not found,1,Normal
2026-09-25,15:29:24,Result,,Result: PowerDNS not running,1,Normal
2026-09-25,15:29:24,Section Divider,,====,1,Normal
2026-09-25,15:29:24,General,,Skipped test NAME-4232 (Search PowerDNS configuration file),1,Normal
2026-09-25,15:29:24,General,,"Reason to skip: Prerequisites not met (ie missing tool, other type of Linux distribution)",-1,Anomalía
2026-09-25,15:29:24,Section Divider,,====,1,Normal
2026-09-25,15:29:24,General,,Skipped test NAME-4236 (Check PowerDNS backends),1,Normal
2026-09-25,15:29:24,General,,"Reason to skip: Prerequisites not met (ie missing tool, other type of Linux distribution)",-1,Anomalía
2026-09-25,15:29:24,Section Divider,,====,1,Normal
2026-09-25,15:29:24,General,,Skipped test NAME-4238 (Check PowerDNS authoritative status),1,Normal
2026-09-25,15:29:24,General,,"Reason to skip: Prerequisites not met (ie missing tool, other type of Linux distribution)",-1,Anomalía
2026-09-25,15:29:24,Section Divider,,====,1,Normal
2026-09-25,15:29:24,Test Execution,NAME-4304,Performing test ID NAME-4304 (Check NIS ypbind status),1,Normal
2026-09-25,15:29:24,Test,,Test: Checking status of ypbind daemon,1,Normal
2026-09-25,15:29:24,General,,Performing pgrep scan without uid,1,Normal
2026-09-25,15:29:24,General,,IsRunning: process 'ypbind' not found,1,Normal
2026-09-25,15:29:24,Result,,Result: ypbind is not active,1,Normal
2026-09-25,15:29:24,Section Divider,,====,1,Normal
2026-09-25,15:29:24,General,,Skipped test NAME-4306 (Check NIS domain),1,Normal
2026-09-25,15:29:24,General,,"Reason to skip: Prerequisites not met (ie missing tool, other type of Linux distribution)",-1,Anomalía
2026-09-25,15:29:24,Section Divider,,====,1,Normal
2026-09-25,15:29:24,Test Execution,NAME-4402,Performing test ID NAME-4402 (Check duplicate line in /etc/hosts),1,Normal
2026-09-25,15:29:24,Test,,Test: check duplicate line in /etc/hosts,1,Normal
2026-09-25,15:29:24,Result,,"Result: OK, no duplicate lines found",1,Normal
2026-09-25,15:29:24,Section Divider,,====,1,Normal
2026-09-25,15:29:24,Test Execution,NAME-4404,Performing test ID NAME-4404 (Check /etc/hosts contains an entry for this server name),1,Normal
2026-09-25,15:29:24,Test,,Test: Check /etc/hosts contains an entry for this server name,1,Normal
2026-09-25,15:29:24,Result,,Result: Found entry for kevin in /etc/hosts,1,Normal
2026-09-25,15:29:24,Section Divider,,====,1,Normal
2026-09-25,15:29:24,Test Execution,NAME-4406,Performing test ID NAME-4406 (Check server hostname mapping),1,Normal
2026-09-25,15:29:24,Test,,Test: Check server hostname not locally mapped in /etc/hosts,1,Normal
2026-09-25,15:29:24,Result,,Result: this server hostname is not mapped to a local address,1,Normal
2026-09-25,15:29:24,Section Divider,,====,1,Normal
2026-09-25,15:29:24,Test Execution,NAME-4408,Performing test ID NAME-4408 (Check localhost entry),1,Normal
2026-09-25,15:29:24,Test,,Test: Check server hostname not locally mapped in /etc/hosts,1,Normal
2026-09-25,15:29:25,Result,,Result: localhost mapped to ::1,1,Normal
2026-09-25,15:29:25,General,,Security check: file is normal,1,Normal
2026-09-25,15:29:25,Permission Check,,Checking permissions of /usr/share/lynis/include/tests_dns,1,Normal
2026-09-25,15:29:25,General,,File permissions are OK,1,Normal
2026-09-25,15:29:25,General,,Security check: file is normal,1,Normal
2026-09-25,15:29:25,Permission Check,,Checking permissions of /usr/share/lynis/include/tests_ports_packages,1,Normal
2026-09-25,15:29:25,General,,File permissions are OK,1,Normal
2026-09-25,15:29:25,Section Divider,,====,1,Normal
2026-09-25,15:29:25,Action,,Action: Performing tests from category: Ports and packages,1,Normal
2026-09-25,15:29:25,Section Divider,,====,1,Normal
2026-09-25,15:29:25,General,,Skipped test PKGS-7200 (Querying apk),1,Normal
2026-09-25,15:29:25,General,,"Reason to skip: Prerequisites not met (ie missing tool, other type of Linux distribution)",-1,Anomalía
2026-09-25,15:29:25,Result,,Result: apk NOT,1,Normal
2026-09-25,15:29:25,Section Divider,,====,1,Normal
2026-09-25,15:29:25,General,,Skipped test PKGS-7301 (Query FreeBSD pkg),1,Normal
2026-09-25,15:29:25,General,,"Reason to skip: Prerequisites not met (ie missing tool, other type of Linux distribution)",-1,Anomalía
2026-09-25,15:29:25,Section Divider,,====,1,Normal
2026-09-25,15:29:25,General,,Skipped test PKGS-7302 (Query FreeBSD/NetBSD pkg_info),1,Normal
2026-09-25,15:29:25,General,,"Reason to skip: Prerequisites not met (ie missing tool, other type of Linux distribution)",-1,Anomalía
2026-09-25,15:29:25,Section Divider,,====,1,Normal
2026-09-25,15:29:25,General,,Skipped test PKGS-7303 (Query brew package manager),1,Normal
2026-09-25,15:29:25,General,,"Reason to skip: Prerequisites not met (ie missing tool, other type of Linux distribution)",-1,Anomalía
2026-09-25,15:29:25,Result,,Result: brew can NOT be found on this system,1,Normal
2026-09-25,15:29:25,Section Divider,,====,1,Normal
2026-09-25,15:29:25,General,,Skipped test PKGS-7304 (Querying Gentoo packages),1,Normal
2026-09-25,15:29:25,General,,"Reason to skip: Prerequisites not met (ie missing tool, other type of Linux distribution)",-1,Anomalía
2026-09-25,15:29:25,Result,,Result: emerge can NOT be found on this system,1,Normal
2026-09-25,15:29:25,Section Divider,,====,1,Normal
2026-09-25,15:29:25,General,,Skipped test PKGS-7305 (Query macOS Apps in /Applications and CoreServices),1,Normal
2026-09-25,15:29:25,General,,Reason to skip: Incorrect guest OS (macOS only),1,Normal
2026-09-25,15:29:25,Section Divider,,====,1,Normal
2026-09-25,15:29:25,General,,Skipped test PKGS-7306 (Querying Solaris packages),1,Normal
2026-09-25,15:29:25,General,,Reason to skip: Incorrect guest OS (Solaris only),1,Normal
2026-09-25,15:29:25,Result,,Result: pkginfo can NOT be found on this system,1,Normal
2026-09-25,15:29:25,Section Divider,,====,1,Normal
2026-09-25,15:29:25,General,,Skipped test PKGS-7308 (Checking package list with RPM),1,Normal
2026-09-25,15:29:25,General,,"Reason to skip: Prerequisites not met (ie missing tool, other type of Linux distribution)",-1,Anomalía
2026-09-25,15:29:25,Result,,"Result: RPM binary NOT found on this system, test skipped",1,Normal
2026-09-25,15:29:25,Section Divider,,====,1,Normal
2026-09-25,15:29:25,General,,Skipped test PKGS-7310 (Checking package list with pacman),1,Normal
2026-09-25,15:29:25,General,,"Reason to skip: Prerequisites not met (ie missing tool, other type of Linux distribution)",-1,Anomalía
2026-09-25,15:29:25,Section Divider,,====,1,Normal
2026-09-25,15:29:25,General,,Skipped test PKGS-7312 (Checking available updates for pacman based system),1,Normal
2026-09-25,15:29:25,General,,"Reason to skip: Prerequisites not met (ie missing tool, other type of Linux distribution)",-1,Anomalía
2026-09-25,15:29:25,Result,,"Result: pacman binary NOT found on this system, test skipped",1,Normal
2026-09-25,15:29:25,Section Divider,,====,1,Normal
2026-09-25,15:29:25,General,,Skipped test PKGS-7314 (Checking pacman configuration options),1,Normal
2026-09-25,15:29:25,General,,"Reason to skip: Prerequisites not met (ie missing tool, other type of Linux distribution)",-1,Anomalía
2026-09-25,15:29:25,Section Divider,,====,1,Normal
2026-09-25,15:29:25,General,,Skipped test PKGS-7320 (Checking for arch-audit tooling),1,Normal
2026-09-25,15:29:25,General,,Reason to skip: Test only applies to Arch Linux and Garuda Linux,1,Normal
2026-09-25,15:29:25,Section Divider,,====,1,Normal
2026-09-25,15:29:25,General,,Skipped test PKGS-7322 (Discover vulnerable packages with arch-audit),1,Normal
2026-09-25,15:29:25,General,,Reason to skip: arch-audit not found,1,Normal
2026-09-25,15:29:25,Section Divider,,====,1,Normal
2026-09-25,15:29:25,General,,Skipped test PKGS-7328 (Querying Zypper for installed packages),1,Normal
2026-09-25,15:29:25,General,,"Reason to skip: Prerequisites not met (ie missing tool, other type of Linux distribution)",-1,Anomalía
2026-09-25,15:29:25,Section Divider,,====,1,Normal
2026-09-25,15:29:26,General,,Skipped test PKGS-7330 (Querying Zypper for vulnerable packages),1,Normal
2026-09-25,15:29:26,General,,"Reason to skip: Prerequisites not met (ie missing tool, other type of Linux distribution)",-1,Anomalía
2026-09-25,15:29:26,Section Divider,,====,1,Normal
2026-09-25,15:29:26,General,,Skipped test PKGS-7332 (Query macOS ports),1,Normal
2026-09-25,15:29:26,General,,Reason to skip: Incorrect guest OS (macOS only),1,Normal
2026-09-25,15:29:26,Section Divider,,====,1,Normal
2026-09-25,15:29:26,General,,Skipped test PKGS-7334 (Query port for port upgrades),1,Normal
2026-09-25,15:29:26,General,,Reason to skip: Incorrect guest OS (macOS only),1,Normal
2026-09-25,15:29:26,Section Divider,,====,1,Normal
2026-09-25,15:29:26,Test Execution,PKGS-7345,Performing test ID PKGS-7345 (Querying dpkg),1,Normal
2026-09-25,15:29:26,Result,,Result: Found dpkg binary,1,Normal
2026-09-25,15:29:26,Test,,Test: Querying dpkg -l to get package list,1,Normal
2026-09-25,15:29:26,General,,Output:,1,Normal
2026-09-25,15:29:26,General,,Found package: 3cpio (version: 0.14.0-1ubuntu1),1,Normal
2026-09-25,15:29:26,General,,Found package: accountsservice (version: 23.13.9-8ubuntu5.2),1,Normal
2026-09-25,15:29:26,General,,Found package: acl (version: 2.3.2-2),1,Normal
2026-09-25,15:29:26,General,,Found package: adduser (version: 3.153ubuntu1),1,Normal
2026-09-25,15:29:26,General,,Found package: adwaita-icon-theme (version: 50.0-1),1,Normal
2026-09-25,15:29:26,General,,Found package: alsa-base (version: 1.0.25+dfsg-0ubuntu9),1,Normal
2026-09-25,15:29:26,General,,Found package: alsa-topology-conf (version: 1.2.5.1-3build1),1,Normal
2026-09-25,15:29:26,General,,Found package: alsa-ucm-conf (version: 1.2.15.3-1ubuntu1.5),1,Normal
2026-09-25,15:29:26,General,,Found package: alsa-utils (version: 1.2.15.2-1ubuntu1),1,Normal
2026-09-25,15:29:26,General,,Found package: amd64-microcode (version: 3.20251202.1ubuntu2),1,Normal
2026-09-25,15:29:26,General,,Found package: anacron (version: 2.3-45ubuntu1),1,Normal
2026-09-25,15:29:26,General,,Found package: apparmor (version: 5.0.2-0ubuntu1~26.04.1),1,Normal
2026-09-25,15:29:26,General,,Found package: apport (version: 2.34.1-0ubuntu0.1),1,Normal
2026-09-25,15:29:26,General,,Found package: apport-core-dump-handler (version: 2.34.1-0ubuntu0.1),1,Normal
2026-09-25,15:29:26,General,,Found package: apport-gtk (version: 2.34.1-0ubuntu0.1),1,Normal
2026-09-25,15:29:26,General,,Found package: apport-symptoms (version: 0.25build1),1,Normal
2026-09-25,15:29:26,General,,Found package: appstream (version: 1.1.2-1),1,Normal
2026-09-25,15:29:26,General,,Found package: apt (version: 3.2.0),1,Normal
2026-09-25,15:29:26,General,,Found package: apt-config-icons (version: 1.1.2-1),1,Normal
2026-09-25,15:29:26,General,,Found package: apt-config-icons-hidpi (version: 1.1.2-1),1,Normal
2026-09-25,15:29:26,General,,Found package: aptdaemon (version: 2.0.2build1),1,Normal
2026-09-25,15:29:26,General,,Found package: aptdaemon-data (version: 2.0.2build1),1,Normal
2026-09-25,15:29:26,General,,Found package: aspell (version: 0.60.8.2-3),1,Normal
2026-09-25,15:29:26,General,,Found package: aspell-en (version: 2020.12.07-0-1.1build1),1,Normal
2026-09-25,15:29:26,General,,Found package: at-spi2-common (version: 2.60.4-0ubuntu0.1),1,Normal
2026-09-25,15:29:26,General,,Found package: at-spi2-core (version: 2.60.4-0ubuntu0.1),1,Normal
2026-09-25,15:29:26,General,,Found package: avahi-daemon (version: 0.8-18ubuntu1.1),1,Normal
2026-09-25,15:29:26,General,,Found package: baobab (version: 49.1-2),1,Normal
2026-09-25,15:29:26,General,,Found package: base-files (version: 14ubuntu6.2),1,Normal
2026-09-25,15:29:26,General,,Found package: base-passwd (version: 3.6.8),1,Normal
2026-09-25,15:29:26,General,,Found package: bash (version: 5.3-2ubuntu1),1,Normal
2026-09-25,15:29:26,General,,Found package: bash-completion (version: 1:2.16.0-8build1),1,Normal
2026-09-25,15:29:26,General,,Found package: bc (version: 1.07.1-4build1),1,Normal
2026-09-25,15:29:26,General,,Found package: bind9-dnsutils (version: 1:9.20.24-1ubuntu0.2),1,Normal
2026-09-25,15:29:27,General,,Found package: bind9-host (version: 1:9.20.24-1ubuntu0.2),1,Normal
2026-09-25,15:29:27,General,,Found package: bind9-libs:amd64 (version: 1:9.20.24-1ubuntu0.2),1,Normal
2026-09-25,15:29:27,General,,Found package: binutils (version: 2.46-3ubuntu2),1,Normal
2026-09-25,15:29:27,General,,Found package: binutils-common:amd64 (version: 2.46-3ubuntu2),1,Normal
2026-09-25,15:29:27,General,,Found package: binutils-x86-64-linux-gnu (version: 2.46-3ubuntu2),1,Normal
2026-09-25,15:29:27,General,,Found package: bluez (version: 5.85-4ubuntu0.1),1,Normal
2026-09-25,15:29:27,General,,Found package: bluez-cups (version: 5.85-4ubuntu0.1),1,Normal
2026-09-25,15:29:27,General,,Found package: bluez-obexd (version: 5.85-4ubuntu0.1),1,Normal
2026-09-25,15:29:27,General,,Found package: bolt (version: 0.9.10-1),1,Normal
2026-09-25,15:29:27,General,,Found package: bpfcc-tools (version: 0.35.0+ds-1ubuntu2),1,Normal
2026-09-25,15:29:27,General,,Found package: bpftool (version: 7.7.0+7.0.0-30.30),1,Normal
2026-09-25,15:29:27,General,,Found package: bpftrace (version: 0.25.0-1ubuntu1),1,Normal
2026-09-25,15:29:27,General,,Found package: brltty (version: 6.7-1ubuntu6),1,Normal
2026-09-25,15:29:27,General,,Found package: bsdextrautils (version: 2.41.3-3ubuntu2),1,Normal
2026-09-25,15:29:27,General,,Found package: bsdutils (version: 1:2.41.3-3ubuntu2),1,Normal
2026-09-25,15:29:27,General,,Found package: bubblewrap (version: 0.11.1-1ubuntu0.1),1,Normal
2026-09-25,15:29:27,General,,Found package: build-essential (version: 12.12ubuntu2.26.04.2),1,Normal
2026-09-25,15:29:27,General,,Found package: busybox-initramfs (version: 1:1.37.0-7ubuntu1),1,Normal
2026-09-25,15:29:27,General,,Found package: busybox-static (version: 1:1.37.0-7ubuntu1),1,Normal
2026-09-25,15:29:27,General,,Found package: bzip2 (version: 1.0.8-6build2),1,Normal
2026-09-25,15:29:27,General,,Found package: ca-certificates (version: 20260601~26.04.1),1,Normal
2026-09-25,15:29:27,General,,Found package: chrony (version: 4.8-2ubuntu1),1,Normal
2026-09-25,15:29:27,General,,Found package: cloud-guest-utils (version: 0.33-1build1),1,Normal
2026-09-25,15:29:27,General,,Found package: cloud-init (version: 26.1-0ubuntu3~26.04.1),1,Normal
2026-09-25,15:29:27,General,,Found package: cloud-init-base (version: 26.1-0ubuntu3~26.04.1),1,Normal
2026-09-25,15:29:27,General,,Found package: colord (version: 1.4.8-3),1,Normal
2026-09-25,15:29:27,General,,Found package: colord-data (version: 1.4.8-3),1,Normal
2026-09-25,15:29:27,General,,Found package: command-not-found (version: 23.04.0build1),1,Normal
2026-09-25,15:29:27,General,,Found package: console-setup (version: 1.237ubuntu3.1),1,Normal
2026-09-25,15:29:27,General,,Found package: console-setup-linux (version: 1.237ubuntu3.1),1,Normal
2026-09-25,15:29:27,General,,Found package: coreutils (version: 9.5-1ubuntu2+0.0.0~ubuntu25),1,Normal
2026-09-25,15:29:27,General,,Found package: coreutils-from-uutils (version: 0.0.0~ubuntu25),1,Normal
2026-09-25,15:29:27,General,,Found package: cpio (version: 2.15+dfsg-2.1),1,Normal
2026-09-25,15:29:27,General,,Found package: cpp (version: 4:15.2.0-5ubuntu1),1,Normal
2026-09-25,15:29:27,General,,Found package: cpp-15 (version: 15.2.0-16ubuntu1),1,Normal
2026-09-25,15:29:27,General,,Found package: cpp-15-x86-64-linux-gnu (version: 15.2.0-16ubuntu1),1,Normal
2026-09-25,15:29:27,General,,Found package: cpp-x86-64-linux-gnu (version: 4:15.2.0-5ubuntu1),1,Normal
2026-09-25,15:29:27,General,,Found package: cracklib-runtime (version: 2.9.6-5.2build3),1,Normal
2026-09-25,15:29:27,General,,Found package: crash (version: 9.0.1+~16.3-1ubuntu1),1,Normal
2026-09-25,15:29:27,General,,Found package: cron (version: 3.0pl1-200ubuntu1),1,Normal
2026-09-25,15:29:27,General,,Found package: cron-daemon-common (version: 3.0pl1-200ubuntu1),1,Normal
2026-09-25,15:29:27,General,,Found package: cups (version: 2.4.16-1ubuntu1.3),1,Normal
2026-09-25,15:29:27,General,,Found package: cups-browsed (version: 2.1.1-0ubuntu3),1,Normal
2026-09-25,15:29:27,General,,Found package: cups-bsd (version: 2.4.16-1ubuntu1.3),1,Normal
2026-09-25,15:29:27,General,,Found package: cups-client (version: 2.4.16-1ubuntu1.3),1,Normal
2026-09-25,15:29:27,General,,Found package: cups-common (version: 2.4.16-1ubuntu1.3),1,Normal
2026-09-25,15:29:27,General,,Found package: cups-core-drivers (version: 2.4.16-1ubuntu1.3),1,Normal
2026-09-25,15:29:28,General,,Found package: cups-daemon (version: 2.4.16-1ubuntu1.3),1,Normal
2026-09-25,15:29:28,General,,Found package: cups-filters (version: 2.0.1-0ubuntu4.1),1,Normal
2026-09-25,15:29:28,General,,Found package: cups-filters-core-drivers (version: 2.0.1-0ubuntu4.1),1,Normal
2026-09-25,15:29:28,General,,Found package: cups-ipp-utils (version: 2.4.16-1ubuntu1.3),1,Normal
2026-09-25,15:29:28,General,,Found package: cups-pk-helper (version: 0.2.6-2.1build1),1,Normal
2026-09-25,15:29:28,General,,Found package: cups-ppdc (version: 2.4.16-1ubuntu1.3),1,Normal
2026-09-25,15:29:28,General,,Found package: cups-server-common (version: 2.4.16-1ubuntu1.3),1,Normal
2026-09-25,15:29:28,General,,Found package: dash (version: 0.5.12-12ubuntu3),1,Normal
2026-09-25,15:29:28,General,,Found package: dbus (version: 1.16.2-2ubuntu4),1,Normal
2026-09-25,15:29:28,General,,Found package: dbus-bin (version: 1.16.2-2ubuntu4),1,Normal
2026-09-25,15:29:28,General,,Found package: dbus-daemon (version: 1.16.2-2ubuntu4),1,Normal
2026-09-25,15:29:28,General,,Found package: dbus-session-bus-common (version: 1.16.2-2ubuntu4),1,Normal
2026-09-25,15:29:28,General,,Found package: dbus-system-bus-common (version: 1.16.2-2ubuntu4),1,Normal
2026-09-25,15:29:28,General,,Found package: dbus-user-session (version: 1.16.2-2ubuntu4),1,Normal
2026-09-25,15:29:28,General,,Found package: dc (version: 1.07.1-4build1),1,Normal
2026-09-25,15:29:28,General,,Found package: dconf-cli (version: 0.49.0-4),1,Normal
2026-09-25,15:29:28,General,,Found package: dconf-gsettings-backend:amd64 (version: 0.49.0-4),1,Normal
2026-09-25,15:29:28,General,,Found package: dconf-service (version: 0.49.0-4),1,Normal
2026-09-25,15:29:28,General,,Found package: debconf (version: 1.5.92),1,Normal
2026-09-25,15:29:28,General,,Found package: debconf-i18n (version: 1.5.92),1,Normal
2026-09-25,15:29:28,General,,Found package: debianutils (version: 5.23.2build1),1,Normal
2026-09-25,15:29:28,General,,Found package: desktop-file-utils (version: 0.28-1build1),1,Normal
2026-09-25,15:29:28,General,,Found package: dhcpcd-base (version: 1:10.3.0-7),1,Normal
2026-09-25,15:29:28,General,,Found package: dictionaries-common (version: 1.31.4),1,Normal
2026-09-25,15:29:28,General,,Found package: diffutils (version: 1:3.12-1),1,Normal
2026-09-25,15:29:28,General,,Found package: dirmngr (version: 2.4.8-4ubuntu3),1,Normal
2026-09-25,15:29:28,General,,Found package: distro-info (version: 1.15),1,Normal
2026-09-25,15:29:28,General,,Found package: distro-info-data (version: 0.72-0ubuntu0.26.04.1),1,Normal
2026-09-25,15:29:28,General,,Found package: dkms (version: 3.2.2-1ubuntu1),1,Normal
2026-09-25,15:29:28,General,,Found package: dmidecode (version: 3.6-2build1),1,Normal
2026-09-25,15:29:28,General,,Found package: dmsetup (version: 2:1.02.205-2ubuntu3),1,Normal
2026-09-25,15:29:28,General,,Found package: dmz-cursor-theme (version: 0.4.5.3build1),1,Normal
2026-09-25,15:29:28,General,,Found package: dns-root-data (version: 2025080400build1),1,Normal
2026-09-25,15:29:28,General,,Found package: dnsmasq-base (version: 2.92-1ubuntu0.4),1,Normal
2026-09-25,15:29:28,General,,Found package: docbook-xml (version: 4.5-13build1),1,Normal
2026-09-25,15:29:28,General,,Found package: dosfstools (version: 4.2-1.2build1),1,Normal
2026-09-25,15:29:28,General,,Found package: dpkg (version: 1.23.7ubuntu1),1,Normal
2026-09-25,15:29:28,General,,Found package: dpkg-dev (version: 1.23.7ubuntu1),1,Normal
2026-09-25,15:29:28,General,,Found package: dracut (version: 110-11),1,Normal
2026-09-25,15:29:28,General,,Found package: dracut-core (version: 110-11),1,Normal
2026-09-25,15:29:28,General,,Found package: dracut-install (version: 110-11),1,Normal
2026-09-25,15:29:28,General,,Found package: e2fsprogs (version: 1.47.2-3ubuntu4),1,Normal
2026-09-25,15:29:28,General,,Found package: eatmydata (version: 131-2build1),1,Normal
2026-09-25,15:29:28,General,,Found package: ed (version: 1.22.4-1),1,Normal
2026-09-25,15:29:28,General,,Found package: eject (version: 2.41.3-3ubuntu2),1,Normal
2026-09-25,15:29:29,General,,Found package: emacsen-common (version: 3.0.8build1),1,Normal
2026-09-25,15:29:29,General,,Found package: enchant-2 (version: 2.8.2+dfsg1-3build1),1,Normal
2026-09-25,15:29:29,General,,Found package: espeak-ng-data:amd64 (version: 1.52.0+dfsg-5build1),1,Normal
2026-09-25,15:29:29,General,,Found package: ethtool (version: 1:6.19-1),1,Normal
2026-09-25,15:29:29,General,,Found package: evolution-data-server (version: 3.56.2-8),1,Normal
2026-09-25,15:29:29,General,,Found package: evolution-data-server-common (version: 3.56.2-8),1,Normal
2026-09-25,15:29:29,General,,Found package: exfatprogs (version: 1.3.2-1),1,Normal
2026-09-25,15:29:29,General,,Found package: fakeroot (version: 1.37.2-1),1,Normal
2026-09-25,15:29:29,General,,Found package: fdisk (version: 2.41.3-3ubuntu2),1,Normal
2026-09-25,15:29:29,General,,Found package: file (version: 1:5.46-5build2),1,Normal
2026-09-25,15:29:29,General,,Found package: findutils (version: 4.10.0-3build2),1,Normal
2026-09-25,15:29:29,General,,Found package: firefox (version: 1:1snap1-0ubuntu8),1,Normal
2026-09-25,15:29:29,General,,Found package: firmware-sof-signed (version: 2025.12.2-1),1,Normal
2026-09-25,15:29:29,General,,Found package: fontconfig (version: 2.17.1-3ubuntu1),1,Normal
2026-09-25,15:29:29,General,,Found package: fontconfig-config (version: 2.17.1-3ubuntu1),1,Normal
2026-09-25,15:29:29,General,,Found package: fonts-dejavu-core (version: 2.37-8build1),1,Normal
2026-09-25,15:29:29,General,,Found package: fonts-dejavu-mono (version: 2.37-8build1),1,Normal
2026-09-25,15:29:29,General,,Found package: fonts-droid-fallback (version: 1:8.1.0r7-1~1.gbp36536bbuild1),1,Normal
2026-09-25,15:29:29,General,,Found package: fonts-liberation (version: 1:2.1.5-3build1),1,Normal
2026-09-25,15:29:29,General,,Found package: fonts-liberation-sans-narrow (version: 1:1.07.6-4build1),1,Normal
2026-09-25,15:29:29,General,,Found package: fonts-noto-cjk (version: 1:20240730+repack1-1build1),1,Normal
2026-09-25,15:29:29,General,,Found package: fonts-noto-color-emoji (version: 2.051-1build1),1,Normal
2026-09-25,15:29:29,General,,Found package: fonts-noto-core (version: 20201225-2build1),1,Normal
2026-09-25,15:29:29,General,,Found package: fonts-noto-mono (version: 20201225-2build1),1,Normal
2026-09-25,15:29:29,General,,Found package: fonts-ubuntu (version: 0.869+git20240321-0ubuntu2),1,Normal
2026-09-25,15:29:29,General,,Found package: fonts-urw-base35 (version: 20200910-8build1),1,Normal
2026-09-25,15:29:29,General,,Found package: foomatic-db-compressed-ppds (version: 20250819-1build1),1,Normal
2026-09-25,15:29:29,General,,Found package: fprintd (version: 1.94.5-4),1,Normal
2026-09-25,15:29:29,General,,Found package: friendly-recovery (version: 0.2.42build1),1,Normal
2026-09-25,15:29:29,General,,Found package: ftp (version: 20260211-1),1,Normal
2026-09-25,15:29:29,General,,Found package: fuse3 (version: 3.18.2-1),1,Normal
2026-09-25,15:29:29,General,,Found package: fwupd (version: 2.1.1-1ubuntu3.1),1,Normal
2026-09-25,15:29:29,General,,Found package: fwupd-signed (version: 1.55+1.7-1),1,Normal
2026-09-25,15:29:29,General,,Found package: g++ (version: 4:15.2.0-5ubuntu1),1,Normal
2026-09-25,15:29:29,General,,Found package: g++-15 (version: 15.2.0-16ubuntu1),1,Normal
2026-09-25,15:29:29,General,,Found package: g++-15-x86-64-linux-gnu (version: 15.2.0-16ubuntu1),1,Normal
2026-09-25,15:29:29,General,,Found package: g++-x86-64-linux-gnu (version: 4:15.2.0-5ubuntu1),1,Normal
2026-09-25,15:29:29,General,,Found package: gamemode (version: 1.8.2-2build1),1,Normal
2026-09-25,15:29:29,General,,Found package: gamemode-daemon (version: 1.8.2-2build1),1,Normal
2026-09-25,15:29:29,General,,Found package: gcc (version: 4:15.2.0-5ubuntu1),1,Normal
2026-09-25,15:29:29,General,,Found package: gcc-15 (version: 15.2.0-16ubuntu1),1,Normal
2026-09-25,15:29:29,General,,Found package: gcc-15-base:amd64 (version: 15.2.0-16ubuntu1),1,Normal
2026-09-25,15:29:29,General,,Found package: gcc-15-x86-64-linux-gnu (version: 15.2.0-16ubuntu1),1,Normal
2026-09-25,15:29:29,General,,Found package: gcc-16-base:amd64 (version: 16-20260322-1ubuntu1),1,Normal
2026-09-25,15:29:30,General,,Found package: gcc-x86-64-linux-gnu (version: 4:15.2.0-5ubuntu1),1,Normal
2026-09-25,15:29:30,General,,Found package: gcr (version: 3.41.2-6),1,Normal
2026-09-25,15:29:30,General,,Found package: gcr4 (version: 4.4.0.1-8),1,Normal
2026-09-25,15:29:30,General,,Found package: gdb (version: 17.1-2ubuntu1),1,Normal
2026-09-25,15:29:30,General,,Found package: gdisk (version: 1.0.10-2build1),1,Normal
2026-09-25,15:29:30,General,,Found package: gdm3 (version: 50.1-0ubuntu0.1),1,Normal
2026-09-25,15:29:30,General,,Found package: geoclue-2.0 (version: 2.7.2-2ubuntu3),1,Normal
2026-09-25,15:29:30,General,,Found package: geocode-glib-common (version: 3.26.4-3),1,Normal
2026-09-25,15:29:30,General,,Found package: gettext-base (version: 0.23.2-1),1,Normal
2026-09-25,15:29:30,General,,Found package: ghostscript (version: 10.06.0~dfsg-3ubuntu1),1,Normal
2026-09-25,15:29:30,General,,Found package: gir1.2-accountsservice-1.0:amd64 (version: 23.13.9-8ubuntu5.2),1,Normal
2026-09-25,15:29:30,General,,Found package: gir1.2-adw-1:amd64 (version: 1.9.1-0ubuntu0.1),1,Normal
2026-09-25,15:29:30,General,,Found package: gir1.2-atk-1.0:amd64 (version: 2.60.4-0ubuntu0.1),1,Normal
2026-09-25,15:29:30,General,,Found package: gir1.2-atspi-2.0:amd64 (version: 2.60.4-0ubuntu0.1),1,Normal
2026-09-25,15:29:30,General,,Found package: gir1.2-dbusmenu-glib-0.4:amd64 (version: 18.10.20180917~bzr492+repack1-4build1),1,Normal
2026-09-25,15:29:30,General,,Found package: gir1.2-freedesktop:amd64 (version: 1.86.0-6build1),1,Normal
2026-09-25,15:29:30,General,,Found package: gir1.2-gck-2:amd64 (version: 4.4.0.1-8),1,Normal
2026-09-25,15:29:30,General,,Found package: gir1.2-gcr-4:amd64 (version: 4.4.0.1-8),1,Normal
2026-09-25,15:29:30,General,,Found package: gir1.2-gdesktopenums-3.0:amd64 (version: 50.0-1ubuntu2),1,Normal
2026-09-25,15:29:30,General,,Found package: gir1.2-gdkpixbuf-2.0:amd64 (version: 2.44.5+dfsg-4ubuntu1),1,Normal
2026-09-25,15:29:30,General,,Found package: gir1.2-gdm-1.0 (version: 50.1-0ubuntu0.1),1,Normal
2026-09-25,15:29:30,General,,Found package: gir1.2-geoclue-2.0:amd64 (version: 2.7.2-2ubuntu3),1,Normal
2026-09-25,15:29:30,General,,Found package: gir1.2-girepository-3.0:amd64 (version: 2.88.0-1),1,Normal
2026-09-25,15:29:30,General,,Found package: gir1.2-glib-2.0:amd64 (version: 2.88.0-1),1,Normal
2026-09-25,15:29:30,General,,Found package: gir1.2-gmenu-3.0:amd64 (version: 3.38.1-1ubuntu1),1,Normal
2026-09-25,15:29:30,General,,Found package: gir1.2-gnomeautoar-0.1:amd64 (version: 0.4.5-5),1,Normal
2026-09-25,15:29:30,General,,Found package: gir1.2-gnomebg-4.0:amd64 (version: 44.5-1ubuntu1),1,Normal
2026-09-25,15:29:30,General,,Found package: gir1.2-gnomebluetooth-3.0:amd64 (version: 47.1-5),1,Normal
2026-09-25,15:29:30,General,,Found package: gir1.2-gnomedesktop-3.0:amd64 (version: 44.5-1ubuntu1),1,Normal
2026-09-25,15:29:30,General,,Found package: gir1.2-gnomedesktop-4.0:amd64 (version: 44.5-1ubuntu1),1,Normal
2026-09-25,15:29:30,General,,Found package: gir1.2-gnomeqr-4.0:amd64 (version: 44.5-1ubuntu1),1,Normal
2026-09-25,15:29:30,General,,Found package: gir1.2-graphene-1.0:amd64 (version: 1.10.8-5build1),1,Normal
2026-09-25,15:29:30,General,,Found package: gir1.2-gstreamer-1.0:amd64 (version: 1.28.2-1),1,Normal
2026-09-25,15:29:30,General,,Found package: gir1.2-gtk-3.0:amd64 (version: 3.24.52-0ubuntu1),1,Normal
2026-09-25,15:29:30,General,,Found package: gir1.2-gtk-4.0:amd64 (version: 4.22.4+ds-0ubuntu0.1),1,Normal
2026-09-25,15:29:30,General,,Found package: gir1.2-gweather-4.0:amd64 (version: 4.4.4-4),1,Normal
2026-09-25,15:29:30,General,,Found package: gir1.2-handy-1:amd64 (version: 1.8.3-3build1),1,Normal
2026-09-25,15:29:30,General,,Found package: gir1.2-harfbuzz-0.0:amd64 (version: 12.3.2-2),1,Normal
2026-09-25,15:29:30,General,,Found package: gir1.2-ibus-1.0:amd64 (version: 1.5.34~rc2-1),1,Normal
2026-09-25,15:29:30,General,,Found package: gir1.2-javascriptcoregtk-4.1:amd64 (version: 2.52.3-0ubuntu0.26.04.3),1,Normal
2026-09-25,15:29:30,General,,Found package: gir1.2-mutter-18:amd64 (version: 50.1-0ubuntu2.2),1,Normal
2026-09-25,15:29:30,General,,Found package: gir1.2-nm-1.0:amd64 (version: 1.54.3-2ubuntu3),1,Normal
2026-09-25,15:29:30,General,,Found package: gir1.2-nma4-1.0:amd64 (version: 1.10.6-7),1,Normal
2026-09-25,15:29:30,General,,Found package: gir1.2-notify-0.7:amd64 (version: 0.8.8-1),1,Normal
2026-09-25,15:29:31,General,,Found package: gir1.2-packagekitglib-1.0 (version: 1.3.4-3ubuntu1.2),1,Normal
2026-09-25,15:29:31,General,,Found package: gir1.2-pango-1.0:amd64 (version: 1.57.0-1),1,Normal
2026-09-25,15:29:31,General,,Found package: gir1.2-polkit-1.0:amd64 (version: 127-2ubuntu1),1,Normal
2026-09-25,15:29:31,General,,Found package: gir1.2-rsvg-2.0:amd64 (version: 2.61.3+dfsg-3),1,Normal
2026-09-25,15:29:31,General,,Found package: gir1.2-secret-1:amd64 (version: 0.21.7-2build1),1,Normal
2026-09-25,15:29:31,General,,Found package: gir1.2-snapd-2:amd64 (version: 1.72-0ubuntu3),1,Normal
2026-09-25,15:29:31,General,,Found package: gir1.2-soup-3.0:amd64 (version: 3.6.6-1),1,Normal
2026-09-25,15:29:31,General,,Found package: gir1.2-upowerglib-1.0:amd64 (version: 1.91.1-1),1,Normal
2026-09-25,15:29:31,General,,Found package: gir1.2-vte-2.91:amd64 (version: 0.84.0-2),1,Normal
2026-09-25,15:29:31,General,,Found package: gir1.2-webkit2-4.1:amd64 (version: 2.52.3-0ubuntu0.26.04.3),1,Normal
2026-09-25,15:29:31,General,,Found package: gir1.2-wnck-3.0:amd64 (version: 43.3-1build1),1,Normal
2026-09-25,15:29:31,General,,Found package: gjs (version: 1.88.0-1),1,Normal
2026-09-25,15:29:31,General,,Found package: glib-networking-common (version: 2.80.1-1build2),1,Normal
2026-09-25,15:29:31,General,,Found package: glib-networking-services (version: 2.80.1-1build2),1,Normal
2026-09-25,15:29:31,General,,Found package: glib-networking:amd64 (version: 2.80.1-1build2),1,Normal
2026-09-25,15:29:31,General,,Found package: glycin-loaders (version: 2.1.1+ds-0ubuntu1),1,Normal
2026-09-25,15:29:31,General,,Found package: glycin-thumbnailers (version: 2.1.1+ds-0ubuntu1),1,Normal
2026-09-25,15:29:31,General,,Found package: gnome-accessibility-themes (version: 3.28-5),1,Normal
2026-09-25,15:29:31,General,,Found package: gnome-bluetooth-3-common (version: 47.1-5),1,Normal
2026-09-25,15:29:31,General,,Found package: gnome-bluetooth-sendto (version: 47.1-5),1,Normal
2026-09-25,15:29:31,General,,Found package: gnome-calculator (version: 1:50.0-1ubuntu1),1,Normal
2026-09-25,15:29:31,General,,Found package: gnome-characters (version: 50.0-1),1,Normal
2026-09-25,15:29:31,General,,Found package: gnome-clocks (version: 50.0-1),1,Normal
2026-09-25,15:29:31,General,,Found package: gnome-control-center (version: 1:50.3-0ubuntu0.1),1,Normal
2026-09-25,15:29:31,General,,Found package: gnome-control-center-data (version: 1:50.3-0ubuntu0.1),1,Normal
2026-09-25,15:29:31,General,,Found package: gnome-control-center-faces (version: 1:50.3-0ubuntu0.1),1,Normal
2026-09-25,15:29:31,General,,Found package: gnome-desktop3-data (version: 44.5-1ubuntu1),1,Normal
2026-09-25,15:29:31,General,,Found package: gnome-disk-utility (version: 46.1-2ubuntu2),1,Normal
2026-09-25,15:29:31,General,,Found package: gnome-font-viewer (version: 49.0-1),1,Normal
2026-09-25,15:29:31,General,,Found package: gnome-initial-setup (version: 50.0-0ubuntu7.1),1,Normal
2026-09-25,15:29:31,General,,Found package: gnome-keyring (version: 50.0-1),1,Normal
2026-09-25,15:29:31,General,,Found package: gnome-keyring-pkcs11:amd64 (version: 50.0-1),1,Normal
2026-09-25,15:29:31,General,,Found package: gnome-logs (version: 49.0-1),1,Normal
2026-09-25,15:29:31,General,,Found package: gnome-menus (version: 3.38.1-1ubuntu1),1,Normal
2026-09-25,15:29:31,General,,Found package: gnome-online-accounts (version: 3.58.0-1),1,Normal
2026-09-25,15:29:31,General,,Found package: gnome-remote-desktop (version: 50.2-0ubuntu0.1),1,Normal
2026-09-25,15:29:31,General,,Found package: gnome-session-bin (version: 50.1-0ubuntu0.1),1,Normal
2026-09-25,15:29:31,General,,Found package: gnome-session-canberra (version: 0.30-18ubuntu3),1,Normal
2026-09-25,15:29:31,General,,Found package: gnome-session-common (version: 50.1-0ubuntu0.1),1,Normal
2026-09-25,15:29:31,General,,Found package: gnome-settings-daemon (version: 50.0-1ubuntu1),1,Normal
2026-09-25,15:29:31,General,,Found package: gnome-settings-daemon-common (version: 50.0-1ubuntu1),1,Normal
2026-09-25,15:29:31,General,,Found package: gnome-shell (version: 50.1-0ubuntu1.2),1,Normal
2026-09-25,15:29:31,General,,Found package: gnome-shell-common (version: 50.1-0ubuntu1.2),1,Normal
2026-09-25,15:29:31,General,,Found package: gnome-shell-ubuntu-extensions (version: 50.26.04.7ubuntu),1,Normal
2026-09-25,15:29:31,General,,Found package: gnome-text-editor (version: 50.1-0ubuntu0.1),1,Normal
2026-09-25,15:29:32,General,,Found package: gnome-themes-extra-data (version: 3.28-5),1,Normal
2026-09-25,15:29:32,General,,Found package: gnome-themes-extra:amd64 (version: 3.28-5),1,Normal
2026-09-25,15:29:32,General,,Found package: gnome-user-docs (version: 50.0-0ubuntu1),1,Normal
2026-09-25,15:29:32,General,,Found package: gnu-coreutils (version: 9.7-3ubuntu2),1,Normal
2026-09-25,15:29:32,General,,Found package: gnupg (version: 2.4.8-4ubuntu3),1,Normal
2026-09-25,15:29:32,General,,Found package: gnupg-l10n (version: 2.4.8-4ubuntu3),1,Normal
2026-09-25,15:29:32,General,,Found package: gnupg-utils (version: 2.4.8-4ubuntu3),1,Normal
2026-09-25,15:29:32,General,,Found package: gpg (version: 2.4.8-4ubuntu3),1,Normal
2026-09-25,15:29:32,General,,Found package: gpg-agent (version: 2.4.8-4ubuntu3),1,Normal
2026-09-25,15:29:32,General,,Found package: gpg-wks-client (version: 2.4.8-4ubuntu3),1,Normal
2026-09-25,15:29:32,General,,Found package: gpgconf (version: 2.4.8-4ubuntu3),1,Normal
2026-09-25,15:29:32,General,,Found package: gpgsm (version: 2.4.8-4ubuntu3),1,Normal
2026-09-25,15:29:32,General,,Found package: gpgv (version: 2.4.8-4ubuntu3),1,Normal
2026-09-25,15:29:32,General,,Found package: grep (version: 3.12-1),1,Normal
2026-09-25,15:29:32,General,,Found package: groff-base (version: 1.23.0-10),1,Normal
2026-09-25,15:29:32,General,,Found package: grub-common (version: 2.14-2ubuntu2.1),1,Normal
2026-09-25,15:29:32,General,,Found package: grub-gfxpayload-lists (version: 0.7build3),1,Normal
2026-09-25,15:29:32,General,,Found package: grub-pc (version: 2.14-2ubuntu2.1),1,Normal
2026-09-25,15:29:32,General,,Found package: grub-pc-bin (version: 2.14-2ubuntu2.1),1,Normal
2026-09-25,15:29:32,General,,Found package: grub2-common (version: 2.14-2ubuntu2.1),1,Normal
2026-09-25,15:29:32,General,,Found package: gsettings-desktop-schemas (version: 50.0-1ubuntu2),1,Normal
2026-09-25,15:29:32,General,,Found package: gsettings-ubuntu-schemas (version: 0.0.7+21.10.20210712-0ubuntu4),1,Normal
2026-09-25,15:29:32,General,,Found package: gstreamer1.0-alsa:amd64 (version: 1.28.2-1),1,Normal
2026-09-25,15:29:32,General,,Found package: gstreamer1.0-gl:amd64 (version: 1.28.2-1),1,Normal
2026-09-25,15:29:32,General,,Found package: gstreamer1.0-packagekit (version: 1.3.4-3ubuntu1.2),1,Normal
2026-09-25,15:29:32,General,,Found package: gstreamer1.0-pipewire:amd64 (version: 1.6.2-1ubuntu1.1),1,Normal
2026-09-25,15:29:32,General,,Found package: gstreamer1.0-plugins-base-apps (version: 1.28.2-1),1,Normal
2026-09-25,15:29:32,General,,Found package: gstreamer1.0-plugins-base:amd64 (version: 1.28.2-1),1,Normal
2026-09-25,15:29:32,General,,Found package: gstreamer1.0-plugins-good:amd64 (version: 1.28.2-2ubuntu0.1),1,Normal
2026-09-25,15:29:32,General,,Found package: gstreamer1.0-tools (version: 1.28.2-1),1,Normal
2026-09-25,15:29:32,General,,Found package: gstreamer1.0-x:amd64 (version: 1.28.2-1),1,Normal
2026-09-25,15:29:32,General,,Found package: gtk-update-icon-cache (version: 4.22.4+ds-0ubuntu0.1),1,Normal
2026-09-25,15:29:32,General,,Found package: gtk2-engines-murrine:amd64 (version: 0.98.2-4ubuntu1),1,Normal
2026-09-25,15:29:32,General,,Found package: gtk2-engines-pixbuf:amd64 (version: 2.24.33-10),1,Normal
2026-09-25,15:29:32,General,,Found package: gvfs-backends (version: 1.60.0-1),1,Normal
2026-09-25,15:29:32,General,,Found package: gvfs-common (version: 1.60.0-1),1,Normal
2026-09-25,15:29:32,General,,Found package: gvfs-daemons (version: 1.60.0-1),1,Normal
2026-09-25,15:29:32,General,,Found package: gvfs-fuse (version: 1.60.0-1),1,Normal
2026-09-25,15:29:32,General,,Found package: gvfs-libs:amd64 (version: 1.60.0-1),1,Normal
2026-09-25,15:29:32,General,,Found package: gvfs:amd64 (version: 1.60.0-1),1,Normal
2026-09-25,15:29:33,General,,Found package: gzip (version: 1.14-1~exp2ubuntu1.1),1,Normal
2026-09-25,15:29:33,General,,Found package: hdparm (version: 9.65+ds-1.1build1),1,Normal
2026-09-25,15:29:33,General,,Found package: heif-gdk-pixbuf:amd64 (version: 1.21.2-3ubuntu0.4),1,Normal
2026-09-25,15:29:33,General,,Found package: heif-thumbnailer (version: 1.21.2-3ubuntu0.4),1,Normal
2026-09-25,15:29:33,General,,Found package: hicolor-icon-theme (version: 0.18-2build1),1,Normal
2026-09-25,15:29:33,General,,Found package: hostname (version: 3.25build1),1,Normal
2026-09-25,15:29:33,General,,Found package: hplip (version: 3.24.4+dfsg0-0ubuntu8.1),1,Normal
2026-09-25,15:29:33,General,,Found package: hplip-data (version: 3.24.4+dfsg0-0ubuntu8.1),1,Normal
2026-09-25,15:29:33,General,,Found package: hunspell-en-us (version: 1:2020.12.07-4build1),1,Normal
2026-09-25,15:29:33,General,,Found package: hwctl (version: 0.11.0-0ubuntu1),1,Normal
2026-09-25,15:29:33,General,,Found package: hwdata (version: 0.394-1build1),1,Normal
2026-09-25,15:29:33,General,,Found package: ibus (version: 1.5.34~rc2-1),1,Normal
2026-09-25,15:29:33,General,,Found package: ibus-data (version: 1.5.34~rc2-1),1,Normal
2026-09-25,15:29:33,General,,Found package: ibus-gtk3:amd64 (version: 1.5.34~rc2-1),1,Normal
2026-09-25,15:29:33,General,,Found package: ibus-gtk4:amd64 (version: 1.5.34~rc2-1),1,Normal
2026-09-25,15:29:33,General,,Found package: ibus-gtk:amd64 (version: 1.5.34~rc2-1),1,Normal
2026-09-25,15:29:33,General,,Found package: ibus-table (version: 1.17.16-1build1),1,Normal
2026-09-25,15:29:33,General,,Found package: ibus-table-cangjie-big (version: 1.8.14-1build1),1,Normal
2026-09-25,15:29:33,General,,Found package: ibus-table-cangjie3 (version: 1.8.14-1build1),1,Normal
2026-09-25,15:29:33,General,,Found package: ibus-table-cangjie5 (version: 1.8.14-1build1),1,Normal
2026-09-25,15:29:33,General,,Found package: ibverbs-providers:amd64 (version: 61.0-2ubuntu3),1,Normal
2026-09-25,15:29:33,General,,Found package: ieee-data (version: 20240722build1),1,Normal
2026-09-25,15:29:33,General,,Found package: iio-sensor-proxy (version: 3.8-1),1,Normal
2026-09-25,15:29:33,General,,Found package: im-config (version: 0.62),1,Normal
2026-09-25,15:29:33,General,,Found package: inetutils-telnet (version: 2:2.7-2ubuntu1.1),1,Normal
2026-09-25,15:29:33,General,,Found package: info (version: 7.2-5ubuntu2),1,Normal
2026-09-25,15:29:33,General,,Found package: init (version: 1.69),1,Normal
2026-09-25,15:29:33,General,,Found package: init-system-helpers (version: 1.69),1,Normal
2026-09-25,15:29:33,General,,Found package: initramfs-tools-bin (version: 0.151ubuntu1),1,Normal
2026-09-25,15:29:33,General,,Found package: initramfs-tools-core (version: 0.151ubuntu1),1,Normal
2026-09-25,15:29:33,General,,Found package: inputattach (version: 1:1.8.1-2build2),1,Normal
2026-09-25,15:29:33,General,,Found package: install-info (version: 7.2-5ubuntu2),1,Normal
2026-09-25,15:29:33,General,,Found package: intel-microcode (version: 3.20260210.1ubuntu2),1,Normal
2026-09-25,15:29:33,General,,Found package: ipp-usb (version: 0.9.31-1),1,Normal
2026-09-25,15:29:33,General,,Found package: iproute2 (version: 6.19.0-1ubuntu1.1),1,Normal
2026-09-25,15:29:33,General,,Found package: iptables (version: 1.8.11-2ubuntu3),1,Normal
2026-09-25,15:29:33,General,,Found package: iputils-ping (version: 3:20250605-1ubuntu1),1,Normal
2026-09-25,15:29:33,General,,Found package: iputils-tracepath (version: 3:20250605-1ubuntu1),1,Normal
2026-09-25,15:29:33,General,,Found package: iso-codes (version: 4.20.1-1),1,Normal
2026-09-25,15:29:34,General,,Found package: iucode-tool (version: 2.3.1-3build2),1,Normal
2026-09-25,15:29:34,General,,Found package: iw (version: 6.17-1),1,Normal
2026-09-25,15:29:34,General,,Found package: jq (version: 1.8.1-4ubuntu2),1,Normal
2026-09-25,15:29:34,General,,Found package: kbd (version: 2.7.1-2ubuntu2),1,Normal
2026-09-25,15:29:34,General,,Found package: kdump-tools (version: 1:1.10.7ubuntu3),1,Normal
2026-09-25,15:29:34,General,,Found package: kexec-tools (version: 1:2.0.32-3ubuntu1),1,Normal
2026-09-25,15:29:34,General,,Found package: keyboard-configuration (version: 1.237ubuntu3.1),1,Normal
2026-09-25,15:29:34,General,,Found package: klibc-utils (version: 2.0.14-1ubuntu2),1,Normal
2026-09-25,15:29:34,General,,Found package: kmod (version: 34.2-2ubuntu2),1,Normal
2026-09-25,15:29:34,General,,Found package: krb5-locales (version: 1.22.1-2ubuntu4.1),1,Normal
2026-09-25,15:29:34,General,,Found package: language-pack-en (version: 1:26.04+20260818),1,Normal
2026-09-25,15:29:34,General,,Found package: language-pack-en-base (version: 1:26.04+20260818),1,Normal
2026-09-25,15:29:34,General,,Found package: language-pack-gnome-en (version: 1:26.04+20260818),1,Normal
2026-09-25,15:29:34,General,,Found package: language-pack-gnome-en-base (version: 1:26.04+20260818),1,Normal
2026-09-25,15:29:34,General,,Found package: language-selector-common (version: 0.228build1),1,Normal
2026-09-25,15:29:34,General,,Found package: language-selector-gnome (version: 0.228build1),1,Normal
2026-09-25,15:29:34,General,,Found package: laptop-detect (version: 0.16+nmu1build1),1,Normal
2026-09-25,15:29:34,General,,Found package: ldap-utils (version: 2.6.10+dfsg-1ubuntu5),1,Normal
2026-09-25,15:29:34,General,,Found package: less (version: 668-1build1),1,Normal
2026-09-25,15:29:34,General,,Found package: libaa1:amd64 (version: 1.4p5-51.1build1),1,Normal
2026-09-25,15:29:34,General,,Found package: libabsl20260107:amd64 (version: 20260107.0-4),1,Normal
2026-09-25,15:29:34,General,,Found package: libaccountsservice0:amd64 (version: 23.13.9-8ubuntu5.2),1,Normal
2026-09-25,15:29:34,General,,Found package: libacl1:amd64 (version: 2.3.2-2),1,Normal
2026-09-25,15:29:34,General,,Found package: libadwaita-1-0:amd64 (version: 1.9.1-0ubuntu0.1),1,Normal
2026-09-25,15:29:34,General,,Found package: libalgorithm-diff-perl (version: 1.201-1),1,Normal
2026-09-25,15:29:34,General,,Found package: libalgorithm-diff-xs-perl (version: 0.04-9),1,Normal
2026-09-25,15:29:34,General,,Found package: libalgorithm-merge-perl (version: 0.08-5),1,Normal
2026-09-25,15:29:34,General,,Found package: libao-common (version: 1.2.2+20180113-1.2ubuntu2),1,Normal
2026-09-25,15:29:34,General,,Found package: libao4:amd64 (version: 1.2.2+20180113-1.2ubuntu2),1,Normal
2026-09-25,15:29:34,General,,Found package: libaom3:amd64 (version: 3.13.1-2),1,Normal
2026-09-25,15:29:34,General,,Found package: libapparmor1:amd64 (version: 5.0.2-0ubuntu1~26.04.1),1,Normal
2026-09-25,15:29:34,General,,Found package: libappstream5:amd64 (version: 1.1.2-1),1,Normal
2026-09-25,15:29:34,General,,Found package: libapt-pkg7.0:amd64 (version: 3.2.0),1,Normal
2026-09-25,15:29:34,General,,Found package: libarchive13t64:amd64 (version: 3.8.5-1ubuntu2.2),1,Normal
2026-09-25,15:29:34,General,,Found package: libasan8:amd64 (version: 16-20260322-1ubuntu1),1,Normal
2026-09-25,15:29:34,General,,Found package: libasound2-data (version: 1.2.15.3-1ubuntu1.1),1,Normal
2026-09-25,15:29:34,General,,Found package: libasound2t64:amd64 (version: 1.2.15.3-1ubuntu1.1),1,Normal
2026-09-25,15:29:34,General,,Found package: libaspell15:amd64 (version: 0.60.8.2-3),1,Normal
2026-09-25,15:29:34,General,,Found package: libassuan9:amd64 (version: 3.0.2-2build1),1,Normal
2026-09-25,15:29:34,General,,Found package: libasyncns0:amd64 (version: 0.8-7),1,Normal
2026-09-25,15:29:34,General,,Found package: libatasmart4:amd64 (version: 0.19-6),1,Normal
2026-09-25,15:29:34,General,,Found package: libatk-adaptor:amd64 (version: 2.60.4-0ubuntu0.1),1,Normal
2026-09-25,15:29:35,General,,Found package: libatk-bridge2.0-0t64:amd64 (version: 2.60.4-0ubuntu0.1),1,Normal
2026-09-25,15:29:35,General,,Found package: libatk1.0-0t64:amd64 (version: 2.60.4-0ubuntu0.1),1,Normal
2026-09-25,15:29:35,General,,Found package: libatomic1:amd64 (version: 16-20260322-1ubuntu1),1,Normal
2026-09-25,15:29:35,General,,Found package: libatopology2t64:amd64 (version: 1.2.15.3-1ubuntu1.1),1,Normal
2026-09-25,15:29:35,General,,Found package: libatspi2.0-0t64:amd64 (version: 2.60.4-0ubuntu0.1),1,Normal
2026-09-25,15:29:35,General,,Found package: libattr1:amd64 (version: 1:2.5.2-4),1,Normal
2026-09-25,15:29:35,General,,Found package: libaudit-common (version: 1:4.1.2-1build1),1,Normal
2026-09-25,15:29:35,General,,Found package: libaudit1:amd64 (version: 1:4.1.2-1build1),1,Normal
2026-09-25,15:29:35,General,,Found package: libauthen-sasl-perl (version: 2.2000-1),1,Normal
2026-09-25,15:29:35,General,,Found package: libavahi-client3:amd64 (version: 0.8-18ubuntu1.1),1,Normal
2026-09-25,15:29:35,General,,Found package: libavahi-common-data:amd64 (version: 0.8-18ubuntu1.1),1,Normal
2026-09-25,15:29:35,General,,Found package: libavahi-common3:amd64 (version: 0.8-18ubuntu1.1),1,Normal
2026-09-25,15:29:35,General,,Found package: libavahi-core7:amd64 (version: 0.8-18ubuntu1.1),1,Normal
2026-09-25,15:29:35,General,,Found package: libavahi-glib1:amd64 (version: 0.8-18ubuntu1.1),1,Normal
2026-09-25,15:29:35,General,,Found package: libavc1394-0:amd64 (version: 0.5.4-5build4),1,Normal
2026-09-25,15:29:35,General,,Found package: libayatana-appindicator3-1 (version: 0.5.94-1build1),1,Normal
2026-09-25,15:29:35,General,,Found package: libayatana-ido3-0.4-0:amd64 (version: 0.10.4-1build1),1,Normal
2026-09-25,15:29:35,General,,Found package: libayatana-indicator3-7:amd64 (version: 0.9.4-2),1,Normal
2026-09-25,15:29:35,General,,Found package: libbabeltrace1:amd64 (version: 1.5.11-5build1),1,Normal
2026-09-25,15:29:35,General,,Found package: libbasicobjects0t64:amd64 (version: 0.6.2-3build1),1,Normal
2026-09-25,15:29:35,General,,Found package: libbinutils:amd64 (version: 2.46-3ubuntu2),1,Normal
2026-09-25,15:29:35,General,,Found package: libblkid1:amd64 (version: 2.41.3-3ubuntu2),1,Normal
2026-09-25,15:29:35,General,,Found package: libblockdev-crypto3:amd64 (version: 3.4.0-1),1,Normal
2026-09-25,15:29:35,General,,Found package: libblockdev-fs3:amd64 (version: 3.4.0-1),1,Normal
2026-09-25,15:29:35,General,,Found package: libblockdev-loop3:amd64 (version: 3.4.0-1),1,Normal
2026-09-25,15:29:35,General,,Found package: libblockdev-mdraid3:amd64 (version: 3.4.0-1),1,Normal
2026-09-25,15:29:35,General,,Found package: libblockdev-nvme3:amd64 (version: 3.4.0-1),1,Normal
2026-09-25,15:29:35,General,,Found package: libblockdev-part3:amd64 (version: 3.4.0-1),1,Normal
2026-09-25,15:29:35,General,,Found package: libblockdev-smart3:amd64 (version: 3.4.0-1),1,Normal
2026-09-25,15:29:35,General,,Found package: libblockdev-swap3:amd64 (version: 3.4.0-1),1,Normal
2026-09-25,15:29:35,General,,Found package: libblockdev-utils3:amd64 (version: 3.4.0-1),1,Normal
2026-09-25,15:29:35,General,,Found package: libblockdev3:amd64 (version: 3.4.0-1),1,Normal
2026-09-25,15:29:35,General,,Found package: libbluetooth3:amd64 (version: 5.85-4ubuntu0.1),1,Normal
2026-09-25,15:29:35,General,,Found package: libbpf1:amd64 (version: 1:1.6.3-1ubuntu1),1,Normal
2026-09-25,15:29:35,General,,Found package: libbpfcc:amd64 (version: 0.35.0+ds-1ubuntu2),1,Normal
2026-09-25,15:29:35,General,,Found package: libbrlapi0.8:amd64 (version: 6.7-1ubuntu6),1,Normal
2026-09-25,15:29:35,General,,Found package: libbrotli1:amd64 (version: 1.2.0-3build1),1,Normal
2026-09-25,15:29:35,General,,Found package: libbsd0:amd64 (version: 0.12.2-2build2),1,Normal
2026-09-25,15:29:35,General,,Found package: libbytesize-common (version: 2.12-1),1,Normal
2026-09-25,15:29:35,General,,Found package: libbytesize1:amd64 (version: 2.12-1),1,Normal
2026-09-25,15:29:35,General,,Found package: libbz2-1.0:amd64 (version: 1.0.8-6build2),1,Normal
2026-09-25,15:29:35,General,,Found package: libc-bin (version: 2.43-2ubuntu2.3),1,Normal
2026-09-25,15:29:35,General,,Found package: libc-dev-bin (version: 2.43-2ubuntu2.3),1,Normal
2026-09-25,15:29:35,General,,Found package: libc-gconv-modules-extra:amd64 (version: 2.43-2ubuntu2.3),1,Normal
2026-09-25,15:29:35,General,,Found package: libc6-dbg:amd64 (version: 2.43-2ubuntu2.3),1,Normal
2026-09-25,15:29:35,General,,Found package: libc6-dev:amd64 (version: 2.43-2ubuntu2.3),1,Normal
2026-09-25,15:29:36,General,,Found package: libc6:amd64 (version: 2.43-2ubuntu2.3),1,Normal
2026-09-25,15:29:36,General,,Found package: libcaca0:amd64 (version: 0.99.beta20-6ubuntu2.1),1,Normal
2026-09-25,15:29:36,General,,Found package: libcairo-gobject-perl (version: 1.005-4build4),1,Normal
2026-09-25,15:29:36,General,,Found package: libcairo-gobject2:amd64 (version: 1.18.4-3),1,Normal
2026-09-25,15:29:36,General,,Found package: libcairo-perl (version: 1.109-5build1),1,Normal
2026-09-25,15:29:36,General,,Found package: libcairo-script-interpreter2:amd64 (version: 1.18.4-3),1,Normal
2026-09-25,15:29:36,General,,Found package: libcairo2:amd64 (version: 1.18.4-3),1,Normal
2026-09-25,15:29:36,General,,Found package: libcamel-1.2-64t64:amd64 (version: 3.56.2-8),1,Normal
2026-09-25,15:29:36,General,,Found package: libcanberra-gtk3-0:amd64 (version: 0.30-18ubuntu3),1,Normal
2026-09-25,15:29:36,General,,Found package: libcanberra-gtk3-module:amd64 (version: 0.30-18ubuntu3),1,Normal
2026-09-25,15:29:36,General,,Found package: libcanberra-pulse:amd64 (version: 0.30-18ubuntu3),1,Normal
2026-09-25,15:29:36,General,,Found package: libcanberra0:amd64 (version: 0.30-18ubuntu3),1,Normal
2026-09-25,15:29:36,General,,Found package: libcap-ng0:amd64 (version: 0.8.5-4build5),1,Normal
2026-09-25,15:29:36,General,,Found package: libcap2-bin (version: 1:2.75-10ubuntu2),1,Normal
2026-09-25,15:29:36,General,,Found package: libcap2:amd64 (version: 1:2.75-10ubuntu2),1,Normal
2026-09-25,15:29:36,General,,Found package: libcares2:amd64 (version: 1.34.6-1),1,Normal
2026-09-25,15:29:36,General,,Found package: libcbor0.10:amd64 (version: 0.10.2-2ubuntu3),1,Normal
2026-09-25,15:29:36,General,,Found package: libcc1-0:amd64 (version: 16-20260322-1ubuntu1),1,Normal
2026-09-25,15:29:36,General,,Found package: libcdio-cdda2t64:amd64 (version: 10.2+2.0.2-2),1,Normal
2026-09-25,15:29:36,General,,Found package: libcdio-paranoia2t64:amd64 (version: 10.2+2.0.2-2),1,Normal
2026-09-25,15:29:36,General,,Found package: libcdio19t64:amd64 (version: 2.2.0-4build1),1,Normal
2026-09-25,15:29:36,General,,Found package: libcdparanoia0:amd64 (version: 3.10.2+debian-14ubuntu2),1,Normal
2026-09-25,15:29:36,General,,Found package: libchewing3-data (version: 0.11.0-1),1,Normal
2026-09-25,15:29:36,General,,Found package: libchewing3:amd64 (version: 0.11.0-1),1,Normal
2026-09-25,15:29:36,General,,Found package: libclang-cpp21 (version: 1:21.1.8-6ubuntu1),1,Normal
2026-09-25,15:29:36,General,,Found package: libclang1-21 (version: 1:21.1.8-6ubuntu1),1,Normal
2026-09-25,15:29:36,General,,Found package: libclone-perl:amd64 (version: 0.47-1),1,Normal
2026-09-25,15:29:36,General,,Found package: libcollection4t64:amd64 (version: 0.6.2-3build1),1,Normal
2026-09-25,15:29:36,General,,Found package: libcolord-gtk4-1t64:amd64 (version: 0.3.1-2),1,Normal
2026-09-25,15:29:36,General,,Found package: libcolord2:amd64 (version: 1.4.8-3),1,Normal
2026-09-25,15:29:36,General,,Found package: libcolorhug2:amd64 (version: 1.4.8-3),1,Normal
2026-09-25,15:29:36,General,,Found package: libcom-err2:amd64 (version: 1.47.2-3ubuntu4),1,Normal
2026-09-25,15:29:36,General,,Found package: libcrack2:amd64 (version: 2.9.6-5.2build3),1,Normal
2026-09-25,15:29:36,General,,Found package: libcrypt-dev:amd64 (version: 1:4.5.1-1),1,Normal
2026-09-25,15:29:36,General,,Found package: libcrypt-urandom-perl (version: 0.55-1),1,Normal
2026-09-25,15:29:36,General,,Found package: libcrypt1:amd64 (version: 1:4.5.1-1),1,Normal
2026-09-25,15:29:36,General,,Found package: libcryptsetup12:amd64 (version: 2:2.8.4-1ubuntu4),1,Normal
2026-09-25,15:29:36,General,,Found package: libctf-nobfd0:amd64 (version: 2.46-3ubuntu2),1,Normal
2026-09-25,15:29:36,General,,Found package: libctf0:amd64 (version: 2.46-3ubuntu2),1,Normal
2026-09-25,15:29:36,General,,Found package: libcue2:amd64 (version: 2.2.1-4.2),1,Normal
2026-09-25,15:29:36,General,,Found package: libcups2t64:amd64 (version: 2.4.16-1ubuntu1.3),1,Normal
2026-09-25,15:29:36,General,,Found package: libcupsfilters2-common (version: 2.1.1-0ubuntu5),1,Normal
2026-09-25,15:29:36,General,,Found package: libcupsfilters2t64:amd64 (version: 2.1.1-0ubuntu5),1,Normal
2026-09-25,15:29:36,General,,Found package: libcupsimage2t64:amd64 (version: 2.4.16-1ubuntu1.3),1,Normal
2026-09-25,15:29:36,General,,Found package: libcurl3t64-gnutls:amd64 (version: 8.18.0-1ubuntu2.4),1,Normal
2026-09-25,15:29:36,General,,Found package: libcurl4t64:amd64 (version: 8.18.0-1ubuntu2.4),1,Normal
2026-09-25,15:29:37,General,,Found package: libdaemon0:amd64 (version: 0.14-7.1ubuntu5),1,Normal
2026-09-25,15:29:37,General,,Found package: libdata-dump-perl (version: 1.25-1),1,Normal
2026-09-25,15:29:37,General,,Found package: libdatrie1:amd64 (version: 0.2.14-1),1,Normal
2026-09-25,15:29:37,General,,Found package: libdb5.3t64:amd64 (version: 5.3.28+dfsg2-10ubuntu1),1,Normal
2026-09-25,15:29:37,General,,Found package: libdbus-1-3:amd64 (version: 1.16.2-2ubuntu4),1,Normal
2026-09-25,15:29:37,General,,Found package: libdbusmenu-glib4:amd64 (version: 18.10.20180917~bzr492+repack1-4build1),1,Normal
2026-09-25,15:29:37,General,,Found package: libdbusmenu-gtk3-4:amd64 (version: 18.10.20180917~bzr492+repack1-4build1),1,Normal
2026-09-25,15:29:37,General,,Found package: libdconf1:amd64 (version: 0.49.0-4),1,Normal
2026-09-25,15:29:37,General,,Found package: libdebconfclient0:amd64 (version: 0.280ubuntu1),1,Normal
2026-09-25,15:29:37,General,,Found package: libdebuginfod-common (version: 0.194-4),1,Normal
2026-09-25,15:29:37,General,,Found package: libdebuginfod1t64:amd64 (version: 0.194-4),1,Normal
2026-09-25,15:29:37,General,,Found package: libdecor-0-0:amd64 (version: 0.2.5-1),1,Normal
2026-09-25,15:29:37,General,,Found package: libdecor-0-plugin-1-gtk:amd64 (version: 0.2.5-1),1,Normal
2026-09-25,15:29:37,General,,Found package: libdee-1.0-4:amd64 (version: 1.2.7+17.10.20170616-8build1),1,Normal
2026-09-25,15:29:37,General,,Found package: libdeflate0:amd64 (version: 1.23-2ubuntu1),1,Normal
2026-09-25,15:29:37,General,,Found package: libdevmapper1.02.1:amd64 (version: 2:1.02.205-2ubuntu3),1,Normal
2026-09-25,15:29:37,General,,Found package: libdex-1-1:amd64 (version: 1.1.0-1),1,Normal
2026-09-25,15:29:37,General,,Found package: libdhash1t64:amd64 (version: 0.6.2-3build1),1,Normal
2026-09-25,15:29:37,General,,Found package: libdisplay-info3:amd64 (version: 0.3.0-1),1,Normal
2026-09-25,15:29:37,General,,Found package: libdjvulibre-text (version: 3.5.29-1),1,Normal
2026-09-25,15:29:37,General,,Found package: libdjvulibre21:amd64 (version: 3.5.29-1),1,Normal
2026-09-25,15:29:37,General,,Found package: libdotconf0:amd64 (version: 1.4.1-1build1),1,Normal
2026-09-25,15:29:37,General,,Found package: libdpkg-perl (version: 1.23.7ubuntu1),1,Normal
2026-09-25,15:29:37,General,,Found package: libdrm-amdgpu1:amd64 (version: 2.4.131-1),1,Normal
2026-09-25,15:29:37,General,,Found package: libdrm-common (version: 2.4.131-1),1,Normal
2026-09-25,15:29:37,General,,Found package: libdrm-intel1:amd64 (version: 2.4.131-1),1,Normal
2026-09-25,15:29:37,General,,Found package: libdrm2:amd64 (version: 2.4.131-1),1,Normal
2026-09-25,15:29:37,General,,Found package: libduktape207:amd64 (version: 2.7.0+tests-0ubuntu4),1,Normal
2026-09-25,15:29:37,General,,Found package: libdv4t64:amd64 (version: 1.0.0-17.1build2),1,Normal
2026-09-25,15:29:37,General,,Found package: libdw1t64:amd64 (version: 0.194-4),1,Normal
2026-09-25,15:29:37,General,,Found package: libeatmydata1:amd64 (version: 131-2build1),1,Normal
2026-09-25,15:29:37,General,,Found package: libebackend-1.2-11t64:amd64 (version: 3.56.2-8),1,Normal
2026-09-25,15:29:37,General,,Found package: libebook-1.2-21t64:amd64 (version: 3.56.2-8),1,Normal
2026-09-25,15:29:37,General,,Found package: libebook-contacts-1.2-4t64:amd64 (version: 3.56.2-8),1,Normal
2026-09-25,15:29:37,General,,Found package: libecal-2.0-3:amd64 (version: 3.56.2-8),1,Normal
2026-09-25,15:29:37,General,,Found package: libedata-book-1.2-27t64:amd64 (version: 3.56.2-8),1,Normal
2026-09-25,15:29:37,General,,Found package: libedata-cal-2.0-2t64:amd64 (version: 3.56.2-8),1,Normal
2026-09-25,15:29:37,General,,Found package: libedataserver-1.2-27t64:amd64 (version: 3.56.2-8),1,Normal
2026-09-25,15:29:37,General,,Found package: libedataserverui-1.2-4t64:amd64 (version: 3.56.2-8),1,Normal
2026-09-25,15:29:37,General,,Found package: libedit2:amd64 (version: 3.1-20251016-1),1,Normal
2026-09-25,15:29:37,General,,Found package: libeditorconfig0:amd64 (version: 0.12.10+~0.17.1-3ubuntu0.1),1,Normal
2026-09-25,15:29:37,General,,Found package: libefiboot1t64:amd64 (version: 39-2),1,Normal
2026-09-25,15:29:37,General,,Found package: libefivar1t64:amd64 (version: 39-2),1,Normal
2026-09-25,15:29:37,General,,Found package: libegl-mesa0:amd64 (version: 26.0.8-1ubuntu0.3),1,Normal
2026-09-25,15:29:37,General,,Found package: libegl1:amd64 (version: 1.7.0-3),1,Normal
2026-09-25,15:29:38,General,,Found package: libei1:amd64 (version: 1.5.0-3),1,Normal
2026-09-25,15:29:38,General,,Found package: libeis1:amd64 (version: 1.5.0-3),1,Normal
2026-09-25,15:29:38,General,,Found package: libelf1t64:amd64 (version: 0.194-4),1,Normal
2026-09-25,15:29:38,General,,Found package: libenchant-2-2:amd64 (version: 2.8.2+dfsg1-3build1),1,Normal
2026-09-25,15:29:38,General,,Found package: libencode-locale-perl (version: 1.05-3),1,Normal
2026-09-25,15:29:38,General,,Found package: libepoxy0:amd64 (version: 1.5.10-2build1),1,Normal
2026-09-25,15:29:38,General,,Found package: libespeak-ng1:amd64 (version: 1.52.0+dfsg-5build1),1,Normal
2026-09-25,15:29:38,General,,Found package: libestr0:amd64 (version: 0.1.11-2build1),1,Normal
2026-09-25,15:29:38,General,,Found package: libevdev2:amd64 (version: 1.13.6+dfsg-1),1,Normal
2026-09-25,15:29:38,General,,Found package: libexempi8:amd64 (version: 2.6.6-2build1),1,Normal
2026-09-25,15:29:38,General,,Found package: libexif12:amd64 (version: 0.6.25-2ubuntu0.1),1,Normal
2026-09-25,15:29:38,General,,Found package: libexiv2-28:amd64 (version: 0.28.8+dfsg-1),1,Normal
2026-09-25,15:29:38,General,,Found package: libexiv2-data (version: 0.28.8+dfsg-1),1,Normal
2026-09-25,15:29:38,General,,Found package: libexpat1:amd64 (version: 2.7.4-1),1,Normal
2026-09-25,15:29:38,General,,Found package: libext2fs2t64:amd64 (version: 1.47.2-3ubuntu4),1,Normal
2026-09-25,15:29:38,General,,Found package: libextutils-depends-perl (version: 0.8002-1),1,Normal
2026-09-25,15:29:38,General,,Found package: libfakeroot:amd64 (version: 1.37.2-1),1,Normal
2026-09-25,15:29:38,General,,Found package: libfastjson4:amd64 (version: 1.2304.0-2build1),1,Normal
2026-09-25,15:29:38,General,,Found package: libfdisk1:amd64 (version: 2.41.3-3ubuntu2),1,Normal
2026-09-25,15:29:38,General,,Found package: libffi8:amd64 (version: 3.5.2-4),1,Normal
2026-09-25,15:29:38,General,,Found package: libfftw3-single3:amd64 (version: 3.3.10-2fakesync1build3),1,Normal
2026-09-25,15:29:38,General,,Found package: libfido2-1:amd64 (version: 1.16.0-2build1),1,Normal
2026-09-25,15:29:38,General,,Found package: libfile-basedir-perl (version: 0.09-2),1,Normal
2026-09-25,15:29:38,General,,Found package: libfile-desktopentry-perl (version: 0.23-1),1,Normal
2026-09-25,15:29:38,General,,Found package: libfile-fcntllock-perl (version: 0.22-4ubuntu6),1,Normal
2026-09-25,15:29:38,General,,Found package: libfile-listing-perl (version: 6.16-1),1,Normal
2026-09-25,15:29:38,General,,Found package: libfile-mimeinfo-perl (version: 0.36-2),1,Normal
2026-09-25,15:29:38,General,,Found package: libflac14:amd64 (version: 1.5.0+ds-5),1,Normal
2026-09-25,15:29:38,General,,Found package: libflashrom1:amd64 (version: 1.6.0-2ubuntu1),1,Normal
2026-09-25,15:29:38,General,,Found package: libfont-afm-perl (version: 1.20-4),1,Normal
2026-09-25,15:29:38,General,,Found package: libfontconfig1:amd64 (version: 2.17.1-3ubuntu1),1,Normal
2026-09-25,15:29:38,General,,Found package: libfontenc1:amd64 (version: 1:1.1.8-1build2),1,Normal
2026-09-25,15:29:38,General,,Found package: libfprint-2-2 (version: 1:1.95.1+tod1-0ubuntu2),1,Normal
2026-09-25,15:29:38,General,,Found package: libfprint-2-tod1:amd64 (version: 1:1.95.1+tod1-0ubuntu2),1,Normal
2026-09-25,15:29:38,General,,Found package: libfreeaptx0:amd64 (version: 0.2.2-1build1),1,Normal
2026-09-25,15:29:38,General,,Found package: libfreerdp-server3-3:amd64 (version: 3.30.0+dfsg-0ubuntu0.26.04.2),1,Normal
2026-09-25,15:29:38,General,,Found package: libfreerdp3-3:amd64 (version: 3.30.0+dfsg-0ubuntu0.26.04.2),1,Normal
2026-09-25,15:29:38,General,,Found package: libfreetype6:amd64 (version: 2.14.2+dfsg-1ubuntu0.1),1,Normal
2026-09-25,15:29:38,General,,Found package: libfribidi0:amd64 (version: 1.0.16-5),1,Normal
2026-09-25,15:29:38,General,,Found package: libftdi1-2:amd64 (version: 1.6~rc1-1build1),1,Normal
2026-09-25,15:29:38,General,,Found package: libfuse3-4:amd64 (version: 3.18.2-1),1,Normal
2026-09-25,15:29:38,General,,Found package: libfwupd3:amd64 (version: 2.1.1-1ubuntu3.1),1,Normal
2026-09-25,15:29:38,General,,Found package: libfyaml0:amd64 (version: 0.9.4-1),1,Normal
2026-09-25,15:29:38,General,,Found package: libgamemode0:amd64 (version: 1.8.2-2build1),1,Normal
2026-09-25,15:29:38,General,,Found package: libgamemodeauto0:amd64 (version: 1.8.2-2build1),1,Normal
2026-09-25,15:29:38,General,,Found package: libgbm1:amd64 (version: 26.0.8-1ubuntu0.3),1,Normal
2026-09-25,15:29:39,General,,Found package: libgcc-15-dev:amd64 (version: 15.2.0-16ubuntu1),1,Normal
2026-09-25,15:29:39,General,,Found package: libgcc-s1:amd64 (version: 16-20260322-1ubuntu1),1,Normal
2026-09-25,15:29:39,General,,Found package: libgck-1-0:amd64 (version: 3.41.2-6),1,Normal
2026-09-25,15:29:39,General,,Found package: libgck-2-2:amd64 (version: 4.4.0.1-8),1,Normal
2026-09-25,15:29:39,General,,Found package: libgcr-4-4:amd64 (version: 4.4.0.1-8),1,Normal
2026-09-25,15:29:39,General,,Found package: libgcr-base-3-1:amd64 (version: 3.41.2-6),1,Normal
2026-09-25,15:29:39,General,,Found package: libgcr-ui-3-1:amd64 (version: 3.41.2-6),1,Normal
2026-09-25,15:29:39,General,,Found package: libgcrypt20:amd64 (version: 1.12.0-2ubuntu1),1,Normal
2026-09-25,15:29:39,General,,Found package: libgd3:amd64 (version: 2.3.3-13ubuntu2),1,Normal
2026-09-25,15:29:39,General,,Found package: libgdbm-compat4t64:amd64 (version: 1.26-1build1),1,Normal
2026-09-25,15:29:39,General,,Found package: libgdbm6t64:amd64 (version: 1.26-1build1),1,Normal
2026-09-25,15:29:39,General,,Found package: libgdk-pixbuf-2.0-0:amd64 (version: 2.44.5+dfsg-4ubuntu1),1,Normal
2026-09-25,15:29:39,General,,Found package: libgdk-pixbuf2.0-bin (version: 2.44.5+dfsg-4ubuntu1),1,Normal
2026-09-25,15:29:39,General,,Found package: libgdk-pixbuf2.0-common (version: 2.44.5+dfsg-4ubuntu1),1,Normal
2026-09-25,15:29:39,General,,Found package: libgdm1 (version: 50.1-0ubuntu0.1),1,Normal
2026-09-25,15:29:39,General,,Found package: libgee-0.8-2:amd64 (version: 0.20.8-2),1,Normal
2026-09-25,15:29:39,General,,Found package: libgeoclue-2-0:amd64 (version: 2.7.2-2ubuntu3),1,Normal
2026-09-25,15:29:39,General,,Found package: libgeocode-glib-2-0:amd64 (version: 3.26.4-3),1,Normal
2026-09-25,15:29:39,General,,Found package: libgexiv2-2:amd64 (version: 0.14.6-2),1,Normal
2026-09-25,15:29:39,General,,Found package: libgif7:amd64 (version: 5.2.2-1ubuntu3.2),1,Normal
2026-09-25,15:29:39,General,,Found package: libgirepository-1.0-1:amd64 (version: 1.86.0-6build1),1,Normal
2026-09-25,15:29:39,General,,Found package: libgirepository-2.0-0:amd64 (version: 2.88.0-1),1,Normal
2026-09-25,15:29:39,General,,Found package: libgjs0:amd64 (version: 1.88.0-1),1,Normal
2026-09-25,15:29:39,General,,Found package: libgl1-mesa-dri:amd64 (version: 26.0.8-1ubuntu0.3),1,Normal
2026-09-25,15:29:39,General,,Found package: libgl1:amd64 (version: 1.7.0-3),1,Normal
2026-09-25,15:29:39,General,,Found package: libgles2:amd64 (version: 1.7.0-3),1,Normal
2026-09-25,15:29:39,General,,Found package: libglib-object-introspection-perl (version: 0.052-1),1,Normal
2026-09-25,15:29:39,General,,Found package: libglib-perl:amd64 (version: 3:1.329.4-1),1,Normal
2026-09-25,15:29:39,General,,Found package: libglib2.0-0t64:amd64 (version: 2.88.0-1),1,Normal
2026-09-25,15:29:39,General,,Found package: libglib2.0-bin (version: 2.88.0-1),1,Normal
2026-09-25,15:29:39,General,,Found package: libglib2.0-data (version: 2.88.0-1),1,Normal
2026-09-25,15:29:39,General,,Found package: libglvnd0:amd64 (version: 1.7.0-3),1,Normal
2026-09-25,15:29:39,General,,Found package: libglx-mesa0:amd64 (version: 26.0.8-1ubuntu0.3),1,Normal
2026-09-25,15:29:39,General,,Found package: libglx0:amd64 (version: 1.7.0-3),1,Normal
2026-09-25,15:29:39,General,,Found package: libglycin-2-0:amd64 (version: 2.1.1+ds-0ubuntu1),1,Normal
2026-09-25,15:29:39,General,,Found package: libglycin-gtk4-2-0:amd64 (version: 2.1.1+ds-0ubuntu1),1,Normal
2026-09-25,15:29:39,General,,Found package: libgmp10:amd64 (version: 2:6.3.0+dfsg-5ubuntu2),1,Normal
2026-09-25,15:29:39,General,,Found package: libgnome-autoar-0-0:amd64 (version: 0.4.5-5),1,Normal
2026-09-25,15:29:39,General,,Found package: libgnome-bg-4-2t64:amd64 (version: 44.5-1ubuntu1),1,Normal
2026-09-25,15:29:39,General,,Found package: libgnome-bluetooth-3.0-13:amd64 (version: 47.1-5),1,Normal
2026-09-25,15:29:39,General,,Found package: libgnome-bluetooth-ui-3.0-13:amd64 (version: 47.1-5),1,Normal
2026-09-25,15:29:39,General,,Found package: libgnome-desktop-3-20t64:amd64 (version: 44.5-1ubuntu1),1,Normal
2026-09-25,15:29:39,General,,Found package: libgnome-desktop-4-2t64:amd64 (version: 44.5-1ubuntu1),1,Normal
2026-09-25,15:29:39,General,,Found package: libgnome-menu-3-0:amd64 (version: 3.38.1-1ubuntu1),1,Normal
2026-09-25,15:29:39,General,,Found package: libgnome-qr-4-0:amd64 (version: 44.5-1ubuntu1),1,Normal
2026-09-25,15:29:39,General,,Found package: libgnome-qr-gtk-4-0:amd64 (version: 44.5-1ubuntu1),1,Normal
2026-09-25,15:29:39,General,,Found package: libgnutls30t64:amd64 (version: 3.8.12-2ubuntu1.1),1,Normal
2026-09-25,15:29:40,General,,Found package: libgoa-1.0-0b:amd64 (version: 3.58.0-1),1,Normal
2026-09-25,15:29:40,General,,Found package: libgoa-1.0-common (version: 3.58.0-1),1,Normal
2026-09-25,15:29:40,General,,Found package: libgoa-backend-1.0-2:amd64 (version: 3.58.0-1),1,Normal
2026-09-25,15:29:40,General,,Found package: libgomp1:amd64 (version: 16-20260322-1ubuntu1),1,Normal
2026-09-25,15:29:40,General,,Found package: libgpg-error-l10n (version: 1.58-2),1,Normal
2026-09-25,15:29:40,General,,Found package: libgpg-error0:amd64 (version: 1.58-2),1,Normal
2026-09-25,15:29:40,General,,Found package: libgpgme45:amd64 (version: 2.0.1-2build1),1,Normal
2026-09-25,15:29:40,General,,Found package: libgpgmepp7:amd64 (version: 2.0.0-2),1,Normal
2026-09-25,15:29:40,General,,Found package: libgphoto2-6t64:amd64 (version: 2.5.33-1ubuntu1.1),1,Normal
2026-09-25,15:29:40,General,,Found package: libgphoto2-l10n (version: 2.5.33-1ubuntu1.1),1,Normal
2026-09-25,15:29:40,General,,Found package: libgphoto2-port12t64:amd64 (version: 2.5.33-1ubuntu1.1),1,Normal
2026-09-25,15:29:40,General,,Found package: libgpm2:amd64 (version: 1.20.7-12build1),1,Normal
2026-09-25,15:29:40,General,,Found package: libgprofng0:amd64 (version: 2.46-3ubuntu2),1,Normal
2026-09-25,15:29:40,General,,Found package: libgraphene-1.0-0:amd64 (version: 1.10.8-5build1),1,Normal
2026-09-25,15:29:40,General,,Found package: libgraphite2-3:amd64 (version: 1.3.14-11ubuntu1.1),1,Normal
2026-09-25,15:29:40,General,,Found package: libgs-common (version: 10.06.0~dfsg-3ubuntu1),1,Normal
2026-09-25,15:29:40,General,,Found package: libgs10-common (version: 10.06.0~dfsg-3ubuntu1),1,Normal
2026-09-25,15:29:40,General,,Found package: libgs10:amd64 (version: 10.06.0~dfsg-3ubuntu1),1,Normal
2026-09-25,15:29:40,General,,Found package: libgsf-1-114:amd64 (version: 1.14.53-1.1),1,Normal
2026-09-25,15:29:40,General,,Found package: libgsf-1-common (version: 1.14.53-1.1),1,Normal
2026-09-25,15:29:40,General,,Found package: libgsound0t64:amd64 (version: 1.0.3-4),1,Normal
2026-09-25,15:29:40,General,,Found package: libgssapi-krb5-2:amd64 (version: 1.22.1-2ubuntu4.1),1,Normal
2026-09-25,15:29:40,General,,Found package: libgssdp-1.6-0:amd64 (version: 1.6.4-5),1,Normal
2026-09-25,15:29:40,General,,Found package: libgstreamer-gl1.0-0:amd64 (version: 1.28.2-1),1,Normal
2026-09-25,15:29:40,General,,Found package: libgstreamer-plugins-base1.0-0:amd64 (version: 1.28.2-1),1,Normal
2026-09-25,15:29:40,General,,Found package: libgstreamer-plugins-extra1.0-0:amd64 (version: 1.28.2-1ubuntu1.1),1,Normal
2026-09-25,15:29:40,General,,Found package: libgstreamer1.0-0:amd64 (version: 1.28.2-1),1,Normal
2026-09-25,15:29:40,General,,Found package: libgtk-3-0t64:amd64 (version: 3.24.52-0ubuntu1),1,Normal
2026-09-25,15:29:40,General,,Found package: libgtk-3-bin (version: 3.24.52-0ubuntu1),1,Normal
2026-09-25,15:29:40,General,,Found package: libgtk-3-common (version: 3.24.52-0ubuntu1),1,Normal
2026-09-25,15:29:40,General,,Found package: libgtk-4-1:amd64 (version: 4.22.4+ds-0ubuntu0.1),1,Normal
2026-09-25,15:29:40,General,,Found package: libgtk-4-bin (version: 4.22.4+ds-0ubuntu0.1),1,Normal
2026-09-25,15:29:40,General,,Found package: libgtk-4-common (version: 4.22.4+ds-0ubuntu0.1),1,Normal
2026-09-25,15:29:40,General,,Found package: libgtk3-perl (version: 0.038-3),1,Normal
2026-09-25,15:29:40,General,,Found package: libgtksourceview-5-0:amd64 (version: 5.18.0-3),1,Normal
2026-09-25,15:29:40,General,,Found package: libgtksourceview-5-common (version: 5.18.0-3),1,Normal
2026-09-25,15:29:40,General,,Found package: libgtop-2.0-11:amd64 (version: 2.41.3-2ubuntu1),1,Normal
2026-09-25,15:29:40,General,,Found package: libgtop2-common (version: 2.41.3-2ubuntu1),1,Normal
2026-09-25,15:29:40,General,,Found package: libgudev-1.0-0:amd64 (version: 1:238-7build1),1,Normal
2026-09-25,15:29:40,General,,Found package: libgupnp-1.6-0:amd64 (version: 1.6.9-4),1,Normal
2026-09-25,15:29:40,General,,Found package: libgupnp-av-1.0-3:amd64 (version: 0.14.4-3),1,Normal
2026-09-25,15:29:40,General,,Found package: libgupnp-dlna-2.0-4:amd64 (version: 0.12.0-8),1,Normal
2026-09-25,15:29:40,General,,Found package: libgusb2a:amd64 (version: 0.4.9-7),1,Normal
2026-09-25,15:29:40,General,,Found package: libgweather-4-0t64:amd64 (version: 4.4.4-4),1,Normal
2026-09-25,15:29:40,General,,Found package: libgweather-4-common (version: 4.4.4-4),1,Normal
2026-09-25,15:29:40,General,,Found package: libgxps2t64:amd64 (version: 0.3.2-6),1,Normal
2026-09-25,15:29:40,General,,Found package: libhandy-1-0:amd64 (version: 1.8.3-3build1),1,Normal
2026-09-25,15:29:41,General,,Found package: libharfbuzz-gobject0:amd64 (version: 12.3.2-2),1,Normal
2026-09-25,15:29:41,General,,Found package: libharfbuzz-icu0:amd64 (version: 12.3.2-2),1,Normal
2026-09-25,15:29:41,General,,Found package: libharfbuzz-subset0:amd64 (version: 12.3.2-2),1,Normal
2026-09-25,15:29:41,General,,Found package: libharfbuzz0b:amd64 (version: 12.3.2-2),1,Normal
2026-09-25,15:29:41,General,,Found package: libheif-plugin-aomdec:amd64 (version: 1.21.2-3ubuntu0.4),1,Normal
2026-09-25,15:29:41,General,,Found package: libheif-plugin-aomenc:amd64 (version: 1.21.2-3ubuntu0.4),1,Normal
2026-09-25,15:29:41,General,,Found package: libheif1:amd64 (version: 1.21.2-3ubuntu0.4),1,Normal
2026-09-25,15:29:41,General,,Found package: libhogweed6t64:amd64 (version: 3.10.2-1),1,Normal
2026-09-25,15:29:41,General,,Found package: libhpmud0:amd64 (version: 3.24.4+dfsg0-0ubuntu8.1),1,Normal
2026-09-25,15:29:41,General,,Found package: libhtml-form-perl (version: 6.13-1build1),1,Normal
2026-09-25,15:29:41,General,,Found package: libhtml-format-perl (version: 2.16-2),1,Normal
2026-09-25,15:29:41,General,,Found package: libhtml-parser-perl:amd64 (version: 3.83-1ubuntu0.1),1,Normal
2026-09-25,15:29:41,General,,Found package: libhtml-tagset-perl (version: 3.24-1),1,Normal
2026-09-25,15:29:41,General,,Found package: libhtml-tree-perl (version: 5.07-3),1,Normal
2026-09-25,15:29:41,General,,Found package: libhttp-cookies-perl (version: 6.11-1),1,Normal
2026-09-25,15:29:41,General,,Found package: libhttp-daemon-perl (version: 6.16-1ubuntu0.26.04.1),1,Normal
2026-09-25,15:29:41,General,,Found package: libhttp-date-perl (version: 6.06-1ubuntu0.26.04.1),1,Normal
2026-09-25,15:29:41,General,,Found package: libhttp-message-perl (version: 7.01-1ubuntu1),1,Normal
2026-09-25,15:29:41,General,,Found package: libhttp-negotiate-perl (version: 6.01-2),1,Normal
2026-09-25,15:29:41,General,,Found package: libhunspell-1.7-0:amd64 (version: 1.7.2+really1.7.2-11),1,Normal
2026-09-25,15:29:41,General,,Found package: libhwasan0:amd64 (version: 16-20260322-1ubuntu1),1,Normal
2026-09-25,15:29:41,General,,Found package: libhwy1t64:amd64 (version: 1.3.0-2),1,Normal
2026-09-25,15:29:41,General,,Found package: libhyphen0:amd64 (version: 2.8.8-7build4),1,Normal
2026-09-25,15:29:41,General,,Found package: libibus-1.0-5:amd64 (version: 1.5.34~rc2-1),1,Normal
2026-09-25,15:29:41,General,,Found package: libibverbs1:amd64 (version: 61.0-2ubuntu3),1,Normal
2026-09-25,15:29:41,General,,Found package: libical3t64:amd64 (version: 3.0.20-2build1),1,Normal
2026-09-25,15:29:41,General,,Found package: libice6:amd64 (version: 2:1.1.1-1build1),1,Normal
2026-09-25,15:29:41,General,,Found package: libicu78:amd64 (version: 78.2-2ubuntu1),1,Normal
2026-09-25,15:29:41,General,,Found package: libidn12:amd64 (version: 1.43-2ubuntu0.26.04.1),1,Normal
2026-09-25,15:29:41,General,,Found package: libidn2-0:amd64 (version: 2.3.8-4build1),1,Normal
2026-09-25,15:29:41,General,,Found package: libiec61883-0:amd64 (version: 1.2.0-8),1,Normal
2026-09-25,15:29:41,General,,Found package: libieee1284-3t64:amd64 (version: 0.2.11-14.1build2),1,Normal
2026-09-25,15:29:41,General,,Found package: libijs-0.35:amd64 (version: 0.35-16),1,Normal
2026-09-25,15:29:41,General,,Found package: libimagequant0:amd64 (version: 4.4.1-1),1,Normal
2026-09-25,15:29:41,General,,Found package: libimobiledevice-1.0-6:amd64 (version: 1.4.0-1build1),1,Normal
2026-09-25,15:29:41,General,,Found package: libimobiledevice-glue-1.0-0 (version: 1.3.2-2build1),1,Normal
2026-09-25,15:29:41,General,,Found package: libini-config5t64:amd64 (version: 0.6.2-3build1),1,Normal
2026-09-25,15:29:41,General,,Found package: libinih1:amd64 (version: 61-1ubuntu1),1,Normal
2026-09-25,15:29:41,General,,Found package: libinireader0:amd64 (version: 61-1ubuntu1),1,Normal
2026-09-25,15:29:41,General,,Found package: libinput-bin (version: 1.31.1-1ubuntu1.1),1,Normal
2026-09-25,15:29:41,General,,Found package: libinput10:amd64 (version: 1.31.1-1ubuntu1.1),1,Normal
2026-09-25,15:29:41,General,,Found package: libinsights0:amd64 (version: 0.9.3ubuntu),1,Normal
2026-09-25,15:29:41,General,,Found package: libio-html-perl (version: 1.004-3),1,Normal
2026-09-25,15:29:41,General,,Found package: libio-socket-ssl-perl (version: 2.098-1),1,Normal
2026-09-25,15:29:41,General,,Found package: libio-stringy-perl (version: 2.113-2),1,Normal
2026-09-25,15:29:42,General,,Found package: libip4tc2:amd64 (version: 1.8.11-2ubuntu3),1,Normal
2026-09-25,15:29:42,General,,Found package: libip6tc2:amd64 (version: 1.8.11-2ubuntu3),1,Normal
2026-09-25,15:29:42,General,,Found package: libipa-hbac0t64 (version: 2.12.0-1ubuntu5.2),1,Normal
2026-09-25,15:29:42,General,,Found package: libipc-system-simple-perl (version: 1.30-2),1,Normal
2026-09-25,15:29:42,General,,Found package: libipt2 (version: 2.1.2-3),1,Normal
2026-09-25,15:29:42,General,,Found package: libisl23:amd64 (version: 0.27-1build1),1,Normal
2026-09-25,15:29:42,General,,Found package: libitm1:amd64 (version: 16-20260322-1ubuntu1),1,Normal
2026-09-25,15:29:42,General,,Found package: libjansson4:amd64 (version: 2.14-2build4),1,Normal
2026-09-25,15:29:42,General,,Found package: libjavascriptcoregtk-4.1-0:amd64 (version: 2.52.3-0ubuntu0.26.04.3),1,Normal
2026-09-25,15:29:42,General,,Found package: libjavascriptcoregtk-6.0-1:amd64 (version: 2.52.3-0ubuntu0.26.04.3),1,Normal
2026-09-25,15:29:42,General,,Found package: libjbig0:amd64 (version: 2.1-6.1ubuntu3),1,Normal
2026-09-25,15:29:42,General,,Found package: libjbig2dec0:amd64 (version: 0.20-1ubuntu0.26.04.1),1,Normal
2026-09-25,15:29:42,General,,Found package: libjcat1:amd64 (version: 0.2.5-1build1),1,Normal
2026-09-25,15:29:42,General,,Found package: libjemalloc2:amd64 (version: 5.3.0-4),1,Normal
2026-09-25,15:29:42,General,,Found package: libjpeg-turbo8:amd64 (version: 2.1.5-4ubuntu4),1,Normal
2026-09-25,15:29:42,General,,Found package: libjpeg8:amd64 (version: 8c-2ubuntu12),1,Normal
2026-09-25,15:29:42,General,,Found package: libjq1:amd64 (version: 1.8.1-4ubuntu2),1,Normal
2026-09-25,15:29:42,General,,Found package: libjs-sphinxdoc (version: 8.2.3-12),1,Normal
2026-09-25,15:29:42,General,,Found package: libjson-c5:amd64 (version: 0.18+ds-3),1,Normal
2026-09-25,15:29:42,General,,Found package: libjson-glib-1.0-0:amd64 (version: 1.10.8+ds-2),1,Normal
2026-09-25,15:29:42,General,,Found package: libjson-glib-1.0-common (version: 1.10.8+ds-2),1,Normal
2026-09-25,15:29:42,General,,Found package: libjxl-gdk-pixbuf:amd64 (version: 0.11.1-6ubuntu4.2),1,Normal
2026-09-25,15:29:42,General,,Found package: libjxl0.11:amd64 (version: 0.11.1-6ubuntu4.2),1,Normal
2026-09-25,15:29:42,General,,Found package: libk5crypto3:amd64 (version: 1.22.1-2ubuntu4.1),1,Normal
2026-09-25,15:29:42,General,,Found package: libkeyutils1:amd64 (version: 1.6.3-6ubuntu3),1,Normal
2026-09-25,15:29:42,General,,Found package: libklibc:amd64 (version: 2.0.14-1ubuntu2),1,Normal
2026-09-25,15:29:42,General,,Found package: libkmod2:amd64 (version: 34.2-2ubuntu2),1,Normal
2026-09-25,15:29:42,General,,Found package: libkrb5-3:amd64 (version: 1.22.1-2ubuntu4.1),1,Normal
2026-09-25,15:29:42,General,,Found package: libkrb5support0:amd64 (version: 1.22.1-2ubuntu4.1),1,Normal
2026-09-25,15:29:42,General,,Found package: libksba8:amd64 (version: 1.6.7-2build1),1,Normal
2026-09-25,15:29:42,General,,Found package: liblc3-1:amd64 (version: 1.1.3+dfsg-1build1),1,Normal
2026-09-25,15:29:42,General,,Found package: liblcms2-2:amd64 (version: 2.17-1ubuntu0.2),1,Normal
2026-09-25,15:29:42,General,,Found package: liblcms2-utils (version: 2.17-1ubuntu0.2),1,Normal
2026-09-25,15:29:42,General,,Found package: libldacbt-abr2:amd64 (version: 2.0.2.3+git20200429+ed310a0-5build1),1,Normal
2026-09-25,15:29:42,General,,Found package: libldacbt-enc2:amd64 (version: 2.0.2.3+git20200429+ed310a0-5build1),1,Normal
2026-09-25,15:29:42,General,,Found package: libldap-common (version: 2.6.10+dfsg-1ubuntu5),1,Normal
2026-09-25,15:29:42,General,,Found package: libldap2:amd64 (version: 2.6.10+dfsg-1ubuntu5),1,Normal
2026-09-25,15:29:42,General,,Found package: libldb2:amd64 (version: 2:2.11.0+samba4.23.6+dfsg-1ubuntu2.2),1,Normal
2026-09-25,15:29:42,General,,Found package: liblerc4:amd64 (version: 4.0.0+ds-5ubuntu2),1,Normal
2026-09-25,15:29:42,General,,Found package: libllvm21:amd64 (version: 1:21.1.8-6ubuntu1),1,Normal
2026-09-25,15:29:42,General,,Found package: liblmdb0:amd64 (version: 0.9.31-1build2),1,Normal
2026-09-25,15:29:42,General,,Found package: liblocale-gettext-perl (version: 1.07-8),1,Normal
2026-09-25,15:29:42,General,,Found package: liblouis-data (version: 3.36.0-1),1,Normal
2026-09-25,15:29:42,General,,Found package: liblouis20:amd64 (version: 3.36.0-1),1,Normal
2026-09-25,15:29:42,General,,Found package: liblouisutdml-bin (version: 2.12.0-8build1),1,Normal
2026-09-25,15:29:42,General,,Found package: liblouisutdml-data (version: 2.12.0-8build1),1,Normal
2026-09-25,15:29:42,General,,Found package: liblouisutdml9t64:amd64 (version: 2.12.0-8build1),1,Normal
2026-09-25,15:29:43,General,,Found package: liblsan0:amd64 (version: 16-20260322-1ubuntu1),1,Normal
2026-09-25,15:29:43,General,,Found package: liblsof0 (version: 4.99.4+dfsg-2build2),1,Normal
2026-09-25,15:29:43,General,,Found package: libltdl7:amd64 (version: 2.5.4-9),1,Normal
2026-09-25,15:29:43,General,,Found package: liblua5.4-0:amd64 (version: 5.4.8-1build1),1,Normal
2026-09-25,15:29:43,General,,Found package: liblwp-mediatypes-perl (version: 6.04-2),1,Normal
2026-09-25,15:29:43,General,,Found package: liblwp-protocol-https-perl (version: 6.14-1),1,Normal
2026-09-25,15:29:43,General,,Found package: liblz4-1:amd64 (version: 1.10.0-8),1,Normal
2026-09-25,15:29:43,General,,Found package: liblzma5:amd64 (version: 5.8.3-1),1,Normal
2026-09-25,15:29:43,General,,Found package: liblzo2-2:amd64 (version: 2.10-3build2),1,Normal
2026-09-25,15:29:43,General,,Found package: libm17n-0:amd64 (version: 1.8.6-1),1,Normal
2026-09-25,15:29:43,General,,Found package: libmagic-mgc (version: 1:5.46-5build2),1,Normal
2026-09-25,15:29:43,General,,Found package: libmagic1t64:amd64 (version: 1:5.46-5build2),1,Normal
2026-09-25,15:29:43,General,,Found package: libmailtools-perl (version: 2.22-1),1,Normal
2026-09-25,15:29:43,General,,Found package: libmalcontent-0-0:amd64 (version: 0.14.0-0ubuntu1.1),1,Normal
2026-09-25,15:29:43,General,,Found package: libmalcontent-common (version: 0.14.0-0ubuntu1.1),1,Normal
2026-09-25,15:29:43,General,,Found package: libmarisa1:amd64 (version: 0.3.1+git20250817-1build1),1,Normal
2026-09-25,15:29:43,General,,Found package: libmaxminddb0:amd64 (version: 1.12.2-1build2),1,Normal
2026-09-25,15:29:43,General,,Found package: libmbim-glib4:amd64 (version: 1.32.0-2ubuntu1),1,Normal
2026-09-25,15:29:43,General,,Found package: libmbim-proxy (version: 1.32.0-2ubuntu1),1,Normal
2026-09-25,15:29:43,General,,Found package: libmbim-utils (version: 1.32.0-2ubuntu1),1,Normal
2026-09-25,15:29:43,General,,Found package: libmd0:amd64 (version: 1.1.0-2build4),1,Normal
2026-09-25,15:29:43,General,,Found package: libmediaart-2.0-0:amd64 (version: 1.9.7-3),1,Normal
2026-09-25,15:29:43,General,,Found package: libmm-glib0:amd64 (version: 1.25.95-1ubuntu1),1,Normal
2026-09-25,15:29:43,General,,Found package: libmnl0:amd64 (version: 1.0.5-3build1),1,Normal
2026-09-25,15:29:43,General,,Found package: libmount1:amd64 (version: 2.41.3-3ubuntu2),1,Normal
2026-09-25,15:29:43,General,,Found package: libmozjs-140-0:amd64 (version: 140.8.0-4),1,Normal
2026-09-25,15:29:43,General,,Found package: libmp3lame0:amd64 (version: 3.101~svn6525+dfsg-2),1,Normal
2026-09-25,15:29:43,General,,Found package: libmpc3:amd64 (version: 1.3.1-3),1,Normal
2026-09-25,15:29:43,General,,Found package: libmpfr6:amd64 (version: 4.2.2-3),1,Normal
2026-09-25,15:29:43,General,,Found package: libmpg123-0t64:amd64 (version: 1.33.3-2),1,Normal
2026-09-25,15:29:43,General,,Found package: libmsgraph-1-1:amd64 (version: 0.3.3-3build1),1,Normal
2026-09-25,15:29:43,General,,Found package: libmtdev1t64:amd64 (version: 1.1.7-1build1),1,Normal
2026-09-25,15:29:43,General,,Found package: libmtp-common (version: 1.1.22-1ubuntu1),1,Normal
2026-09-25,15:29:43,General,,Found package: libmtp-runtime (version: 1.1.22-1ubuntu1),1,Normal
2026-09-25,15:29:43,General,,Found package: libmtp9t64:amd64 (version: 1.1.22-1ubuntu1),1,Normal
2026-09-25,15:29:43,General,,Found package: libmutter-18-0:amd64 (version: 50.1-0ubuntu2.2),1,Normal
2026-09-25,15:29:43,General,,Found package: libnautilus-extension4:amd64 (version: 1:50.0-0ubuntu2),1,Normal
2026-09-25,15:29:43,General,,Found package: libncurses6:amd64 (version: 6.6+20251231-1),1,Normal
2026-09-25,15:29:43,General,,Found package: libncursesw6:amd64 (version: 6.6+20251231-1),1,Normal
2026-09-25,15:29:43,General,,Found package: libndp0:amd64 (version: 1.9-1build1),1,Normal
2026-09-25,15:29:43,General,,Found package: libnet-dbus-perl (version: 1.2.0-2build4),1,Normal
2026-09-25,15:29:43,General,,Found package: libnet-http-perl (version: 6.24-1build1),1,Normal
2026-09-25,15:29:43,General,,Found package: libnet-smtp-ssl-perl (version: 1.04-2),1,Normal
2026-09-25,15:29:43,General,,Found package: libnet-ssleay-perl:amd64 (version: 1.94-3),1,Normal
2026-09-25,15:29:43,General,,Found package: libnetfilter-conntrack3:amd64 (version: 1.1.1-1),1,Normal
2026-09-25,15:29:43,General,,Found package: libnetplan1:amd64 (version: 1.2-1ubuntu5),1,Normal
2026-09-25,15:29:44,General,,Found package: libnettle8t64:amd64 (version: 3.10.2-1),1,Normal
2026-09-25,15:29:44,General,,Found package: libnewt0.52:amd64 (version: 0.52.25-1ubuntu3),1,Normal
2026-09-25,15:29:44,General,,Found package: libnfnetlink0:amd64 (version: 1.0.2-3build1),1,Normal
2026-09-25,15:29:44,General,,Found package: libnfs14:amd64 (version: 5.0.2-1ubuntu1.1),1,Normal
2026-09-25,15:29:44,General,,Found package: libnfsidmap1:amd64 (version: 1:2.8.5-1ubuntu1),1,Normal
2026-09-25,15:29:44,General,,Found package: libnftables1:amd64 (version: 1.1.6-1),1,Normal
2026-09-25,15:29:44,General,,Found package: libnftnl11:amd64 (version: 1.3.1-1),1,Normal
2026-09-25,15:29:44,General,,Found package: libnghttp2-14:amd64 (version: 1.68.0-2ubuntu0.2),1,Normal
2026-09-25,15:29:44,General,,Found package: libnl-3-200:amd64 (version: 3.12.0-2),1,Normal
2026-09-25,15:29:44,General,,Found package: libnl-genl-3-200:amd64 (version: 3.12.0-2),1,Normal
2026-09-25,15:29:44,General,,Found package: libnl-route-3-200:amd64 (version: 3.12.0-2),1,Normal
2026-09-25,15:29:44,General,,Found package: libnm0:amd64 (version: 1.54.3-2ubuntu3),1,Normal
2026-09-25,15:29:44,General,,Found package: libnma-common (version: 1.10.6-7),1,Normal
2026-09-25,15:29:44,General,,Found package: libnma-gtk4-0:amd64 (version: 1.10.6-7),1,Normal
2026-09-25,15:29:44,General,,Found package: libnma0:amd64 (version: 1.10.6-7),1,Normal
2026-09-25,15:29:44,General,,Found package: libnotify-bin (version: 0.8.8-1),1,Normal
2026-09-25,15:29:44,General,,Found package: libnotify4:amd64 (version: 0.8.8-1),1,Normal
2026-09-25,15:29:44,General,,Found package: libnpth0t64:amd64 (version: 1.8-3build1),1,Normal
2026-09-25,15:29:44,General,,Found package: libnspr4:amd64 (version: 2:4.38.2-1ubuntu1),1,Normal
2026-09-25,15:29:44,General,,Found package: libnss-mdns:amd64 (version: 0.15.1-5),1,Normal
2026-09-25,15:29:44,General,,Found package: libnss-sss:amd64 (version: 2.12.0-1ubuntu5.2),1,Normal
2026-09-25,15:29:44,General,,Found package: libnss-systemd:amd64 (version: 259.5-0ubuntu3.4),1,Normal
2026-09-25,15:29:44,General,,Found package: libnss3:amd64 (version: 2:3.120-1ubuntu2.1),1,Normal
2026-09-25,15:29:44,General,,Found package: libntfs-3g89t64:amd64 (version: 1:2022.10.3-5ubuntu1.1),1,Normal
2026-09-25,15:29:44,General,,Found package: libnuma1:amd64 (version: 2.0.19-1build1),1,Normal
2026-09-25,15:29:44,General,,Found package: libnvme1t64:amd64 (version: 1.16.1-4),1,Normal
2026-09-25,15:29:44,General,,Found package: liboeffis1:amd64 (version: 1.5.0-3),1,Normal
2026-09-25,15:29:44,General,,Found package: libogg0:amd64 (version: 1.3.6-2),1,Normal
2026-09-25,15:29:44,General,,Found package: libonig5:amd64 (version: 6.9.10-1build1),1,Normal
2026-09-25,15:29:44,General,,Found package: libopencc-data (version: 1.1.9+ds1-4build1),1,Normal
2026-09-25,15:29:44,General,,Found package: libopencc1.1 (version: 1.1.9+ds1-4build1),1,Normal
2026-09-25,15:29:44,General,,Found package: libopenjp2-7:amd64 (version: 2.5.4-1ubuntu0.1),1,Normal
2026-09-25,15:29:44,General,,Found package: libopus0:amd64 (version: 1.6.1-1),1,Normal
2026-09-25,15:29:44,General,,Found package: liborc-0.4-0t64:amd64 (version: 1:0.4.42-2),1,Normal
2026-09-25,15:29:44,General,,Found package: libotf1:amd64 (version: 0.9.16-4build3),1,Normal
2026-09-25,15:29:44,General,,Found package: libp11-kit0:amd64 (version: 0.26.2-2),1,Normal
2026-09-25,15:29:44,General,,Found package: libpackagekit-glib2-18:amd64 (version: 1.3.4-3ubuntu1.2),1,Normal
2026-09-25,15:29:44,General,,Found package: libpam-cap:amd64 (version: 1:2.75-10ubuntu2),1,Normal
2026-09-25,15:29:44,General,,Found package: libpam-fprintd:amd64 (version: 1.94.5-4),1,Normal
2026-09-25,15:29:44,General,,Found package: libpam-gnome-keyring:amd64 (version: 50.0-1),1,Normal
2026-09-25,15:29:44,General,,Found package: libpam-modules-bin (version: 1.7.0-5ubuntu3.1),1,Normal
2026-09-25,15:29:44,General,,Found package: libpam-modules:amd64 (version: 1.7.0-5ubuntu3.1),1,Normal
2026-09-25,15:29:44,General,,Found package: libpam-pwquality:amd64 (version: 1.4.5-5build1),1,Normal
2026-09-25,15:29:44,General,,Found package: libpam-runtime (version: 1.7.0-5ubuntu3.1),1,Normal
2026-09-25,15:29:44,General,,Found package: libpam-sss:amd64 (version: 2.12.0-1ubuntu5.2),1,Normal
2026-09-25,15:29:44,General,,Found package: libpam-systemd:amd64 (version: 259.5-0ubuntu3.4),1,Normal
2026-09-25,15:29:45,General,,Found package: libpam0g:amd64 (version: 1.7.0-5ubuntu3.1),1,Normal
2026-09-25,15:29:45,General,,Found package: libpanel-1-1:amd64 (version: 1.10.3-1),1,Normal
2026-09-25,15:29:45,General,,Found package: libpanel-common (version: 1.10.3-1),1,Normal
2026-09-25,15:29:45,General,,Found package: libpango-1.0-0:amd64 (version: 1.57.0-1),1,Normal
2026-09-25,15:29:45,General,,Found package: libpangocairo-1.0-0:amd64 (version: 1.57.0-1),1,Normal
2026-09-25,15:29:45,General,,Found package: libpangoft2-1.0-0:amd64 (version: 1.57.0-1),1,Normal
2026-09-25,15:29:45,General,,Found package: libpangoxft-1.0-0:amd64 (version: 1.57.0-1),1,Normal
2026-09-25,15:29:45,General,,Found package: libpaper-utils (version: 2.2.5-0.3maysync1),1,Normal
2026-09-25,15:29:45,General,,Found package: libpaper2:amd64 (version: 2.2.5-0.3maysync1),1,Normal
2026-09-25,15:29:45,General,,Found package: libparted2t64:amd64 (version: 3.6-6),1,Normal
2026-09-25,15:29:45,General,,Found package: libpath-utils1t64:amd64 (version: 0.6.2-3build1),1,Normal
2026-09-25,15:29:45,General,,Found package: libpcap0.8t64:amd64 (version: 1.10.6-1ubuntu1),1,Normal
2026-09-25,15:29:45,General,,Found package: libpcaudio0:amd64 (version: 1.3-1build1),1,Normal
2026-09-25,15:29:45,General,,Found package: libpci3:amd64 (version: 1:3.14.0-1build2),1,Normal
2026-09-25,15:29:45,General,,Found package: libpciaccess0:amd64 (version: 0.18.1-1ubuntu4.1),1,Normal
2026-09-25,15:29:45,General,,Found package: libpcre2-32-0:amd64 (version: 10.46-1build1),1,Normal
2026-09-25,15:29:45,General,,Found package: libpcre2-8-0:amd64 (version: 10.46-1build1),1,Normal
2026-09-25,15:29:45,General,,Found package: libpcsclite1:amd64 (version: 2.4.1-1),1,Normal
2026-09-25,15:29:45,General,,Found package: libperl5.40:amd64 (version: 5.40.1-7ubuntu0.1),1,Normal
2026-09-25,15:29:45,General,,Found package: libphonenumber8:amd64 (version: 8.13.51+ds-5),1,Normal
2026-09-25,15:29:45,General,,Found package: libpinyin-data:amd64 (version: 2.10.3-1),1,Normal
2026-09-25,15:29:45,General,,Found package: libpinyin15:amd64 (version: 2.10.3-1),1,Normal
2026-09-25,15:29:45,General,,Found package: libpipeline1:amd64 (version: 1.5.8-2),1,Normal
2026-09-25,15:29:45,General,,Found package: libpipewire-0.3-0t64:amd64 (version: 1.6.2-1ubuntu1.1),1,Normal
2026-09-25,15:29:45,General,,Found package: libpipewire-0.3-common (version: 1.6.2-1ubuntu1.1),1,Normal
2026-09-25,15:29:45,General,,Found package: libpipewire-0.3-modules:amd64 (version: 1.6.2-1ubuntu1.1),1,Normal
2026-09-25,15:29:45,General,,Found package: libpixman-1-0:amd64 (version: 0.46.4-1),1,Normal
2026-09-25,15:29:45,General,,Found package: libpkcs11-helper1t64:amd64 (version: 1.31.0-1),1,Normal
2026-09-25,15:29:45,General,,Found package: libplist-2.0-4:amd64 (version: 2.7.0+git20250820-1build1),1,Normal
2026-09-25,15:29:45,General,,Found package: libplymouth5:amd64 (version: 24.004.60+git20250831.4a3c171d-0ubuntu8),1,Normal
2026-09-25,15:29:45,General,,Found package: libpng16-16t64:amd64 (version: 1.6.57-1),1,Normal
2026-09-25,15:29:45,General,,Found package: libpolkit-agent-1-0:amd64 (version: 127-2ubuntu1),1,Normal
2026-09-25,15:29:45,General,,Found package: libpolkit-gobject-1-0:amd64 (version: 127-2ubuntu1),1,Normal
2026-09-25,15:29:45,General,,Found package: libpoppler-cpp3:amd64 (version: 26.01.0-2ubuntu0.1),1,Normal
2026-09-25,15:29:45,General,,Found package: libpoppler-glib8t64:amd64 (version: 26.01.0-2ubuntu0.1),1,Normal
2026-09-25,15:29:45,General,,Found package: libpoppler156:amd64 (version: 26.01.0-2ubuntu0.1),1,Normal
2026-09-25,15:29:45,General,,Found package: libpopt0:amd64 (version: 1.19+dfsg-2build1),1,Normal
2026-09-25,15:29:45,General,,Found package: libportal-gtk4-1:amd64 (version: 0.9.1-2build1),1,Normal
2026-09-25,15:29:45,General,,Found package: libportal1:amd64 (version: 0.9.1-2build1),1,Normal
2026-09-25,15:29:45,General,,Found package: libppd2-common (version: 2:2.1.1-0ubuntu2),1,Normal
2026-09-25,15:29:45,General,,Found package: libppd2:amd64 (version: 2:2.1.1-0ubuntu2),1,Normal
2026-09-25,15:29:45,General,,Found package: libppsdocument-4.0-6:amd64 (version: 50.2-0ubuntu0.1),1,Normal
2026-09-25,15:29:45,General,,Found package: libppsview-4.0-5:amd64 (version: 50.2-0ubuntu0.1),1,Normal
2026-09-25,15:29:45,General,,Found package: libproc2-0:amd64 (version: 2:4.0.4-9ubuntu1),1,Normal
2026-09-25,15:29:45,General,,Found package: libprotobuf32t64:amd64 (version: 3.21.12-15ubuntu1),1,Normal
2026-09-25,15:29:46,General,,Found package: libproxy1v5:amd64 (version: 0.5.12-1),1,Normal
2026-09-25,15:29:46,General,,Found package: libpsl5t64:amd64 (version: 0.21.2-1.1build2),1,Normal
2026-09-25,15:29:46,General,,Found package: libpulse-mainloop-glib0:amd64 (version: 1:17.0+dfsg1-2ubuntu4),1,Normal
2026-09-25,15:29:46,General,,Found package: libpulse0:amd64 (version: 1:17.0+dfsg1-2ubuntu4),1,Normal
2026-09-25,15:29:46,General,,Found package: libpwquality-common (version: 1.4.5-5build1),1,Normal
2026-09-25,15:29:46,General,,Found package: libpwquality1:amd64 (version: 1.4.5-5build1),1,Normal
2026-09-25,15:29:46,General,,Found package: libpython3-stdlib:amd64 (version: 3.14.3-0ubuntu2),1,Normal
2026-09-25,15:29:46,General,,Found package: libpython3.14-minimal:amd64 (version: 3.14.4-1ubuntu0.1),1,Normal
2026-09-25,15:29:46,General,,Found package: libpython3.14-stdlib:amd64 (version: 3.14.4-1ubuntu0.1),1,Normal
2026-09-25,15:29:46,General,,Found package: libpython3.14:amd64 (version: 3.14.4-1ubuntu0.1),1,Normal
2026-09-25,15:29:46,General,,Found package: libqmi-glib5:amd64 (version: 1.38.0-1),1,Normal
2026-09-25,15:29:46,General,,Found package: libqmi-proxy (version: 1.38.0-1),1,Normal
2026-09-25,15:29:46,General,,Found package: libqmi-utils (version: 1.38.0-1),1,Normal
2026-09-25,15:29:46,General,,Found package: libqpdf30:amd64 (version: 12.3.2-1),1,Normal
2026-09-25,15:29:46,General,,Found package: libqrtr-glib0:amd64 (version: 1.2.2-2ubuntu1),1,Normal
2026-09-25,15:29:46,General,,Found package: libquadmath0:amd64 (version: 16-20260322-1ubuntu1),1,Normal
2026-09-25,15:29:46,General,,Found package: libraqm0:amd64 (version: 0.10.4-1),1,Normal
2026-09-25,15:29:46,General,,Found package: libraw1394-11:amd64 (version: 2.1.2-2build4),1,Normal
2026-09-25,15:29:46,General,,Found package: libreadline8t64:amd64 (version: 8.3-4),1,Normal
2026-09-25,15:29:46,General,,Found package: libref-array1t64:amd64 (version: 0.6.2-3build1),1,Normal
2026-09-25,15:29:46,General,,Found package: librest-1.0-0:amd64 (version: 0.10.2-1),1,Normal
2026-09-25,15:29:46,General,,Found package: libroc0.4:amd64 (version: 0.4.0+dfsg-5ubuntu3.1),1,Normal
2026-09-25,15:29:46,General,,Found package: librsvg2-2:amd64 (version: 2.61.3+dfsg-3),1,Normal
2026-09-25,15:29:46,General,,Found package: librsvg2-common:amd64 (version: 2.61.3+dfsg-3),1,Normal
2026-09-25,15:29:46,General,,Found package: librtmp1:amd64 (version: 2.4+20151223.gitfa8646d.1-3),1,Normal
2026-09-25,15:29:46,General,,Found package: librygel-core-2.8-0:amd64 (version: 45.0-1ubuntu1),1,Normal
2026-09-25,15:29:46,General,,Found package: librygel-db-2.8-0:amd64 (version: 45.0-1ubuntu1),1,Normal
2026-09-25,15:29:46,General,,Found package: librygel-renderer-2.8-0:amd64 (version: 45.0-1ubuntu1),1,Normal
2026-09-25,15:29:46,General,,Found package: librygel-server-2.8-0:amd64 (version: 45.0-1ubuntu1),1,Normal
2026-09-25,15:29:46,General,,Found package: libsamplerate0:amd64 (version: 0.2.2-4build2),1,Normal
2026-09-25,15:29:46,General,,Found package: libsane-common (version: 1.4.0-1ubuntu1),1,Normal
2026-09-25,15:29:46,General,,Found package: libsane-hpaio:amd64 (version: 3.24.4+dfsg0-0ubuntu8.1),1,Normal
2026-09-25,15:29:46,General,,Found package: libsane1:amd64 (version: 1.4.0-1ubuntu1),1,Normal
2026-09-25,15:29:46,General,,Found package: libsasl2-2:amd64 (version: 2.1.28+dfsg1-9ubuntu3),1,Normal
2026-09-25,15:29:46,General,,Found package: libsasl2-modules-db:amd64 (version: 2.1.28+dfsg1-9ubuntu3),1,Normal
2026-09-25,15:29:46,General,,Found package: libsasl2-modules-gssapi-mit:amd64 (version: 2.1.28+dfsg1-9ubuntu3),1,Normal
2026-09-25,15:29:46,General,,Found package: libsasl2-modules:amd64 (version: 2.1.28+dfsg1-9ubuntu3),1,Normal
2026-09-25,15:29:46,General,,Found package: libsbc1:amd64 (version: 2.1-1build1),1,Normal
2026-09-25,15:29:46,General,,Found package: libseccomp2:amd64 (version: 2.6.0-2ubuntu5),1,Normal
2026-09-25,15:29:46,General,,Found package: libsecret-1-0:amd64 (version: 0.21.7-2build1),1,Normal
2026-09-25,15:29:46,General,,Found package: libsecret-common (version: 0.21.7-2build1),1,Normal
2026-09-25,15:29:46,General,,Found package: libselinux1:amd64 (version: 3.9-4build1),1,Normal
2026-09-25,15:29:46,General,,Found package: libsemanage-common (version: 3.9-1build1),1,Normal
2026-09-25,15:29:46,General,,Found package: libsemanage2:amd64 (version: 3.9-1build1),1,Normal
2026-09-25,15:29:46,General,,Found package: libsensors-config (version: 1:3.6.2-2build1),1,Normal
2026-09-25,15:29:46,General,,Found package: libsensors5:amd64 (version: 1:3.6.2-2build1),1,Normal
2026-09-25,15:29:47,General,,Found package: libsepol2:amd64 (version: 3.9-2),1,Normal
2026-09-25,15:29:47,General,,Found package: libsframe3:amd64 (version: 2.46-3ubuntu2),1,Normal
2026-09-25,15:29:47,General,,Found package: libsharpyuv0:amd64 (version: 1.5.0-0.1build1),1,Normal
2026-09-25,15:29:47,General,,Found package: libshout3:amd64 (version: 2.4.6-1build3),1,Normal
2026-09-25,15:29:47,General,,Found package: libsimdutf31:amd64 (version: 8.0.0-1),1,Normal
2026-09-25,15:29:47,General,,Found package: libslang2:amd64 (version: 2.3.3-5build1),1,Normal
2026-09-25,15:29:47,General,,Found package: libsm6:amd64 (version: 2:1.2.6-1build1),1,Normal
2026-09-25,15:29:47,General,,Found package: libsmartcols1:amd64 (version: 2.41.3-3ubuntu2),1,Normal
2026-09-25,15:29:47,General,,Found package: libsmbclient0:amd64 (version: 2:4.23.6+dfsg-1ubuntu2.2),1,Normal
2026-09-25,15:29:47,General,,Found package: libsnapd-glib-2-1:amd64 (version: 1.72-0ubuntu3),1,Normal
2026-09-25,15:29:47,General,,Found package: libsnappy1v5:amd64 (version: 1.2.2-2),1,Normal
2026-09-25,15:29:47,General,,Found package: libsndfile1:amd64 (version: 1.2.2-4),1,Normal
2026-09-25,15:29:47,General,,Found package: libsnmp-base (version: 5.9.4+dfsg-2ubuntu3),1,Normal
2026-09-25,15:29:47,General,,Found package: libsnmp40t64:amd64 (version: 5.9.4+dfsg-2ubuntu3),1,Normal
2026-09-25,15:29:47,General,,Found package: libsonic0:amd64 (version: 0.2.0-13build2),1,Normal
2026-09-25,15:29:47,General,,Found package: libsoup-3.0-0:amd64 (version: 3.6.6-1),1,Normal
2026-09-25,15:29:47,General,,Found package: libsoup-3.0-common (version: 3.6.6-1),1,Normal
2026-09-25,15:29:47,General,,Found package: libsource-highlight-common (version: 3.1.9-4.3build2),1,Normal
2026-09-25,15:29:47,General,,Found package: libsource-highlight4t64:amd64 (version: 3.1.9-4.3build2),1,Normal
2026-09-25,15:29:47,General,,Found package: libspa-0.2-bluetooth:amd64 (version: 1.6.2-1ubuntu1.1),1,Normal
2026-09-25,15:29:47,General,,Found package: libspa-0.2-modules:amd64 (version: 1.6.2-1ubuntu1.1),1,Normal
2026-09-25,15:29:47,General,,Found package: libspeechd-module0:amd64 (version: 0.12.1-2ubuntu1),1,Normal
2026-09-25,15:29:47,General,,Found package: libspeechd2:amd64 (version: 0.12.1-2ubuntu1),1,Normal
2026-09-25,15:29:47,General,,Found package: libspeex1:amd64 (version: 1.2.1-3build1),1,Normal
2026-09-25,15:29:47,General,,Found package: libspeexdsp1:amd64 (version: 1.2.1-3build1),1,Normal
2026-09-25,15:29:47,General,,Found package: libspelling-1-2:amd64 (version: 0.4.9-1build1),1,Normal
2026-09-25,15:29:47,General,,Found package: libspelling-common (version: 0.4.9-1build1),1,Normal
2026-09-25,15:29:47,General,,Found package: libsqlite3-0:amd64 (version: 3.46.1-9ubuntu0.2),1,Normal
2026-09-25,15:29:47,General,,Found package: libss2:amd64 (version: 1.47.2-3ubuntu4),1,Normal
2026-09-25,15:29:47,General,,Found package: libssh2-1t64:amd64 (version: 1.11.1-1ubuntu0.26.04.3),1,Normal
2026-09-25,15:29:47,General,,Found package: libssl3t64:amd64 (version: 3.5.5-1ubuntu3.4),1,Normal
2026-09-25,15:29:47,General,,Found package: libsss-certmap0 (version: 2.12.0-1ubuntu5.2),1,Normal
2026-09-25,15:29:47,General,,Found package: libsss-idmap0 (version: 2.12.0-1ubuntu5.2),1,Normal
2026-09-25,15:29:47,General,,Found package: libsss-nss-idmap0 (version: 2.12.0-1ubuntu5.2),1,Normal
2026-09-25,15:29:47,General,,Found package: libstartup-notification0:amd64 (version: 0.12-8build1),1,Normal
2026-09-25,15:29:47,General,,Found package: libstdc++-15-dev:amd64 (version: 15.2.0-16ubuntu1),1,Normal
2026-09-25,15:29:47,General,,Found package: libstdc++6:amd64 (version: 16-20260322-1ubuntu1),1,Normal
2026-09-25,15:29:47,General,,Found package: libstemmer0d:amd64 (version: 3.0.1-1),1,Normal
2026-09-25,15:29:47,General,,Found package: libsysprof-6-6:amd64 (version: 50.0-1),1,Normal
2026-09-25,15:29:47,General,,Found package: libsysprof-6-modules:amd64 (version: 50.0-1),1,Normal
2026-09-25,15:29:47,General,,Found package: libsystemd-shared:amd64 (version: 259.5-0ubuntu3.4),1,Normal
2026-09-25,15:29:47,General,,Found package: libsystemd0:amd64 (version: 259.5-0ubuntu3.4),1,Normal
2026-09-25,15:29:47,General,,Found package: libtag2:amd64 (version: 2.2.1-3),1,Normal
2026-09-25,15:29:47,General,,Found package: libtalloc2:amd64 (version: 2:2.4.3+samba4.23.6+dfsg-1ubuntu2.2),1,Normal
2026-09-25,15:29:47,General,,Found package: libtasn1-6:amd64 (version: 4.21.0-2),1,Normal
2026-09-25,15:29:48,General,,Found package: libtcl8.6:amd64 (version: 8.6.17+dfsg-1build1),1,Normal
2026-09-25,15:29:48,General,,Found package: libtdb1:amd64 (version: 2:1.4.14+samba4.23.6+dfsg-1ubuntu2.2),1,Normal
2026-09-25,15:29:48,General,,Found package: libteamdctl0:amd64 (version: 1.31-1build4),1,Normal
2026-09-25,15:29:48,General,,Found package: libtevent0t64:amd64 (version: 2:0.17.1+samba4.23.6+dfsg-1ubuntu2.2),1,Normal
2026-09-25,15:29:48,General,,Found package: libtext-charwidth-perl:amd64 (version: 0.04-11build4),1,Normal
2026-09-25,15:29:48,General,,Found package: libtext-iconv-perl:amd64 (version: 1.7-8.1),1,Normal
2026-09-25,15:29:48,General,,Found package: libtext-wrapi18n-perl (version: 0.06-10),1,Normal
2026-09-25,15:29:48,General,,Found package: libthai-data (version: 0.1.30-1),1,Normal
2026-09-25,15:29:48,General,,Found package: libthai0:amd64 (version: 0.1.30-1),1,Normal
2026-09-25,15:29:48,General,,Found package: libtheora1:amd64 (version: 1.2.0+dfsg-6),1,Normal
2026-09-25,15:29:48,General,,Found package: libtheoradec2:amd64 (version: 1.2.0+dfsg-6),1,Normal
2026-09-25,15:29:48,General,,Found package: libtheoraenc2:amd64 (version: 1.2.0+dfsg-6),1,Normal
2026-09-25,15:29:48,General,,Found package: libtie-ixhash-perl (version: 1.23-4),1,Normal
2026-09-25,15:29:48,General,,Found package: libtiff6:amd64 (version: 4.7.0-3ubuntu5),1,Normal
2026-09-25,15:29:48,General,,Found package: libtimedate-perl (version: 2.3300-2),1,Normal
2026-09-25,15:29:48,General,,Found package: libtinfo6:amd64 (version: 6.6+20251231-1),1,Normal
2026-09-25,15:29:48,General,,Found package: libtinysparql-3.0-0:amd64 (version: 3.11.0-1),1,Normal
2026-09-25,15:29:48,General,,Found package: libtirpc-common (version: 1.3.7-0.1),1,Normal
2026-09-25,15:29:48,General,,Found package: libtirpc3t64:amd64 (version: 1.3.7-0.1),1,Normal
2026-09-25,15:29:48,General,,Found package: libtotem-plparser-common (version: 3.26.6-3),1,Normal
2026-09-25,15:29:48,General,,Found package: libtotem-plparser18:amd64 (version: 3.26.6-3),1,Normal
2026-09-25,15:29:48,General,,Found package: libtraceevent1-plugin:amd64 (version: 1:1.8.7-1),1,Normal
2026-09-25,15:29:48,General,,Found package: libtraceevent1:amd64 (version: 1:1.8.7-1),1,Normal
2026-09-25,15:29:48,General,,Found package: libtracefs1:amd64 (version: 1.8.2-1ubuntu1),1,Normal
2026-09-25,15:29:48,General,,Found package: libtry-tiny-perl (version: 0.32-1),1,Normal
2026-09-25,15:29:48,General,,Found package: libtsan2:amd64 (version: 16-20260322-1ubuntu1),1,Normal
2026-09-25,15:29:48,General,,Found package: libtss2-esys-3.0.2-0t64:amd64 (version: 4.1.3-6),1,Normal
2026-09-25,15:29:48,General,,Found package: libtss2-mu-4.0.1-0t64:amd64 (version: 4.1.3-6),1,Normal
2026-09-25,15:29:48,General,,Found package: libtss2-rc0t64:amd64 (version: 4.1.3-6),1,Normal
2026-09-25,15:29:48,General,,Found package: libtss2-sys1t64:amd64 (version: 4.1.3-6),1,Normal
2026-09-25,15:29:48,General,,Found package: libtss2-tcti-cmd0t64:amd64 (version: 4.1.3-6),1,Normal
2026-09-25,15:29:48,General,,Found package: libtss2-tcti-device0t64:amd64 (version: 4.1.3-6),1,Normal
2026-09-25,15:29:48,General,,Found package: libtss2-tcti-libtpms0t64:amd64 (version: 4.1.3-6),1,Normal
2026-09-25,15:29:48,General,,Found package: libtss2-tcti-mssim0t64:amd64 (version: 4.1.3-6),1,Normal
2026-09-25,15:29:48,General,,Found package: libtss2-tcti-spi-helper0t64:amd64 (version: 4.1.3-6),1,Normal
2026-09-25,15:29:48,General,,Found package: libtss2-tcti-swtpm0t64:amd64 (version: 4.1.3-6),1,Normal
2026-09-25,15:29:48,General,,Found package: libtss2-tctildr0t64:amd64 (version: 4.1.3-6),1,Normal
2026-09-25,15:29:48,General,,Found package: libtwolame0:amd64 (version: 0.4.0-2build4),1,Normal
2026-09-25,15:29:48,General,,Found package: libubsan1:amd64 (version: 16-20260322-1ubuntu1),1,Normal
2026-09-25,15:29:48,General,,Found package: libuchardet0:amd64 (version: 0.0.8-2),1,Normal
2026-09-25,15:29:48,General,,Found package: libudev1:amd64 (version: 259.5-0ubuntu3.4),1,Normal
2026-09-25,15:29:48,General,,Found package: libudisks2-0:amd64 (version: 2.10.91-1ubuntu2),1,Normal
2026-09-25,15:29:48,General,,Found package: libunistring5:amd64 (version: 1.3-2build1),1,Normal
2026-09-25,15:29:48,General,,Found package: libunity-protocol-private0:amd64 (version: 7.1.4+19.04.20190319-6.1ubuntu1),1,Normal
2026-09-25,15:29:48,General,,Found package: libunity-scopes-json-def-desktop (version: 7.1.4+19.04.20190319-6.1ubuntu1),1,Normal
2026-09-25,15:29:48,General,,Found package: libunity9 (version: 7.1.4+19.04.20190319-6.1ubuntu1),1,Normal
2026-09-25,15:29:48,General,,Found package: libunwind8:amd64 (version: 1.8.3-0ubuntu1),1,Normal
2026-09-25,15:29:49,General,,Found package: libupower-glib3:amd64 (version: 1.91.1-1),1,Normal
2026-09-25,15:29:49,General,,Found package: liburcu8t64:amd64 (version: 0.15.6-1),1,Normal
2026-09-25,15:29:49,General,,Found package: liburi-perl (version: 5.34-2build1),1,Normal
2026-09-25,15:29:49,General,,Found package: liburing2:amd64 (version: 2.14-1),1,Normal
2026-09-25,15:29:49,General,,Found package: libusb-1.0-0:amd64 (version: 2:1.0.29-2build1),1,Normal
2026-09-25,15:29:49,General,,Found package: libusbmuxd-2.0-7:amd64 (version: 2.1.1-1),1,Normal
2026-09-25,15:29:49,General,,Found package: libuuid1:amd64 (version: 2.41.3-3ubuntu2),1,Normal
2026-09-25,15:29:49,General,,Found package: libuv1t64:amd64 (version: 1.51.0-2ubuntu1),1,Normal
2026-09-25,15:29:49,General,,Found package: libv4l-0t64:amd64 (version: 1.32.0-2ubuntu1),1,Normal
2026-09-25,15:29:49,General,,Found package: libv4lconvert0t64:amd64 (version: 1.32.0-2ubuntu1),1,Normal
2026-09-25,15:29:49,General,,Found package: libva-drm2:amd64 (version: 2.23.0-1ubuntu1),1,Normal
2026-09-25,15:29:49,General,,Found package: libva2:amd64 (version: 2.23.0-1ubuntu1),1,Normal
2026-09-25,15:29:49,General,,Found package: libvisual-0.4-0:amd64 (version: 0.4.2-4),1,Normal
2026-09-25,15:29:49,General,,Found package: libvolume-key1:amd64 (version: 0.3.12-10build2),1,Normal
2026-09-25,15:29:49,General,,Found package: libvorbis0a:amd64 (version: 1.3.7-3build2),1,Normal
2026-09-25,15:29:49,General,,Found package: libvorbisenc2:amd64 (version: 1.3.7-3build2),1,Normal
2026-09-25,15:29:49,General,,Found package: libvorbisfile3:amd64 (version: 1.3.7-3build2),1,Normal
2026-09-25,15:29:49,General,,Found package: libvpx12:amd64 (version: 1.16.0-3),1,Normal
2026-09-25,15:29:49,General,,Found package: libvte-2.91-0:amd64 (version: 0.84.0-2),1,Normal
2026-09-25,15:29:49,General,,Found package: libvte-2.91-common (version: 0.84.0-2),1,Normal
2026-09-25,15:29:49,General,,Found package: libvte-2.91-gtk4-0:amd64 (version: 0.84.0-2),1,Normal
2026-09-25,15:29:49,General,,Found package: libvulkan1:amd64 (version: 1.4.341.0-1),1,Normal
2026-09-25,15:29:49,General,,Found package: libwacom-common (version: 2.18.0-1),1,Normal
2026-09-25,15:29:49,General,,Found package: libwacom9:amd64 (version: 2.18.0-1),1,Normal
2026-09-25,15:29:49,General,,Found package: libwavpack1:amd64 (version: 5.9.0-1),1,Normal
2026-09-25,15:29:49,General,,Found package: libwayland-client0:amd64 (version: 1.24.0-2),1,Normal
2026-09-25,15:29:49,General,,Found package: libwayland-cursor0:amd64 (version: 1.24.0-2),1,Normal
2026-09-25,15:29:49,General,,Found package: libwayland-egl1:amd64 (version: 1.24.0-2),1,Normal
2026-09-25,15:29:49,General,,Found package: libwayland-server0:amd64 (version: 1.24.0-2),1,Normal
2026-09-25,15:29:49,General,,Found package: libwbclient0:amd64 (version: 2:4.23.6+dfsg-1ubuntu2.2),1,Normal
2026-09-25,15:29:49,General,,Found package: libwebkit2gtk-4.1-0:amd64 (version: 2.52.3-0ubuntu0.26.04.3),1,Normal
2026-09-25,15:29:49,General,,Found package: libwebkitgtk-6.0-4:amd64 (version: 2.52.3-0ubuntu0.26.04.3),1,Normal
2026-09-25,15:29:49,General,,Found package: libwebp7:amd64 (version: 1.5.0-0.1build1),1,Normal
2026-09-25,15:29:49,General,,Found package: libwebpdemux2:amd64 (version: 1.5.0-0.1build1),1,Normal
2026-09-25,15:29:49,General,,Found package: libwebpmux3:amd64 (version: 1.5.0-0.1build1),1,Normal
2026-09-25,15:29:49,General,,Found package: libwebrtc-audio-processing-1-3:amd64 (version: 1.3-3build2),1,Normal
2026-09-25,15:29:49,General,,Found package: libwhoopsie-preferences0 (version: 23build4),1,Normal
2026-09-25,15:29:49,General,,Found package: libwhoopsie0:amd64 (version: 0.2.82ubuntu),1,Normal
2026-09-25,15:29:49,General,,Found package: libwinpr3-3:amd64 (version: 3.30.0+dfsg-0ubuntu0.26.04.2),1,Normal
2026-09-25,15:29:49,General,,Found package: libwireplumber-0.5-0:amd64 (version: 0.5.13-1ubuntu1),1,Normal
2026-09-25,15:29:49,General,,Found package: libwmf-0.2-7-gtk:amd64 (version: 0.2.14-1),1,Normal
2026-09-25,15:29:49,General,,Found package: libwmf-0.2-7:amd64 (version: 0.2.14-1),1,Normal
2026-09-25,15:29:49,General,,Found package: libwmflite-0.2-7:amd64 (version: 0.2.14-1),1,Normal
2026-09-25,15:29:49,General,,Found package: libwnck-3-0:amd64 (version: 43.3-1build1),1,Normal
2026-09-25,15:29:50,General,,Found package: libwnck-3-common (version: 43.3-1build1),1,Normal
2026-09-25,15:29:50,General,,Found package: libwrap0:amd64 (version: 7.6.q-36build2),1,Normal
2026-09-25,15:29:50,General,,Found package: libwww-perl (version: 6.81-1ubuntu0.1),1,Normal
2026-09-25,15:29:50,General,,Found package: libwww-robotrules-perl (version: 6.02-1build1),1,Normal
2026-09-25,15:29:50,General,,Found package: libx11-6:amd64 (version: 2:1.8.13-1),1,Normal
2026-09-25,15:29:50,General,,Found package: libx11-data (version: 2:1.8.13-1),1,Normal
2026-09-25,15:29:50,General,,Found package: libx11-protocol-perl (version: 0.56-9),1,Normal
2026-09-25,15:29:50,General,,Found package: libx11-xcb1:amd64 (version: 2:1.8.13-1),1,Normal
2026-09-25,15:29:50,General,,Found package: libxau6:amd64 (version: 1:1.0.11-1build2),1,Normal
2026-09-25,15:29:50,General,,Found package: libxaw7:amd64 (version: 2:1.0.16-1build1),1,Normal
2026-09-25,15:29:50,General,,Found package: libxcb-dri3-0:amd64 (version: 1.17.0-2ubuntu1),1,Normal
2026-09-25,15:29:50,General,,Found package: libxcb-glx0:amd64 (version: 1.17.0-2ubuntu1),1,Normal
2026-09-25,15:29:50,General,,Found package: libxcb-present0:amd64 (version: 1.17.0-2ubuntu1),1,Normal
2026-09-25,15:29:50,General,,Found package: libxcb-randr0:amd64 (version: 1.17.0-2ubuntu1),1,Normal
2026-09-25,15:29:50,General,,Found package: libxcb-render0:amd64 (version: 1.17.0-2ubuntu1),1,Normal
2026-09-25,15:29:50,General,,Found package: libxcb-res0:amd64 (version: 1.17.0-2ubuntu1),1,Normal
2026-09-25,15:29:50,General,,Found package: libxcb-shape0:amd64 (version: 1.17.0-2ubuntu1),1,Normal
2026-09-25,15:29:50,General,,Found package: libxcb-shm0:amd64 (version: 1.17.0-2ubuntu1),1,Normal
2026-09-25,15:29:50,General,,Found package: libxcb-sync1:amd64 (version: 1.17.0-2ubuntu1),1,Normal
2026-09-25,15:29:50,General,,Found package: libxcb-util1:amd64 (version: 0.4.1-1build1),1,Normal
2026-09-25,15:29:50,General,,Found package: libxcb-xfixes0:amd64 (version: 1.17.0-2ubuntu1),1,Normal
2026-09-25,15:29:50,General,,Found package: libxcb1:amd64 (version: 1.17.0-2ubuntu1),1,Normal
2026-09-25,15:29:50,General,,Found package: libxcomposite1:amd64 (version: 1:0.4.6-1build1),1,Normal
2026-09-25,15:29:50,General,,Found package: libxcursor1:amd64 (version: 1:1.2.3-1build1),1,Normal
2026-09-25,15:29:50,General,,Found package: libxcvt0:amd64 (version: 0.1.3-1build1),1,Normal
2026-09-25,15:29:50,General,,Found package: libxdamage1:amd64 (version: 1:1.1.7-1),1,Normal
2026-09-25,15:29:50,General,,Found package: libxdmcp6:amd64 (version: 1:1.1.5-2),1,Normal
2026-09-25,15:29:50,General,,Found package: libxext6:amd64 (version: 2:1.3.4-1build3),1,Normal
2026-09-25,15:29:50,General,,Found package: libxfixes3:amd64 (version: 1:6.0.0-2build2),1,Normal
2026-09-25,15:29:50,General,,Found package: libxfont2:amd64 (version: 1:2.0.6-2ubuntu0.2),1,Normal
2026-09-25,15:29:50,General,,Found package: libxft2:amd64 (version: 2.3.6-1build2),1,Normal
2026-09-25,15:29:50,General,,Found package: libxi6:amd64 (version: 2:1.8.2-2),1,Normal
2026-09-25,15:29:50,General,,Found package: libxinerama1:amd64 (version: 2:1.1.4-3build2),1,Normal
2026-09-25,15:29:50,General,,Found package: libxkbcommon0:amd64 (version: 1.13.1-1),1,Normal
2026-09-25,15:29:50,General,,Found package: libxkbfile1:amd64 (version: 1:1.1.0-1build5),1,Normal
2026-09-25,15:29:50,General,,Found package: libxkbregistry0:amd64 (version: 1.13.1-1),1,Normal
2026-09-25,15:29:50,General,,Found package: libxml-parser-perl (version: 2.47-1ubuntu1),1,Normal
2026-09-25,15:29:50,General,,Found package: libxml-twig-perl (version: 1:3.54-1build1),1,Normal
2026-09-25,15:29:50,General,,Found package: libxml-xpathengine-perl (version: 0.14-2),1,Normal
2026-09-25,15:29:50,General,,Found package: libxml2-16:amd64 (version: 2.15.2+dfsg-0.1ubuntu0.1),1,Normal
2026-09-25,15:29:50,General,,Found package: libxmlb2:amd64 (version: 0.3.24-2),1,Normal
2026-09-25,15:29:50,General,,Found package: libxmu6:amd64 (version: 2:1.1.3-4),1,Normal
2026-09-25,15:29:51,General,,Found package: libxmuu1:amd64 (version: 2:1.1.3-4),1,Normal
2026-09-25,15:29:51,General,,Found package: libxpm4:amd64 (version: 1:3.5.17-1ubuntu0.26.04.1),1,Normal
2026-09-25,15:29:51,General,,Found package: libxrandr2:amd64 (version: 2:1.5.4-1build1),1,Normal
2026-09-25,15:29:51,General,,Found package: libxrender1:amd64 (version: 1:0.9.12-1build1),1,Normal
2026-09-25,15:29:51,General,,Found package: libxres1:amd64 (version: 2:1.2.1-1build2),1,Normal
2026-09-25,15:29:51,General,,Found package: libxshmfence1:amd64 (version: 1.3.3-1build1),1,Normal
2026-09-25,15:29:51,General,,Found package: libxslt1.1:amd64 (version: 1.1.45-0.1),1,Normal
2026-09-25,15:29:51,General,,Found package: libxt6t64:amd64 (version: 1:1.2.1-1.3build1),1,Normal
2026-09-25,15:29:51,General,,Found package: libxtables12:amd64 (version: 1.8.11-2ubuntu3),1,Normal
2026-09-25,15:29:51,General,,Found package: libxtst6:amd64 (version: 2:1.2.5-1build1),1,Normal
2026-09-25,15:29:51,General,,Found package: libxv1:amd64 (version: 2:1.0.13-1),1,Normal
2026-09-25,15:29:51,General,,Found package: libxxf86dga1:amd64 (version: 2:1.1.5-1build2),1,Normal
2026-09-25,15:29:51,General,,Found package: libxxf86vm1:amd64 (version: 1:1.1.4-2),1,Normal
2026-09-25,15:29:51,General,,Found package: libxxhash0:amd64 (version: 0.8.3-2build1),1,Normal
2026-09-25,15:29:51,General,,Found package: libyaml-0-2:amd64 (version: 0.2.5-2build3),1,Normal
2026-09-25,15:29:51,General,,Found package: libyelp-1-0:amd64 (version: 49.0-5ubuntu0.1),1,Normal
2026-09-25,15:29:51,General,,Found package: libzstd1:amd64 (version: 1.5.7+dfsg-3),1,Normal
2026-09-25,15:29:51,General,,Found package: linux-base (version: 4.15ubuntu5),1,Normal
2026-09-25,15:29:51,General,,Found package: linux-firmware (version: 20260319.git217ca6e4.1ubuntu),1,Normal
2026-09-25,15:29:51,General,,Found package: linux-firmware-amd-graphics (version: 20260319.git217ca6e4-0ubuntu3.1),1,Normal
2026-09-25,15:29:51,General,,Found package: linux-firmware-amd-misc (version: 20260319.git217ca6e4-0ubuntu1.1),1,Normal
2026-09-25,15:29:51,General,,Found package: linux-firmware-broadcom-wireless (version: 20260319.git217ca6e4-0ubuntu1.1),1,Normal
2026-09-25,15:29:51,General,,Found package: linux-firmware-intel-graphics (version: 20260319.git217ca6e4-0ubuntu2.1),1,Normal
2026-09-25,15:29:51,General,,Found package: linux-firmware-intel-misc (version: 20260319.git217ca6e4-0ubuntu1.2),1,Normal
2026-09-25,15:29:51,General,,Found package: linux-firmware-intel-wireless (version: 20260319.git217ca6e4-0ubuntu2.1),1,Normal
2026-09-25,15:29:51,General,,Found package: linux-firmware-marvell-prestera (version: 20260319.git217ca6e4-0ubuntu1.2),1,Normal
2026-09-25,15:29:51,General,,Found package: linux-firmware-marvell-wireless (version: 20260319.git217ca6e4-0ubuntu1.1),1,Normal
2026-09-25,15:29:51,General,,Found package: linux-firmware-mediatek (version: 20260319.git217ca6e4-0ubuntu1.2),1,Normal
2026-09-25,15:29:51,General,,Found package: linux-firmware-mellanox-spectrum (version: 20260319.git217ca6e4-0ubuntu1.1),1,Normal
2026-09-25,15:29:51,General,,Found package: linux-firmware-misc (version: 20260319.git217ca6e4-0ubuntu2.2),1,Normal
2026-09-25,15:29:51,General,,Found package: linux-firmware-netronome (version: 20260319.git217ca6e4-0ubuntu1.1),1,Normal
2026-09-25,15:29:51,General,,Found package: linux-firmware-nvidia-graphics (version: 20260319.git217ca6e4-0ubuntu1.1),1,Normal
2026-09-25,15:29:51,General,,Found package: linux-firmware-qlogic (version: 20260319.git217ca6e4-0ubuntu1.1),1,Normal
2026-09-25,15:29:51,General,,Found package: linux-firmware-qualcomm-graphics (version: 20260319.git217ca6e4-0ubuntu1.1),1,Normal
2026-09-25,15:29:51,General,,Found package: linux-firmware-qualcomm-misc (version: 20260319.git217ca6e4-0ubuntu2.1),1,Normal
2026-09-25,15:29:51,General,,Found package: linux-firmware-qualcomm-wireless (version: 20260319.git217ca6e4-0ubuntu1.2),1,Normal
2026-09-25,15:29:51,General,,Found package: linux-firmware-realtek (version: 20260319.git217ca6e4-0ubuntu1.2),1,Normal
2026-09-25,15:29:51,General,,Found package: linux-generic-hwe-24.04 (version: 7.0.0-30.30),1,Normal
2026-09-25,15:29:51,General,,Found package: linux-generic-hwe-26.04 (version: 7.0.0-30.30),1,Normal
2026-09-25,15:29:51,General,,Found package: linux-headers-7.0.0-14 (version: 7.0.0-14.14),1,Normal
2026-09-25,15:29:51,General,,Found package: linux-headers-7.0.0-14-generic (version: 7.0.0-14.14),1,Normal
2026-09-25,15:29:52,General,,Found package: linux-headers-7.0.0-30 (version: 7.0.0-30.30),1,Normal
2026-09-25,15:29:52,General,,Found package: linux-headers-7.0.0-30-generic (version: 7.0.0-30.30),1,Normal
2026-09-25,15:29:52,General,,Found package: linux-headers-generic (version: 7.0.0-30.30),1,Normal
2026-09-25,15:29:52,General,,Found package: linux-headers-generic-hwe-26.04 (version: 7.0.0-30.30),1,Normal
2026-09-25,15:29:52,General,,Found package: linux-image-7.0.0-30-generic (version: 7.0.0-30.30),1,Normal
2026-09-25,15:29:52,General,,Found package: linux-image-generic-hwe-26.04 (version: 7.0.0-30.30),1,Normal
2026-09-25,15:29:52,General,,Found package: linux-libc-dev:amd64 (version: 7.0.0-30.30),1,Normal
2026-09-25,15:29:52,General,,Found package: linux-main-modules-zfs-7.0.0-30-generic (version: 7.0.0-30.30),1,Normal
2026-09-25,15:29:52,General,,Found package: linux-modules-7.0.0-30-generic (version: 7.0.0-30.30),1,Normal
2026-09-25,15:29:52,General,,Found package: linux-perf (version: 7.0.0-30.30),1,Normal
2026-09-25,15:29:52,General,,Found package: linux-sound-base (version: 1.0.25+dfsg-0ubuntu9),1,Normal
2026-09-25,15:29:52,General,,Found package: linux-sysctl-defaults (version: 4.15ubuntu5),1,Normal
2026-09-25,15:29:52,General,,Found package: linux-tools-7.0.0-30 (version: 7.0.0-30.30),1,Normal
2026-09-25,15:29:52,General,,Found package: linux-tools-7.0.0-30-generic (version: 7.0.0-30.30),1,Normal
2026-09-25,15:29:52,General,,Found package: linux-tools-common (version: 7.0.0-30.30),1,Normal
2026-09-25,15:29:52,General,,Found package: locales (version: 2.43-2ubuntu2.3),1,Normal
2026-09-25,15:29:52,General,,Found package: localsearch (version: 3.11.0-1ubuntu1.1),1,Normal
2026-09-25,15:29:52,General,,Found package: login (version: 1:4.16.0-2+really2.41.3-3ubuntu2),1,Normal
2026-09-25,15:29:52,General,,Found package: login.defs (version: 1:4.17.4-2ubuntu3),1,Normal
2026-09-25,15:29:52,General,,Found package: logrotate (version: 3.22.0-1build1),1,Normal
2026-09-25,15:29:52,General,,Found package: logsave (version: 1.47.2-3ubuntu4),1,Normal
2026-09-25,15:29:52,General,,Found package: loupe (version: 50.0-0ubuntu2),1,Normal
2026-09-25,15:29:52,General,,Found package: lsb-release (version: 12.1-2build1),1,Normal
2026-09-25,15:29:52,General,,Found package: lshw (version: 02.19.git.2021.06.19.996aaad9c7-2.1ubuntu3),1,Normal
2026-09-25,15:29:52,General,,Found package: lsof (version: 4.99.4+dfsg-2build2),1,Normal
2026-09-25,15:29:52,General,,Found package: lto-disabled-list (version: 79),1,Normal
2026-09-25,15:29:52,General,,Found package: luit (version: 2.0.20250912-1),1,Normal
2026-09-25,15:29:52,General,,Found package: lynis (version: 3.1.6-1),1,Normal
2026-09-25,15:29:52,General,,Found package: m17n-db (version: 1.8.10-1build1),1,Normal
2026-09-25,15:29:52,General,,Found package: make (version: 4.4.1-3),1,Normal
2026-09-25,15:29:52,General,,Found package: makedumpfile (version: 1:1.7.7-1),1,Normal
2026-09-25,15:29:52,General,,Found package: man-db (version: 2.13.1-1build1),1,Normal
2026-09-25,15:29:52,General,,Found package: manpages (version: 6.17-1),1,Normal
2026-09-25,15:29:52,General,,Found package: manpages-dev (version: 6.17-1),1,Normal
2026-09-25,15:29:52,General,,Found package: mawk (version: 1.3.4.20260129-1),1,Normal
2026-09-25,15:29:52,General,,Found package: media-types (version: 14.0.0build1),1,Normal
2026-09-25,15:29:52,General,,Found package: memtest86+ (version: 8.00-3),1,Normal
2026-09-25,15:29:52,General,,Found package: menu (version: 2.1.51build1),1,Normal
2026-09-25,15:29:52,General,,Found package: mesa-libgallium:amd64 (version: 26.0.8-1ubuntu0.3),1,Normal
2026-09-25,15:29:52,General,,Found package: mesa-vulkan-drivers:amd64 (version: 26.0.8-1ubuntu0.3),1,Normal
2026-09-25,15:29:52,General,,Found package: mobile-broadband-provider-info (version: 20251101-1build1),1,Normal
2026-09-25,15:29:52,General,,Found package: modemmanager (version: 1.25.95-1ubuntu1),1,Normal
2026-09-25,15:29:52,General,,Found package: mokutil (version: 0.7.2-2),1,Normal
2026-09-25,15:29:52,General,,Found package: mount (version: 2.41.3-3ubuntu2),1,Normal
2026-09-25,15:29:52,General,,Found package: mscompress (version: 0.4-10build2),1,Normal
2026-09-25,15:29:53,General,,Found package: mtr-tiny (version: 0.95-1.1ubuntu2),1,Normal
2026-09-25,15:29:53,General,,Found package: mutter-common (version: 50.1-0ubuntu2.2),1,Normal
2026-09-25,15:29:53,General,,Found package: mutter-common-bin (version: 50.1-0ubuntu2.2),1,Normal
2026-09-25,15:29:53,General,,Found package: nano (version: 8.7.1-1ubuntu0.1),1,Normal
2026-09-25,15:29:53,General,,Found package: nautilus (version: 1:50.0-0ubuntu2),1,Normal
2026-09-25,15:29:53,General,,Found package: nautilus-data (version: 1:50.0-0ubuntu2),1,Normal
2026-09-25,15:29:53,General,,Found package: nautilus-sendto (version: 3.8.6-8ubuntu1),1,Normal
2026-09-25,15:29:53,General,,Found package: ncurses-base (version: 6.6+20251231-1),1,Normal
2026-09-25,15:29:53,General,,Found package: ncurses-bin (version: 6.6+20251231-1),1,Normal
2026-09-25,15:29:53,General,,Found package: netbase (version: 6.5build1),1,Normal
2026-09-25,15:29:53,General,,Found package: netcat-openbsd (version: 1.234-1),1,Normal
2026-09-25,15:29:53,General,,Found package: netplan-generator (version: 1.2-1ubuntu5),1,Normal
2026-09-25,15:29:53,General,,Found package: netplan.io (version: 1.2-1ubuntu5),1,Normal
2026-09-25,15:29:53,General,,Found package: network-manager (version: 1.54.3-2ubuntu3),1,Normal
2026-09-25,15:29:53,General,,Found package: network-manager-config-connectivity-ubuntu (version: 1.54.3-2ubuntu3),1,Normal
2026-09-25,15:29:53,General,,Found package: network-manager-l10n (version: 1.54.3-2ubuntu3),1,Normal
2026-09-25,15:29:53,General,,Found package: network-manager-openvpn (version: 1.12.5-1),1,Normal
2026-09-25,15:29:53,General,,Found package: network-manager-openvpn-gnome (version: 1.12.5-1),1,Normal
2026-09-25,15:29:53,General,,Found package: network-manager-pptp (version: 1.2.12-6),1,Normal
2026-09-25,15:29:53,General,,Found package: network-manager-pptp-gnome (version: 1.2.12-6),1,Normal
2026-09-25,15:29:53,General,,Found package: networkd-dispatcher (version: 2.2.4-1.1ubuntu1),1,Normal
2026-09-25,15:29:53,General,,Found package: nftables (version: 1.1.6-1),1,Normal
2026-09-25,15:29:53,General,,Found package: nm-connection-editor (version: 1.36.0-4ubuntu1),1,Normal
2026-09-25,15:29:53,General,,Found package: ntfs-3g (version: 1:2022.10.3-5ubuntu1.1),1,Normal
2026-09-25,15:29:53,General,,Found package: numactl (version: 2.0.19-1build1),1,Normal
2026-09-25,15:29:53,General,,Found package: openprinting-ppds (version: 20250819-1build1),1,Normal
2026-09-25,15:29:53,General,,Found package: openssh-client (version: 1:10.2p1-2ubuntu3.5),1,Normal
2026-09-25,15:29:53,General,,Found package: openssl (version: 3.5.5-1ubuntu3.4),1,Normal
2026-09-25,15:29:53,General,,Found package: openssl-provider-legacy (version: 3.5.5-1ubuntu3.4),1,Normal
2026-09-25,15:29:53,General,,Found package: openvpn (version: 2.7.0-1ubuntu1.2),1,Normal
2026-09-25,15:29:53,General,,Found package: orca (version: 50.2-0ubuntu0.1),1,Normal
2026-09-25,15:29:53,General,,Found package: os-prober (version: 1.84ubuntu1),1,Normal
2026-09-25,15:29:53,General,,Found package: p11-kit (version: 0.26.2-2),1,Normal
2026-09-25,15:29:53,General,,Found package: p11-kit-modules:amd64 (version: 0.26.2-2),1,Normal
2026-09-25,15:29:53,General,,Found package: packagekit (version: 1.3.4-3ubuntu1.2),1,Normal
2026-09-25,15:29:53,General,,Found package: papers (version: 50.2-0ubuntu0.1),1,Normal
2026-09-25,15:29:53,General,,Found package: papers-common (version: 50.2-0ubuntu0.1),1,Normal
2026-09-25,15:29:53,General,,Found package: parted (version: 3.6-6),1,Normal
2026-09-25,15:29:53,General,,Found package: passwd (version: 1:4.17.4-2ubuntu3),1,Normal
2026-09-25,15:29:53,General,,Found package: patch (version: 2.8-2build1),1,Normal
2026-09-25,15:29:53,General,,Found package: pci.ids (version: 0.0~2026.02.12-1),1,Normal
2026-09-25,15:29:53,General,,Found package: pciutils (version: 1:3.14.0-1build2),1,Normal
2026-09-25,15:29:53,General,,Found package: pcmciautils (version: 018-19),1,Normal
2026-09-25,15:29:53,General,,Found package: perl (version: 5.40.1-7ubuntu0.1),1,Normal
2026-09-25,15:29:53,General,,Found package: perl-base (version: 5.40.1-7ubuntu0.1),1,Normal
2026-09-25,15:29:54,General,,Found package: perl-modules-5.40 (version: 5.40.1-7ubuntu0.1),1,Normal
2026-09-25,15:29:54,General,,Found package: perl-openssl-defaults:amd64 (version: 7build4),1,Normal
2026-09-25,15:29:54,General,,Found package: pinentry-curses (version: 1.3.2-3ubuntu1),1,Normal
2026-09-25,15:29:54,General,,Found package: pinentry-gnome3 (version: 1.3.2-3ubuntu1),1,Normal
2026-09-25,15:29:54,General,,Found package: pipewire-alsa:amd64 (version: 1.6.2-1ubuntu1.1),1,Normal
2026-09-25,15:29:54,General,,Found package: pipewire-audio (version: 1.6.2-1ubuntu1.1),1,Normal
2026-09-25,15:29:54,General,,Found package: pipewire-bin (version: 1.6.2-1ubuntu1.1),1,Normal
2026-09-25,15:29:54,General,,Found package: pipewire-pulse (version: 1.6.2-1ubuntu1.1),1,Normal
2026-09-25,15:29:54,General,,Found package: pipewire:amd64 (version: 1.6.2-1ubuntu1.1),1,Normal
2026-09-25,15:29:54,General,,Found package: pkexec (version: 127-2ubuntu1),1,Normal
2026-09-25,15:29:54,General,,Found package: plymouth (version: 24.004.60+git20250831.4a3c171d-0ubuntu8),1,Normal
2026-09-25,15:29:54,General,,Found package: plymouth-label (version: 24.004.60+git20250831.4a3c171d-0ubuntu8),1,Normal
2026-09-25,15:29:54,General,,Found package: plymouth-theme-spinner (version: 24.004.60+git20250831.4a3c171d-0ubuntu8),1,Normal
2026-09-25,15:29:54,General,,Found package: plymouth-theme-ubuntu-text (version: 24.004.60+git20250831.4a3c171d-0ubuntu8),1,Normal
2026-09-25,15:29:54,General,,Found package: pnp.ids (version: 0.394-1build1),1,Normal
2026-09-25,15:29:54,General,,Found package: policykit-desktop-privileges (version: 0.22build1),1,Normal
2026-09-25,15:29:54,General,,Found package: polkitd (version: 127-2ubuntu1),1,Normal
2026-09-25,15:29:54,General,,Found package: poppler-data (version: 0.4.12-1build1),1,Normal
2026-09-25,15:29:54,General,,Found package: poppler-utils (version: 26.01.0-2ubuntu0.1),1,Normal
2026-09-25,15:29:54,General,,Found package: power-profiles-daemon (version: 0.30-2),1,Normal
2026-09-25,15:29:54,General,,Found package: powermgmt-base (version: 1.38ubuntu2),1,Normal
2026-09-25,15:29:54,General,,Found package: ppp (version: 2.5.2-1+1.2),1,Normal
2026-09-25,15:29:54,General,,Found package: pptp-linux (version: 1.10.0-2build1),1,Normal
2026-09-25,15:29:54,General,,Found package: printer-driver-brlaser (version: 6.2.8-1),1,Normal
2026-09-25,15:29:54,General,,Found package: printer-driver-c2esp (version: 27-11ubuntu8),1,Normal
2026-09-25,15:29:54,General,,Found package: printer-driver-foo2zjs (version: 20200505dfsg0-3ubuntu1),1,Normal
2026-09-25,15:29:54,General,,Found package: printer-driver-foo2zjs-common (version: 20200505dfsg0-3ubuntu1),1,Normal
2026-09-25,15:29:54,General,,Found package: printer-driver-hpcups (version: 3.24.4+dfsg0-0ubuntu8.1),1,Normal
2026-09-25,15:29:54,General,,Found package: printer-driver-m2300w (version: 0.51-15build3),1,Normal
2026-09-25,15:29:54,General,,Found package: printer-driver-min12xxw (version: 0.0.9-11build4),1,Normal
2026-09-25,15:29:54,General,,Found package: printer-driver-pnm2ppa (version: 1.13+nondbs-0ubuntu11),1,Normal
2026-09-25,15:29:54,General,,Found package: printer-driver-postscript-hp (version: 3.24.4+dfsg0-0ubuntu8.1),1,Normal
2026-09-25,15:29:54,General,,Found package: printer-driver-ptouch (version: 1.7.1-1build1),1,Normal
2026-09-25,15:29:54,General,,Found package: printer-driver-pxljr (version: 1.4+repack0-6build3),1,Normal
2026-09-25,15:29:54,General,,Found package: printer-driver-sag-gdi (version: 0.1-8build1),1,Normal
2026-09-25,15:29:54,General,,Found package: printer-driver-splix (version: 2.0.1-2),1,Normal
2026-09-25,15:29:54,General,,Found package: procps (version: 2:4.0.4-9ubuntu1),1,Normal
2026-09-25,15:29:54,General,,Found package: psmisc (version: 23.7-2ubuntu2),1,Normal
2026-09-25,15:29:54,General,,Found package: ptyxis (version: 50.1-1ubuntu2),1,Normal
2026-09-25,15:29:54,General,,Found package: publicsuffix (version: 20260129.1928-1),1,Normal
2026-09-25,15:29:54,General,,Found package: python-apt-common (version: 3.1.0ubuntu1.1),1,Normal
2026-09-25,15:29:54,General,,Found package: python-babel-localedata (version: 2.17.0-2),1,Normal
2026-09-25,15:29:54,General,,Found package: python3 (version: 3.14.3-0ubuntu2),1,Normal
2026-09-25,15:29:54,General,,Found package: python3-apport (version: 2.34.1-0ubuntu0.1),1,Normal
2026-09-25,15:29:55,General,,Found package: python3-apt (version: 3.1.0ubuntu1.1),1,Normal
2026-09-25,15:29:55,General,,Found package: python3-aptdaemon (version: 2.0.2build1),1,Normal
2026-09-25,15:29:55,General,,Found package: python3-aptdaemon.gtk3widgets (version: 2.0.2build1),1,Normal
2026-09-25,15:29:55,General,,Found package: python3-attr (version: 25.4.0-1build1),1,Normal
2026-09-25,15:29:55,General,,Found package: python3-autocommand (version: 2.2.2-4),1,Normal
2026-09-25,15:29:55,General,,Found package: python3-babel (version: 2.17.0-2),1,Normal
2026-09-25,15:29:55,General,,Found package: python3-bcrypt (version: 5.0.0-3build1),1,Normal
2026-09-25,15:29:55,General,,Found package: python3-blinker (version: 1.9.0-2build1),1,Normal
2026-09-25,15:29:55,General,,Found package: python3-bpfcc (version: 0.35.0+ds-1ubuntu2),1,Normal
2026-09-25,15:29:55,General,,Found package: python3-brlapi:amd64 (version: 6.7-1ubuntu6),1,Normal
2026-09-25,15:29:55,General,,Found package: python3-cairo (version: 1.27.0-2build2),1,Normal
2026-09-25,15:29:55,General,,Found package: python3-certifi (version: 2026.1.4+ds-1),1,Normal
2026-09-25,15:29:55,General,,Found package: python3-cffi-backend:amd64 (version: 2.0.0-3build1),1,Normal
2026-09-25,15:29:55,General,,Found package: python3-chardet (version: 5.2.0+dfsg-2build1),1,Normal
2026-09-25,15:29:55,General,,Found package: python3-click (version: 8.2.0+0.really.8.1.8-1build1),1,Normal
2026-09-25,15:29:55,General,,Found package: python3-commandnotfound (version: 23.04.0build1),1,Normal
2026-09-25,15:29:55,General,,Found package: python3-configobj (version: 5.0.9-1build1),1,Normal
2026-09-25,15:29:55,General,,Found package: python3-cryptography (version: 46.0.5-1ubuntu2),1,Normal
2026-09-25,15:29:55,General,,Found package: python3-cups (version: 2.0.4-3build1),1,Normal
2026-09-25,15:29:55,General,,Found package: python3-cupshelpers (version: 1.5.18-4ubuntu2),1,Normal
2026-09-25,15:29:55,General,,Found package: python3-dasbus (version: 1.7-2build1),1,Normal
2026-09-25,15:29:55,General,,Found package: python3-dbus (version: 1.4.0-1build2),1,Normal
2026-09-25,15:29:55,General,,Found package: python3-debconf (version: 1.5.92),1,Normal
2026-09-25,15:29:55,General,,Found package: python3-debian (version: 1.0.1ubuntu2),1,Normal
2026-09-25,15:29:55,General,,Found package: python3-defer (version: 1.0.6-2.1ubuntu2),1,Normal
2026-09-25,15:29:55,General,,Found package: python3-distro (version: 1.9.0-1build1),1,Normal
2026-09-25,15:29:55,General,,Found package: python3-distro-info (version: 1.15),1,Normal
2026-09-25,15:29:55,General,,Found package: python3-distupgrade (version: 1:26.04.23),1,Normal
2026-09-25,15:29:55,General,,Found package: python3-gdbm (version: 3.14.3-0ubuntu2),1,Normal
2026-09-25,15:29:55,General,,Found package: python3-gi (version: 3.56.2-1),1,Normal
2026-09-25,15:29:55,General,,Found package: python3-httplib2 (version: 0.22.0-1ubuntu0.1),1,Normal
2026-09-25,15:29:55,General,,Found package: python3-ibus-1.0 (version: 1.5.34~rc2-1),1,Normal
2026-09-25,15:29:55,General,,Found package: python3-idna (version: 3.11-1ubuntu0.1),1,Normal
2026-09-25,15:29:55,General,,Found package: python3-inflect (version: 7.5.0-1build1),1,Normal
2026-09-25,15:29:55,General,,Found package: python3-jaraco.context (version: 6.0.1-2),1,Normal
2026-09-25,15:29:55,General,,Found package: python3-jaraco.functools (version: 4.1.0-1build1),1,Normal
2026-09-25,15:29:55,General,,Found package: python3-jaraco.text (version: 4.0.0-1build1),1,Normal
2026-09-25,15:29:55,General,,Found package: python3-jinja2 (version: 3.1.6-1build1),1,Normal
2026-09-25,15:29:55,General,,Found package: python3-json-pointer (version: 2.4-4),1,Normal
2026-09-25,15:29:55,General,,Found package: python3-jsonpatch (version: 1.32-6),1,Normal
2026-09-25,15:29:55,General,,Found package: python3-jsonschema (version: 4.19.2-6ubuntu2),1,Normal
2026-09-25,15:29:55,General,,Found package: python3-jsonschema-specifications (version: 2023.12.1-4),1,Normal
2026-09-25,15:29:55,General,,Found package: python3-jwt (version: 2.10.1-4ubuntu1),1,Normal
2026-09-25,15:29:55,General,,Found package: python3-launchpadlib (version: 2.1.0-1build1),1,Normal
2026-09-25,15:29:55,General,,Found package: python3-lazr.restfulclient (version: 0.14.6-3build1),1,Normal
2026-09-25,15:29:55,General,,Found package: python3-lazr.uri (version: 1.0.6-7build1),1,Normal
2026-09-25,15:29:56,General,,Found package: python3-linkify-it (version: 2.0.3-1ubuntu3),1,Normal
2026-09-25,15:29:56,General,,Found package: python3-louis (version: 3.36.0-1),1,Normal
2026-09-25,15:29:56,General,,Found package: python3-markdown-it (version: 3.0.0-3build1),1,Normal
2026-09-25,15:29:56,General,,Found package: python3-markupsafe (version: 3.0.3-1build1),1,Normal
2026-09-25,15:29:56,General,,Found package: python3-mdurl (version: 0.1.2-1build1),1,Normal
2026-09-25,15:29:56,General,,Found package: python3-minimal (version: 3.14.3-0ubuntu2),1,Normal
2026-09-25,15:29:56,General,,Found package: python3-more-itertools (version: 10.8.0-1build1),1,Normal
2026-09-25,15:29:56,General,,Found package: python3-netaddr (version: 1.3.0-1build1),1,Normal
2026-09-25,15:29:56,General,,Found package: python3-netplan (version: 1.2-1ubuntu5),1,Normal
2026-09-25,15:29:56,General,,Found package: python3-oauthlib (version: 3.3.1-1build1),1,Normal
2026-09-25,15:29:56,General,,Found package: python3-olefile (version: 0.47-1build1),1,Normal
2026-09-25,15:29:56,General,,Found package: python3-passlib (version: 1.9.3-1ubuntu1),1,Normal
2026-09-25,15:29:56,General,,Found package: python3-pexpect (version: 4.9-4),1,Normal
2026-09-25,15:29:56,General,,Found package: python3-pil:amd64 (version: 12.1.1-2ubuntu1.2),1,Normal
2026-09-25,15:29:56,General,,Found package: python3-pkg-resources (version: 78.1.1-0.1build1),1,Normal
2026-09-25,15:29:56,General,,Found package: python3-problem-report (version: 2.34.1-0ubuntu0.1),1,Normal
2026-09-25,15:29:56,General,,Found package: python3-psutil (version: 7.1.0-1ubuntu1),1,Normal
2026-09-25,15:29:56,General,,Found package: python3-ptyprocess (version: 0.7.0-6build1),1,Normal
2026-09-25,15:29:56,General,,Found package: python3-pygments (version: 2.19.2+dfsg-1),1,Normal
2026-09-25,15:29:56,General,,Found package: python3-pyparsing (version: 3.3.2-2),1,Normal
2026-09-25,15:29:56,General,,Found package: python3-referencing (version: 0.36.2-1ubuntu2),1,Normal
2026-09-25,15:29:56,General,,Found package: python3-requests (version: 2.32.5+dfsg-1ubuntu1),1,Normal
2026-09-25,15:29:56,General,,Found package: python3-rich (version: 13.9.4-1.2),1,Normal
2026-09-25,15:29:56,General,,Found package: python3-rpds-py (version: 0.27.1-2ubuntu3),1,Normal
2026-09-25,15:29:56,General,,Found package: python3-serial (version: 3.5-2build1),1,Normal
2026-09-25,15:29:56,General,,Found package: python3-setproctitle:amd64 (version: 1.3.7-2build1),1,Normal
2026-09-25,15:29:56,General,,Found package: python3-setuptools (version: 78.1.1-0.1build1),1,Normal
2026-09-25,15:29:56,General,,Found package: python3-software-properties (version: 0.120),1,Normal
2026-09-25,15:29:56,General,,Found package: python3-speechd (version: 0.12.1-2ubuntu1),1,Normal
2026-09-25,15:29:56,General,,Found package: python3-sss (version: 2.12.0-1ubuntu5.2),1,Normal
2026-09-25,15:29:56,General,,Found package: python3-systemd (version: 235-1build9),1,Normal
2026-09-25,15:29:56,General,,Found package: python3-typeguard (version: 4.4.4-2),1,Normal
2026-09-25,15:29:56,General,,Found package: python3-typing-extensions (version: 4.15.0-2),1,Normal
2026-09-25,15:29:56,General,,Found package: python3-uc-micro (version: 1.0.3-1build1),1,Normal
2026-09-25,15:29:56,General,,Found package: python3-update-manager (version: 1:26.04.5),1,Normal
2026-09-25,15:29:56,General,,Found package: python3-urllib3 (version: 2.6.3-1ubuntu1.1),1,Normal
2026-09-25,15:29:56,General,,Found package: python3-wadllib (version: 2.0.0-3),1,Normal
2026-09-25,15:29:56,General,,Found package: python3-xdg (version: 0.28-3),1,Normal
2026-09-25,15:29:56,General,,Found package: python3-xkit (version: 0.5.0ubuntu8),1,Normal
2026-09-25,15:29:56,General,,Found package: python3-yaml (version: 6.0.3-1build1),1,Normal
2026-09-25,15:29:56,General,,Found package: python3-zipp (version: 3.23.0-1build1),1,Normal
2026-09-25,15:29:56,General,,Found package: python3.14 (version: 3.14.4-1ubuntu0.1),1,Normal
2026-09-25,15:29:56,General,,Found package: python3.14-gdbm (version: 3.14.4-1ubuntu0.1),1,Normal
2026-09-25,15:29:56,General,,Found package: python3.14-minimal (version: 3.14.4-1ubuntu0.1),1,Normal
2026-09-25,15:29:56,General,,Found package: readline-common (version: 8.3-4),1,Normal
2026-09-25,15:29:56,General,,Found package: resources (version: 1.10.2-0ubuntu3.1),1,Normal
2026-09-25,15:29:56,General,,Found package: rfkill (version: 2.41.3-3ubuntu2),1,Normal
2026-09-25,15:29:57,General,,Found package: rpcsvc-proto (version: 1.4.3-1build1),1,Normal
2026-09-25,15:29:57,General,,Found package: rsync (version: 3.4.1+ds1-7ubuntu0.3),1,Normal
2026-09-25,15:29:57,General,,Found package: rsyslog (version: 8.2512.0-1ubuntu4.1),1,Normal
2026-09-25,15:29:57,General,,Found package: rtkit (version: 0.14-1),1,Normal
2026-09-25,15:29:57,General,,Found package: rust-coreutils (version: 0.8.0-0ubuntu3),1,Normal
2026-09-25,15:29:57,General,,Found package: rygel (version: 45.0-1ubuntu1),1,Normal
2026-09-25,15:29:57,General,,Found package: samba-libs:amd64 (version: 2:4.23.6+dfsg-1ubuntu2.2),1,Normal
2026-09-25,15:29:57,General,,Found package: sane-airscan (version: 0.99.36-2ubuntu1),1,Normal
2026-09-25,15:29:57,General,,Found package: sane-utils (version: 1.4.0-1ubuntu1),1,Normal
2026-09-25,15:29:57,General,,Found package: sbsigntool (version: 0.9.4-3.1ubuntu9),1,Normal
2026-09-25,15:29:57,General,,Found package: screen (version: 4.9.1-3ubuntu2),1,Normal
2026-09-25,15:29:57,General,,Found package: seahorse (version: 47.0.1-3build1),1,Normal
2026-09-25,15:29:57,General,,Found package: secureboot-db (version: 1.9build2),1,Normal
2026-09-25,15:29:57,General,,Found package: sed (version: 4.9-2ubuntu1),1,Normal
2026-09-25,15:29:57,General,,Found package: sensible-utils (version: 0.0.26build1),1,Normal
2026-09-25,15:29:57,General,,Found package: sgml-base (version: 1.31+nmu1build1),1,Normal
2026-09-25,15:29:57,General,,Found package: sgml-data (version: 2.0.11+nmu1build1),1,Normal
2026-09-25,15:29:57,General,,Found package: shared-mime-info (version: 2.4-5build3),1,Normal
2026-09-25,15:29:57,General,,Found package: snapd (version: 2.76.3+ubuntu26.04),1,Normal
2026-09-25,15:29:57,General,,Found package: software-properties-common (version: 0.120),1,Normal
2026-09-25,15:29:57,General,,Found package: sound-icons (version: 0.1-8build1),1,Normal
2026-09-25,15:29:57,General,,Found package: sound-theme-freedesktop (version: 0.8-7build1),1,Normal
2026-09-25,15:29:57,General,,Found package: speech-dispatcher (version: 0.12.1-2ubuntu1),1,Normal
2026-09-25,15:29:57,General,,Found package: speech-dispatcher-audio-plugins:amd64 (version: 0.12.1-2ubuntu1),1,Normal
2026-09-25,15:29:57,General,,Found package: speech-dispatcher-espeak-ng (version: 0.12.1-2ubuntu1),1,Normal
2026-09-25,15:29:57,General,,Found package: spice-vdagent (version: 0.23.0-1),1,Normal
2026-09-25,15:29:57,General,,Found package: squashfs-tools (version: 1:4.7.5-1),1,Normal
2026-09-25,15:29:57,General,,Found package: ssl-cert (version: 1.1.3ubuntu2),1,Normal
2026-09-25,15:29:57,General,,Found package: sssd (version: 2.12.0-1ubuntu5.2),1,Normal
2026-09-25,15:29:57,General,,Found package: sssd-ad (version: 2.12.0-1ubuntu5.2),1,Normal
2026-09-25,15:29:57,General,,Found package: sssd-ad-common (version: 2.12.0-1ubuntu5.2),1,Normal
2026-09-25,15:29:57,General,,Found package: sssd-common (version: 2.12.0-1ubuntu5.2),1,Normal
2026-09-25,15:29:57,General,,Found package: sssd-ipa (version: 2.12.0-1ubuntu5.2),1,Normal
2026-09-25,15:29:57,General,,Found package: sssd-krb5 (version: 2.12.0-1ubuntu5.2),1,Normal
2026-09-25,15:29:57,General,,Found package: sssd-krb5-common (version: 2.12.0-1ubuntu5.2),1,Normal
2026-09-25,15:29:57,General,,Found package: sssd-ldap (version: 2.12.0-1ubuntu5.2),1,Normal
2026-09-25,15:29:57,General,,Found package: sssd-proxy (version: 2.12.0-1ubuntu5.2),1,Normal
2026-09-25,15:29:57,General,,Found package: strace (version: 6.19+ds-0ubuntu5),1,Normal
2026-09-25,15:29:57,General,,Found package: sudo (version: 1.9.17p2-1ubuntu3),1,Normal
2026-09-25,15:29:57,General,,Found package: sudo-common (version: 1.2ubuntu),1,Normal
2026-09-25,15:29:57,General,,Found package: sudo-rs (version: 0.2.13-0ubuntu1),1,Normal
2026-09-25,15:29:57,General,,Found package: switcheroo-control (version: 3.0-2),1,Normal
2026-09-25,15:29:57,General,,Found package: sysprof (version: 50.0-1),1,Normal
2026-09-25,15:29:57,General,,Found package: sysstat (version: 12.7.7-0ubuntu2),1,Normal
2026-09-25,15:29:57,General,,Found package: system-config-printer-common (version: 1.5.18-4ubuntu2),1,Normal
2026-09-25,15:29:57,General,,Found package: system-config-printer-udev (version: 1.5.18-4ubuntu2),1,Normal
2026-09-25,15:29:58,General,,Found package: systemd (version: 259.5-0ubuntu3.4),1,Normal
2026-09-25,15:29:58,General,,Found package: systemd-cryptsetup (version: 259.5-0ubuntu3.4),1,Normal
2026-09-25,15:29:58,General,,Found package: systemd-hwe-hwdb (version: 259.5.3ubuntu),1,Normal
2026-09-25,15:29:58,General,,Found package: systemd-oomd (version: 259.5-0ubuntu3.4),1,Normal
2026-09-25,15:29:58,General,,Found package: systemd-resolved (version: 259.5-0ubuntu3.4),1,Normal
2026-09-25,15:29:58,General,,Found package: systemd-sysv (version: 259.5-0ubuntu3.4),1,Normal
2026-09-25,15:29:58,General,,Found package: sysvinit-utils (version: 3.15-5ubuntu1),1,Normal
2026-09-25,15:29:58,General,,Found package: tar (version: 1.35+dfsg-4ubuntu0.4),1,Normal
2026-09-25,15:29:58,General,,Found package: tcl (version: 8.6.16build1),1,Normal
2026-09-25,15:29:58,General,,Found package: tcl8.6 (version: 8.6.17+dfsg-1build1),1,Normal
2026-09-25,15:29:58,General,,Found package: tcpdump (version: 4.99.6-1),1,Normal
2026-09-25,15:29:58,General,,Found package: tecla (version: 49.0-2),1,Normal
2026-09-25,15:29:58,General,,Found package: telnet (version: 0.17+2.7-2ubuntu1.1),1,Normal
2026-09-25,15:29:58,General,,Found package: thermald (version: 2.5.11-0ubuntu1),1,Normal
2026-09-25,15:29:58,General,,Found package: time (version: 1.9-0.4),1,Normal
2026-09-25,15:29:58,General,,Found package: tinysparql (version: 3.11.0-1),1,Normal
2026-09-25,15:29:58,General,,Found package: tnftp (version: 20260211-1),1,Normal
2026-09-25,15:29:58,General,,Found package: tpm-udev (version: 4.1.3-6),1,Normal
2026-09-25,15:29:58,General,,Found package: trace-cmd (version: 3.3.3-1ubuntu2),1,Normal
2026-09-25,15:29:58,General,,Found package: tzdata (version: 2026c-0ubuntu0.26.04.1),1,Normal
2026-09-25,15:29:58,General,,Found package: ubuntu-advantage-desktop-daemon (version: 1.13build1),1,Normal
2026-09-25,15:29:58,General,,Found package: ubuntu-desktop-minimal (version: 1.570),1,Normal
2026-09-25,15:29:58,General,,Found package: ubuntu-docs (version: 26.04.1),1,Normal
2026-09-25,15:29:58,General,,Found package: ubuntu-drivers-common (version: 1:0.10.9),1,Normal
2026-09-25,15:29:58,General,,Found package: ubuntu-insights (version: 0.9.3ubuntu),1,Normal
2026-09-25,15:29:58,General,,Found package: ubuntu-kernel-accessories (version: 1.570.3),1,Normal
2026-09-25,15:29:58,General,,Found package: ubuntu-keyring (version: 2023.11.28.1build1),1,Normal
2026-09-25,15:29:58,General,,Found package: ubuntu-minimal (version: 1.570.3),1,Normal
2026-09-25,15:29:58,General,,Found package: ubuntu-pro-client (version: 37.2ubuntu0.1),1,Normal
2026-09-25,15:29:58,General,,Found package: ubuntu-pro-client-l10n (version: 37.2ubuntu0.1),1,Normal
2026-09-25,15:29:58,General,,Found package: ubuntu-release-upgrader-core (version: 1:26.04.23),1,Normal
2026-09-25,15:29:58,General,,Found package: ubuntu-release-upgrader-gtk (version: 1:26.04.23),1,Normal
2026-09-25,15:29:58,General,,Found package: ubuntu-report (version: 1.7.3ubuntu4),1,Normal
2026-09-25,15:29:58,General,,Found package: ubuntu-session (version: 50.1-0ubuntu0.1),1,Normal
2026-09-25,15:29:58,General,,Found package: ubuntu-settings (version: 26.04.6),1,Normal
2026-09-25,15:29:58,General,,Found package: ubuntu-standard (version: 1.570.3),1,Normal
2026-09-25,15:29:58,General,,Found package: ubuntu-wallpapers (version: 26.04.2),1,Normal
2026-09-25,15:29:58,General,,Found package: ubuntu-wallpapers-resolute (version: 26.04.2),1,Normal
2026-09-25,15:29:58,General,,Found package: ucf (version: 3.0052ubuntu1),1,Normal
2026-09-25,15:29:58,General,,Found package: udev (version: 259.5-0ubuntu3.4),1,Normal
2026-09-25,15:29:58,General,,Found package: udisks2 (version: 2.10.91-1ubuntu2),1,Normal
2026-09-25,15:29:58,General,,Found package: ufw (version: 0.36.2-9build1),1,Normal
2026-09-25,15:29:58,General,,Found package: unattended-upgrades (version: 2.12ubuntu9),1,Normal
2026-09-25,15:29:58,General,,Found package: unzip (version: 6.0-29ubuntu1),1,Normal
2026-09-25,15:29:58,General,,Found package: update-inetd (version: 4.54build1),1,Normal
2026-09-25,15:29:58,General,,Found package: update-manager (version: 1:26.04.5),1,Normal
2026-09-25,15:29:59,General,,Found package: update-manager-core (version: 1:26.04.5),1,Normal
2026-09-25,15:29:59,General,,Found package: update-notifier (version: 3.207.2),1,Normal
2026-09-25,15:29:59,General,,Found package: update-notifier-common (version: 3.207.2),1,Normal
2026-09-25,15:29:59,General,,Found package: upower (version: 1.91.1-1),1,Normal
2026-09-25,15:29:59,General,,Found package: usb-modeswitch (version: 2.6.2-1ubuntu1),1,Normal
2026-09-25,15:29:59,General,,Found package: usb-modeswitch-data (version: 20191128-7build1),1,Normal
2026-09-25,15:29:59,General,,Found package: usb.ids (version: 2025.12.13-1),1,Normal
2026-09-25,15:29:59,General,,Found package: usbmuxd (version: 1.1.1-7),1,Normal
2026-09-25,15:29:59,General,,Found package: usbutils (version: 1:019-1),1,Normal
2026-09-25,15:29:59,General,,Found package: user-session-migration (version: 0.5.1),1,Normal
2026-09-25,15:29:59,General,,Found package: util-linux (version: 2.41.3-3ubuntu2),1,Normal
2026-09-25,15:29:59,General,,Found package: uuid-runtime (version: 2.41.3-3ubuntu2),1,Normal
2026-09-25,15:29:59,General,,Found package: vim-common (version: 2:9.1.2141-1ubuntu4.8),1,Normal
2026-09-25,15:29:59,General,,Found package: vim-tiny (version: 2:9.1.2141-1ubuntu4.8),1,Normal
2026-09-25,15:29:59,General,,Found package: wamerican (version: 2020.12.07-4build1),1,Normal
2026-09-25,15:29:59,General,,Found package: wbritish (version: 2020.12.07-4build1),1,Normal
2026-09-25,15:29:59,General,,Found package: webp-pixbuf-loader:amd64 (version: 0.2.7-3),1,Normal
2026-09-25,15:29:59,General,,Found package: wget (version: 1.25.0-2ubuntu4.4),1,Normal
2026-09-25,15:29:59,General,,Found package: whiptail (version: 0.52.25-1ubuntu3),1,Normal
2026-09-25,15:29:59,General,,Found package: whoopsie (version: 0.2.82ubuntu),1,Normal
2026-09-25,15:29:59,General,,Found package: whoopsie-preferences (version: 23build4),1,Normal
2026-09-25,15:29:59,General,,Found package: wireless-regdb (version: 2026.02.04-0ubuntu1),1,Normal
2026-09-25,15:29:59,General,,Found package: wireplumber (version: 0.5.13-1ubuntu1),1,Normal
2026-09-25,15:29:59,General,,Found package: wpasupplicant (version: 2:2.11-0ubuntu5),1,Normal
2026-09-25,15:29:59,General,,Found package: wsdd (version: 2:0.8-5ubuntu1),1,Normal
2026-09-25,15:29:59,General,,Found package: x11-common (version: 1:7.7+26ubuntu1),1,Normal
2026-09-25,15:29:59,General,,Found package: x11-utils (version: 7.7+7build1),1,Normal
2026-09-25,15:29:59,General,,Found package: x11-xkb-utils (version: 7.7+9build1),1,Normal
2026-09-25,15:29:59,General,,Found package: x11-xserver-utils (version: 7.7+11build1),1,Normal
2026-09-25,15:29:59,General,,Found package: xauth (version: 1:1.1.2-1.1build1),1,Normal
2026-09-25,15:29:59,General,,Found package: xbrlapi (version: 6.7-1ubuntu6),1,Normal
2026-09-25,15:29:59,General,,Found package: xcursor-themes (version: 1.0.6-0ubuntu2),1,Normal
2026-09-25,15:29:59,General,,Found package: xdg-dbus-proxy (version: 0.1.7-1),1,Normal
2026-09-25,15:29:59,General,,Found package: xdg-desktop-portal (version: 1.21.1+ds-1ubuntu3),1,Normal
2026-09-25,15:29:59,General,,Found package: xdg-desktop-portal-gnome (version: 50.0-0ubuntu1),1,Normal
2026-09-25,15:29:59,General,,Found package: xdg-desktop-portal-gtk (version: 1.15.3-2ubuntu1),1,Normal
2026-09-25,15:29:59,General,,Found package: xdg-terminal-exec (version: 0.14.0-1),1,Normal
2026-09-25,15:29:59,General,,Found package: xdg-user-dirs (version: 0.19-1),1,Normal
2026-09-25,15:29:59,General,,Found package: xdg-user-dirs-gtk (version: 0.16-1),1,Normal
2026-09-25,15:29:59,General,,Found package: xdg-utils (version: 1.2.1-2ubuntu2),1,Normal
2026-09-25,15:29:59,General,,Found package: xfonts-base (version: 1:1.0.5+nmu1build1),1,Normal
2026-09-25,15:29:59,General,,Found package: xfonts-encodings (version: 1:1.0.5-0ubuntu3),1,Normal
2026-09-25,15:29:59,General,,Found package: xfonts-utils (version: 1:7.7+7build1),1,Normal
2026-09-25,15:29:59,General,,Found package: xkb-data (version: 2.46-2),1,Normal
2026-09-25,15:29:59,General,,Found package: xml-core (version: 0.19build1),1,Normal
2026-09-25,15:29:59,General,,Found package: xserver-common (version: 2:21.1.22-1ubuntu1),1,Normal
2026-09-25,15:30:00,General,,Found package: xwayland (version: 2:24.1.10-1),1,Normal
2026-09-25,15:30:00,General,,Found package: xxd (version: 2:9.1.2141-1ubuntu4.8),1,Normal
2026-09-25,15:30:00,General,,Found package: xz-utils (version: 5.8.3-1),1,Normal
2026-09-25,15:30:00,General,,Found package: yaru-theme-gnome-shell (version: 26.04.5.1ubuntu),1,Normal
2026-09-25,15:30:00,General,,Found package: yaru-theme-gtk (version: 26.04.5.1ubuntu),1,Normal
2026-09-25,15:30:00,General,,Found package: yaru-theme-icon (version: 26.04.5.1ubuntu),1,Normal
2026-09-25,15:30:00,General,,Found package: yaru-theme-sound (version: 26.04.5.1ubuntu),1,Normal
2026-09-25,15:30:00,General,,Found package: yelp (version: 49.0-5ubuntu0.1),1,Normal
2026-09-25,15:30:00,General,,Found package: yelp-xsl (version: 49.0-2),1,Normal
2026-09-25,15:30:00,General,,Found package: zenity (version: 4.2.1-1),1,Normal
2026-09-25,15:30:00,General,,Found package: zenity-common (version: 4.2.1-1),1,Normal
2026-09-25,15:30:00,General,,Found package: zip (version: 3.0-15ubuntu3),1,Normal
2026-09-25,15:30:00,General,,Found package: zlib1g:amd64 (version: 1:1.3.dfsg+really1.3.1-1ubuntu3),1,Normal
2026-09-25,15:30:00,General,,Found package: zstd (version: 1.5.7+dfsg-3),1,Normal
2026-09-25,15:30:00,Section Divider,,====,1,Normal
2026-09-25,15:30:00,Test Execution,PKGS-7346,Performing test ID PKGS-7346 (Search unpurged packages on system),1,Normal
2026-09-25,15:30:00,Test,,Test: Querying dpkg -l to get unpurged packages,1,Normal
2026-09-25,15:30:00,Result,,"Result: found one or more packages with left over configuration files, cron jobs etc",1,Normal
2026-09-25,15:30:00,General,,Output:,1,Normal
2026-09-25,15:30:00,General,,Found unpurged package: linux-image-unsigned-7.0.0-14-generic,1,Normal
2026-09-25,15:30:00,General,,Found unpurged package: linux-main-modules-zfs-7.0.0-14-generic,1,Normal
2026-09-25,15:30:00,General,,Found unpurged package: linux-modules-7.0.0-14-generic,1,Normal
2026-09-25,15:30:00,General,,"Suggestion: Purge old/removed packages (3 found) with aptitude purge or dpkg --purge command. This will cleanup old configuration files, cron jobs and startup scripts. [test:PKGS-7346] [details:-] [solution:-]",1,Normal
2026-09-25,15:30:00,Section Divider,,====,1,Normal
2026-09-25,15:30:00,General,,Skipped test PKGS-7348 (Check for old distfiles),1,Normal
2026-09-25,15:30:00,General,,Reason to skip: Incorrect guest OS (FreeBSD only),1,Normal
2026-09-25,15:30:00,Section Divider,,====,1,Normal
2026-09-25,15:30:00,General,,Skipped test PKGS-7350 (Checking for installed packages with DNF utility),1,Normal
2026-09-25,15:30:00,General,,"Reason to skip: Prerequisites not met (ie missing tool, other type of Linux distribution)",1,Normal
2026-09-25,15:30:00,Section Divider,,====,1,Normal
2026-09-25,15:30:00,General,,Skipped test PKGS-7352 (Checking for security updates with DNF utility),1,Normal
2026-09-25,15:30:00,General,,"Reason to skip: Prerequisites not met (ie missing tool, other type of Linux distribution)",1,Normal
2026-09-25,15:30:00,Section Divider,,====,1,Normal
2026-09-25,15:30:00,General,,Skipped test PKGS-7354 (Checking package database integrity),1,Normal
2026-09-25,15:30:00,General,,"Reason to skip: Prerequisites not met (ie missing tool, other type of Linux distribution)",1,Normal
2026-09-25,15:30:00,Section Divider,,====,1,Normal
2026-09-25,15:30:00,General,,Skipped test PKGS-7366 (Checking for debsecan utility),1,Normal
2026-09-25,15:30:00,General,,"Reason to skip: Prerequisites not met (ie missing tool, other type of Linux distribution)",1,Normal
2026-09-25,15:30:00,Section Divider,,====,1,Normal
2026-09-25,15:30:00,Test Execution,PKGS-7370,Performing test ID PKGS-7370 (Checking for debsums utility),1,Normal
2026-09-25,15:30:00,Result,,Result: debsums utility is not installed.,1,Normal
2026-09-25,15:30:00,General,,Hardening: assigned partial number of hardening points (0 of 2). Currently having 110 points (out of 162),1,Normal
2026-09-25,15:30:00,General,,Suggestion: Install debsums utility for the verification of packages with known good database. [test:PKGS-7370] [details:-] [solution:-],1,Normal
2026-09-25,15:30:00,Section Divider,,====,1,Normal
2026-09-25,15:30:00,General,,Skipped test PKGS-7378 (Query portmaster for port upgrades),1,Normal
2026-09-25,15:30:00,General,,"Reason to skip: Prerequisites not met (ie missing tool, other type of Linux distribution)",1,Normal
2026-09-25,15:30:00,Section Divider,,====,1,Normal
2026-09-25,15:30:00,General,,Skipped test PKGS-7380 (Check for vulnerable NetBSD packages),1,Normal
2026-09-25,15:30:00,General,,Reason to skip: Incorrect guest OS (NetBSD only),1,Normal
2026-09-25,15:30:00,Section Divider,,====,1,Normal
2026-09-25,15:30:01,General,,Skipped test PKGS-7381 (Check for vulnerable FreeBSD packages with pkg),1,Normal
2026-09-25,15:30:01,General,,Reason to skip: pkg tool not available,1,Normal
2026-09-25,15:30:01,Section Divider,,====,1,Normal
2026-09-25,15:30:01,General,,Skipped test PKGS-7382 (Check for vulnerable FreeBSD packages with portaudit),1,Normal
2026-09-25,15:30:01,General,,"Reason to skip: Prerequisites not met (ie missing tool, other type of Linux distribution)",1,Normal
2026-09-25,15:30:01,Section Divider,,====,1,Normal
2026-09-25,15:30:01,General,,Skipped test PKGS-7383 (Check for YUM package update management),1,Normal
2026-09-25,15:30:01,General,,"Reason to skip: Prerequisites not met (ie missing tool, other type of Linux distribution)",1,Normal
2026-09-25,15:30:01,Section Divider,,====,1,Normal
2026-09-25,15:30:01,General,,Skipped test PKGS-7384 (Check for YUM utils package),1,Normal
2026-09-25,15:30:01,General,,"Reason to skip: Prerequisites not met (ie missing tool, other type of Linux distribution)",1,Normal
2026-09-25,15:30:01,Section Divider,,====,1,Normal
2026-09-25,15:30:01,General,,Skipped test PKGS-7386 (Check for YUM security package),1,Normal
2026-09-25,15:30:01,General,,"Reason to skip: Prerequisites not met (ie missing tool, other type of Linux distribution)",1,Normal
2026-09-25,15:30:01,Section Divider,,====,1,Normal
2026-09-25,15:30:01,General,,Skipped test PKGS-7387 (Check for GPG signing in YUM security package),1,Normal
2026-09-25,15:30:01,General,,"Reason to skip: Prerequisites not met (ie missing tool, other type of Linux distribution)",1,Normal
2026-09-25,15:30:01,Section Divider,,====,1,Normal
2026-09-25,15:30:01,Test Execution,PKGS-7388,Performing test ID PKGS-7388 (Check security repository in apt sources.list file),1,Normal
2026-09-25,15:30:01,General,,Searching for security.debian.org/security.ubuntu.com or security repositories in /etc/apt/sources.list file,1,Normal
2026-09-25,15:30:01,General,,Searching for security.debian.org/security.ubuntu.com or security repositories in /etc/apt/sources.list.d directory,1,Normal
2026-09-25,15:30:01,Result,,Result: Found security repository in one or more files in directory /etc/apt/sources.list.d,1,Normal
2026-09-25,15:30:01,General,,Output: /etc/apt/sources.list.d/ubuntu.sources.curtin.orig:URIs: http://security.ubuntu.com/ubuntu/,1,Normal
2026-09-25,15:30:01,General,,Output: /etc/apt/sources.list.d/ubuntu.sources:URIs: http://security.ubuntu.com/ubuntu/,1,Normal
2026-09-25,15:30:01,Result,,Result: security repository was found,1,Normal
2026-09-25,15:30:01,General,,Hardening: assigned maximum number of hardening points for this item (3). Currently having 113 points (out of 165),1,Normal
2026-09-25,15:30:01,Section Divider,,====,1,Normal
2026-09-25,15:30:01,Test Execution,PKGS-7390,Performing test ID PKGS-7390 (Check Ubuntu database consistency),1,Normal
2026-09-25,15:30:01,Test,,Test: Package database consistency by running apt-get check,1,Normal
2026-09-25,15:30:01,Result,,Result: package database seems to be consistent.,1,Normal
2026-09-25,15:30:01,Section Divider,,====,1,Normal
2026-09-25,15:30:01,Test Execution,PKGS-7392,Performing test ID PKGS-7392 (Check for Debian/Ubuntu security updates),1,Normal
2026-09-25,15:30:01,Action,,Action: updating package repository with apt-get,1,Normal
2026-09-25,15:30:06,Result,,Result: apt-get finished,1,Normal
2026-09-25,15:30:06,Test,,Test: Checking if /usr/lib/update-notifier/apt-check exists,1,Normal
2026-09-25,15:30:06,Result,,Result: found /usr/lib/update-notifier/apt-check,1,Normal
2026-09-25,15:30:06,Test,,Test: checking if any of the updates contain security updates,1,Normal
2026-09-25,15:30:07,Result,,Result: found 161 security updates via apt-check,1,Normal
2026-09-25,15:30:07,General,,Hardening: assigned partial number of hardening points (0 of 25). Currently having 113 points (out of 190),1,Normal
2026-09-25,15:30:10,Result,,Result: found vulnerable package(s) via apt-get (-security channel),1,Normal
2026-09-25,15:30:10,General,,Found vulnerable package: bind9-dnsutils,1,Normal
2026-09-25,15:30:10,General,,Found vulnerable package: bind9-host,1,Normal
2026-09-25,15:30:10,General,,Found vulnerable package: bind9-libs,1,Normal
2026-09-25,15:30:10,General,,Found vulnerable package: bpftool,1,Normal
2026-09-25,15:30:10,General,,Found vulnerable package: bsdextrautils,1,Normal
2026-09-25,15:30:10,General,,Found vulnerable package: bsdutils,1,Normal
2026-09-25,15:30:10,General,,Found vulnerable package: bubblewrap,1,Normal
2026-09-25,15:30:10,General,,Found vulnerable package: bzip2,1,Normal
2026-09-25,15:30:10,General,,Found vulnerable package: cpio,1,Normal
2026-09-25,15:30:10,General,,Found vulnerable package: diffutils,1,Normal
2026-09-25,15:30:10,General,,Found vulnerable package: dirmngr,1,Normal
2026-09-25,15:30:10,General,,Found vulnerable package: dracut,1,Normal
2026-09-25,15:30:11,General,,Found vulnerable package: dracut-core,1,Normal
2026-09-25,15:30:11,General,,Found vulnerable package: dracut-install,1,Normal
2026-09-25,15:30:11,General,,Found vulnerable package: eject,1,Normal
2026-09-25,15:30:11,General,,Found vulnerable package: fdisk,1,Normal
2026-09-25,15:30:11,General,,Found vulnerable package: ghostscript,1,Normal
2026-09-25,15:30:11,General,,Found vulnerable package: gir1.2-girepository-3.0,1,Normal
2026-09-25,15:30:11,General,,Found vulnerable package: gir1.2-glib-2.0,1,Normal
2026-09-25,15:30:11,General,,Found vulnerable package: gir1.2-javascriptcoregtk-4.1,1,Normal
2026-09-25,15:30:11,General,,Found vulnerable package: gir1.2-nm-1.0,1,Normal
2026-09-25,15:30:11,General,,Found vulnerable package: gir1.2-polkit-1.0,1,Normal
2026-09-25,15:30:11,General,,Found vulnerable package: gir1.2-webkit2-4.1,1,Normal
2026-09-25,15:30:11,General,,Found vulnerable package: gnu-coreutils,1,Normal
2026-09-25,15:30:11,General,,Found vulnerable package: gnupg,1,Normal
2026-09-25,15:30:11,General,,Found vulnerable package: gnupg-l10n,1,Normal
2026-09-25,15:30:11,General,,Found vulnerable package: gnupg-utils,1,Normal
2026-09-25,15:30:11,General,,Found vulnerable package: gpg,1,Normal
2026-09-25,15:30:11,General,,Found vulnerable package: gpg-agent,1,Normal
2026-09-25,15:30:11,General,,Found vulnerable package: gpg-wks-client,1,Normal
2026-09-25,15:30:11,General,,Found vulnerable package: gpgconf,1,Normal
2026-09-25,15:30:11,General,,Found vulnerable package: gpgsm,1,Normal
2026-09-25,15:30:11,General,,Found vulnerable package: gpgv,1,Normal
2026-09-25,15:30:11,General,,Found vulnerable package: gstreamer1.0-alsa,1,Normal
2026-09-25,15:30:11,General,,Found vulnerable package: gstreamer1.0-gl,1,Normal
2026-09-25,15:30:11,General,,Found vulnerable package: gstreamer1.0-plugins-base,1,Normal
2026-09-25,15:30:11,General,,Found vulnerable package: gstreamer1.0-plugins-base-apps,1,Normal
2026-09-25,15:30:11,General,,Found vulnerable package: gstreamer1.0-plugins-good,1,Normal
2026-09-25,15:30:11,General,,Found vulnerable package: gstreamer1.0-x,1,Normal
2026-09-25,15:30:11,General,,Found vulnerable package: heif-gdk-pixbuf,1,Normal
2026-09-25,15:30:11,General,,Found vulnerable package: heif-thumbnailer,1,Normal
2026-09-25,15:30:11,General,,Found vulnerable package: libaom3,1,Normal
2026-09-25,15:30:11,General,,Found vulnerable package: libattr1,1,Normal
2026-09-25,15:30:11,General,,Found vulnerable package: libblkid1,1,Normal
2026-09-25,15:30:11,General,,Found vulnerable package: libbz2-1.0,1,Normal
2026-09-25,15:30:11,General,,Found vulnerable package: libc-bin,1,Normal
2026-09-25,15:30:11,General,,Found vulnerable package: libc-dev-bin,1,Normal
2026-09-25,15:30:11,General,,Found vulnerable package: libc-gconv-modules-extra,1,Normal
2026-09-25,15:30:11,General,,Found vulnerable package: libc6,1,Normal
2026-09-25,15:30:11,General,,Found vulnerable package: libc6-dbg,1,Normal
2026-09-25,15:30:11,General,,Found vulnerable package: libc6-dev,1,Normal
2026-09-25,15:30:11,General,,Found vulnerable package: libcurl3t64-gnutls,1,Normal
2026-09-25,15:30:11,General,,Found vulnerable package: libcurl4t64,1,Normal
2026-09-25,15:30:11,General,,Found vulnerable package: libexpat1,1,Normal
2026-09-25,15:30:11,General,,Found vulnerable package: libfdisk1,1,Normal
2026-09-25,15:30:11,General,,Found vulnerable package: libfreerdp-server3-3,1,Normal
2026-09-25,15:30:11,General,,Found vulnerable package: libfreerdp3-3,1,Normal
2026-09-25,15:30:11,General,,Found vulnerable package: libgcrypt20,1,Normal
2026-09-25,15:30:11,General,,Found vulnerable package: libgirepository-2.0-0,1,Normal
2026-09-25,15:30:11,General,,Found vulnerable package: libglib2.0-0t64,1,Normal
2026-09-25,15:30:11,General,,Found vulnerable package: libglib2.0-bin,1,Normal
2026-09-25,15:30:11,General,,Found vulnerable package: libglib2.0-data,1,Normal
2026-09-25,15:30:11,General,,Found vulnerable package: libgs-common,1,Normal
2026-09-25,15:30:11,General,,Found vulnerable package: libgs10,1,Normal
2026-09-25,15:30:11,General,,Found vulnerable package: libgs10-common,1,Normal
2026-09-25,15:30:11,General,,Found vulnerable package: libgstreamer-gl1.0-0,1,Normal
2026-09-25,15:30:11,General,,Found vulnerable package: libgstreamer-plugins-base1.0-0,1,Normal
2026-09-25,15:30:11,General,,Found vulnerable package: libheif-plugin-aomdec,1,Normal
2026-09-25,15:30:11,General,,Found vulnerable package: libheif-plugin-aomenc,1,Normal
2026-09-25,15:30:11,General,,Found vulnerable package: libheif1,1,Normal
2026-09-25,15:30:11,General,,Found vulnerable package: libinput-bin,1,Normal
2026-09-25,15:30:11,General,,Found vulnerable package: libinput10,1,Normal
2026-09-25,15:30:11,General,,Found vulnerable package: libipa-hbac0t64,1,Normal
2026-09-25,15:30:11,General,,Found vulnerable package: libjavascriptcoregtk-4.1-0,1,Normal
2026-09-25,15:30:11,General,,Found vulnerable package: libjavascriptcoregtk-6.0-1,1,Normal
2026-09-25,15:30:11,General,,Found vulnerable package: libmount1,1,Normal
2026-09-25,15:30:11,General,,Found vulnerable package: libnm0,1,Normal
2026-09-25,15:30:11,General,,Found vulnerable package: libnss-sss,1,Normal
2026-09-25,15:30:11,General,,Found vulnerable package: libpam-modules,1,Normal
2026-09-25,15:30:11,General,,Found vulnerable package: libpam-modules-bin,1,Normal
2026-09-25,15:30:11,General,,Found vulnerable package: libpam-runtime,1,Normal
2026-09-25,15:30:11,General,,Found vulnerable package: libpam-sss,1,Normal
2026-09-25,15:30:11,General,,Found vulnerable package: libpam0g,1,Normal
2026-09-25,15:30:11,General,,Found vulnerable package: libpcap0.8t64,1,Normal
2026-09-25,15:30:11,General,,Found vulnerable package: libperl5.40,1,Normal
2026-09-25,15:30:11,General,,Found vulnerable package: libpolkit-agent-1-0,1,Normal
2026-09-25,15:30:11,General,,Found vulnerable package: libpolkit-gobject-1-0,1,Normal
2026-09-25,15:30:11,General,,Found vulnerable package: libpython3.14,1,Normal
2026-09-25,15:30:11,General,,Found vulnerable package: libpython3.14-minimal,1,Normal
2026-09-25,15:30:11,General,,Found vulnerable package: libpython3.14-stdlib,1,Normal
2026-09-25,15:30:11,General,,Found vulnerable package: libsmartcols1,1,Normal
2026-09-25,15:30:11,General,,Found vulnerable package: libsqlite3-0,1,Normal
2026-09-25,15:30:11,General,,Found vulnerable package: libssh2-1t64,1,Normal
2026-09-25,15:30:11,General,,Found vulnerable package: libssl3t64,1,Normal
2026-09-25,15:30:11,General,,Found vulnerable package: libsss-certmap0,1,Normal
2026-09-25,15:30:11,General,,Found vulnerable package: libsss-idmap0,1,Normal
2026-09-25,15:30:11,General,,Found vulnerable package: libsss-nss-idmap0,1,Normal
2026-09-25,15:30:11,General,,Found vulnerable package: libudisks2-0,1,Normal
2026-09-25,15:30:11,General,,Found vulnerable package: libuuid1,1,Normal
2026-09-25,15:30:11,General,,Found vulnerable package: libwebkit2gtk-4.1-0,1,Normal
2026-09-25,15:30:11,General,,Found vulnerable package: libwebkitgtk-6.0-4,1,Normal
2026-09-25,15:30:11,General,,Found vulnerable package: libwinpr3-3,1,Normal
2026-09-25,15:30:11,General,,Found vulnerable package: libxml2-16,1,Normal
2026-09-25,15:30:11,General,,Found vulnerable package: linux-generic-hwe-24.04,1,Normal
2026-09-25,15:30:11,General,,Found vulnerable package: linux-libc-dev,1,Normal
2026-09-25,15:30:11,General,,Found vulnerable package: linux-perf,1,Normal
2026-09-25,15:30:11,General,,Found vulnerable package: linux-tools-common,1,Normal
2026-09-25,15:30:11,General,,Found vulnerable package: locales,1,Normal
2026-09-25,15:30:11,General,,Found vulnerable package: login,1,Normal
2026-09-25,15:30:11,General,,Found vulnerable package: mount,1,Normal
2026-09-25,15:30:11,General,,Found vulnerable package: network-manager,1,Normal
2026-09-25,15:30:11,General,,Found vulnerable package: network-manager-config-connectivity-ubuntu,1,Normal
2026-09-25,15:30:11,General,,Found vulnerable package: network-manager-l10n,1,Normal
2026-09-25,15:30:11,General,,Found vulnerable package: openssh-client,1,Normal
2026-09-25,15:30:11,General,,Found vulnerable package: openssl,1,Normal
2026-09-25,15:30:11,General,,Found vulnerable package: openssl-provider-legacy,1,Normal
2026-09-25,15:30:11,General,,Found vulnerable package: perl,1,Normal
2026-09-25,15:30:11,General,,Found vulnerable package: perl-base,1,Normal
2026-09-25,15:30:11,General,,Found vulnerable package: perl-modules-5.40,1,Normal
2026-09-25,15:30:11,General,,Found vulnerable package: pkexec,1,Normal
2026-09-25,15:30:11,General,,Found vulnerable package: polkitd,1,Normal
2026-09-25,15:30:11,General,,Found vulnerable package: python3-cryptography,1,Normal
2026-09-25,15:30:11,General,,Found vulnerable package: python3-pil,1,Normal
2026-09-25,15:30:11,General,,Found vulnerable package: python3-sss,1,Normal
2026-09-25,15:30:11,General,,Found vulnerable package: python3.14,1,Normal
2026-09-25,15:30:11,General,,Found vulnerable package: python3.14-gdbm,1,Normal
2026-09-25,15:30:11,General,,Found vulnerable package: python3.14-minimal,1,Normal
2026-09-25,15:30:11,General,,Found vulnerable package: rfkill,1,Normal
2026-09-25,15:30:11,General,,Found vulnerable package: rsyslog,1,Normal
2026-09-25,15:30:11,General,,Found vulnerable package: spice-vdagent,1,Normal
2026-09-25,15:30:11,General,,Found vulnerable package: sssd,1,Normal
2026-09-25,15:30:11,General,,Found vulnerable package: sssd-ad,1,Normal
2026-09-25,15:30:11,General,,Found vulnerable package: sssd-ad-common,1,Normal
2026-09-25,15:30:11,General,,Found vulnerable package: sssd-common,1,Normal
2026-09-25,15:30:11,General,,Found vulnerable package: sssd-ipa,1,Normal
2026-09-25,15:30:11,General,,Found vulnerable package: sssd-krb5,1,Normal
2026-09-25,15:30:11,General,,Found vulnerable package: sssd-krb5-common,1,Normal
2026-09-25,15:30:12,General,,Found vulnerable package: sssd-ldap,1,Normal
2026-09-25,15:30:12,General,,Found vulnerable package: sssd-proxy,1,Normal
2026-09-25,15:30:12,General,,Found vulnerable package: sudo,1,Normal
2026-09-25,15:30:12,General,,Found vulnerable package: sudo-rs,1,Normal
2026-09-25,15:30:12,General,,Found vulnerable package: udisks2,1,Normal
2026-09-25,15:30:12,General,,Found vulnerable package: util-linux,1,Normal
2026-09-25,15:30:12,General,,Found vulnerable package: uuid-runtime,1,Normal
2026-09-25,15:30:12,General,,Found vulnerable package: vim-common,1,Normal
2026-09-25,15:30:12,General,,Found vulnerable package: vim-tiny,1,Normal
2026-09-25,15:30:12,General,,Found vulnerable package: wireless-regdb,1,Normal
2026-09-25,15:30:12,General,,Found vulnerable package: xdg-desktop-portal,1,Normal
2026-09-25,15:30:12,General,,Found vulnerable package: xxd,1,Normal
2026-09-25,15:30:12,General,,Found vulnerable package: zlib1g,1,Normal
2026-09-25,15:30:12,General,,Warning: Found one or more vulnerable packages. [test:PKGS-7392] [details:-] [solution:-],1,Normal
2026-09-25,15:30:12,General,,"Suggestion: Update your system with apt-get update, apt-get upgrade, apt-get dist-upgrade and/or unattended-upgrades [test:PKGS-7392] [details:-] [solution:-]",1,Normal
2026-09-25,15:30:12,Section Divider,,====,1,Normal
2026-09-25,15:30:12,General,,Skipped test PKGS-7393 (Check for Gentoo vulnerable packages),1,Normal
2026-09-25,15:30:12,General,,"Reason to skip: Prerequisites not met (ie missing tool, other type of Linux distribution)",1,Normal
2026-09-25,15:30:12,Section Divider,,====,1,Normal
2026-09-25,15:30:12,Test Execution,PKGS-7394,Performing test ID PKGS-7394 (Check for Ubuntu updates),1,Normal
2026-09-25,15:30:12,Test,,Test: checking /usr/bin/apt-show-versions,1,Normal
2026-09-25,15:30:12,Result,,Result: /usr/bin/apt-show-versions not found,1,Normal
2026-09-25,15:30:12,General,,Suggestion: Install package apt-show-versions for patch management purposes [test:PKGS-7394] [details:-] [solution:-],1,Normal
2026-09-25,15:30:12,Section Divider,,====,1,Normal
2026-09-25,15:30:12,General,,Skipped test PKGS-7395 (Check for Alpine updates),1,Normal
2026-09-25,15:30:12,General,,"Reason to skip: Prerequisites not met (ie missing tool, other type of Linux distribution)",1,Normal
2026-09-25,15:30:12,Section Divider,,====,1,Normal
2026-09-25,15:30:12,Test Execution,PKGS-7398,Performing test ID PKGS-7398 (Check for package audit tool),1,Normal
2026-09-25,15:30:12,Test,,Test: checking for package audit tool,1,Normal
2026-09-25,15:30:12,Result,,Result: found package audit tool: apt-get,1,Normal
2026-09-25,15:30:12,Section Divider,,====,1,Normal
2026-09-25,15:30:12,Test Execution,PKGS-7410,Performing test ID PKGS-7410 (Count installed kernel packages),1,Normal
2026-09-25,15:30:12,Test,,Test: Checking how many kernel packages are installed,1,Normal
2026-09-25,15:30:12,Result,,"Result: found 1 kernel packages on the system, which is fine",1,Normal
2026-09-25,15:30:12,Section Divider,,====,1,Normal
2026-09-25,15:30:12,Test Execution,PKGS-7420,Performing test ID PKGS-7420 (Detect toolkit to automatically download and apply upgrades),1,Normal
2026-09-25,15:30:12,Result,,Result: found unattended-upgrade,1,Normal
2026-09-25,15:30:12,General,,Hardening: assigned maximum number of hardening points for this item (5). Currently having 118 points (out of 195),1,Normal
2026-09-25,15:30:12,General,,Security check: file is normal,1,Normal
2026-09-25,15:30:12,Permission Check,,Checking permissions of /usr/share/lynis/include/tests_networking,1,Normal
2026-09-25,15:30:12,General,,File permissions are OK,1,Normal
2026-09-25,15:30:12,Section Divider,,====,1,Normal
2026-09-25,15:30:12,Action,,Action: Performing tests from category: Networking,1,Normal
2026-09-25,15:30:12,Section Divider,,====,1,Normal
2026-09-25,15:30:12,Test Execution,NETW-2400,Performing test ID NETW-2400 (Hostname length and value check),1,Normal
2026-09-25,15:30:12,Result,,Result: FQDN is defined and not longer than 253 characters (5 characters),1,Normal
2026-09-25,15:30:12,Result,,Result: hostnamed is defined and not longer than 63 characters,1,Normal
2026-09-25,15:30:12,Result,,"Result: good, no unexpected characters discovered in hostname",1,Normal
2026-09-25,15:30:12,Section Divider,,====,1,Normal
2026-09-25,15:30:12,Test Execution,NETW-2600,Performing test ID NETW-2600 (Checking IPv6 configuration),1,Normal
2026-09-25,15:30:16,Result,,Result: IPV6 mode is auto,1,Normal
2026-09-25,15:30:16,Result,,Result: IPv6 only configuration: NO,1,Normal
2026-09-25,15:30:16,Section Divider,,====,1,Normal
2026-09-25,15:30:16,Test Execution,NETW-2704,Performing test ID NETW-2704 (Basic nameserver configuration tests),1,Normal
2026-09-25,15:30:16,Test,,Test: Checking /etc/resolv.conf file,1,Normal
2026-09-25,15:30:16,Result,,Result: Found /etc/resolv.conf file,1,Normal
2026-09-25,15:30:16,Test,,Test: Querying nameservers,1,Normal
2026-09-25,15:30:16,General,,Found nameserver: 127.0.0.53,1,Normal
2026-09-25,15:30:16,General,,Nameserver 127.0.0.53 seems to respond to queries from this host.,1,Normal
2026-09-25,15:30:16,Section Divider,,====,1,Normal
2026-09-25,15:30:16,General,,Skipped test NETW-2705 (Check availability two nameservers),1,Normal
2026-09-25,15:30:16,General,,"Reason to skip: Prerequisites not met (ie missing tool, other type of Linux distribution)",1,Normal
2026-09-25,15:30:16,Result,,Result: Test most likely skipped due having local resolver in /etc/resolv.conf,1,Normal
2026-09-25,15:30:16,Section Divider,,====,1,Normal
2026-09-25,15:30:16,Test Execution,NETW-2706,Performing test ID NETW-2706 (Check systemd-resolved and upstream DNSSEC status),1,Normal
2026-09-25,15:30:16,Result,,Result: command '/usr/bin/resolvectl statistics' returned an error. Please run command manually to check for details.,1,Normal
2026-09-25,15:30:16,Section Divider,,====,1,Normal
2026-09-25,15:30:16,General,,Skipped test NETW-3001 (Find default gateway (route)),1,Normal
2026-09-25,15:30:16,General,,"Reason to skip: Prerequisites not met (ie missing tool, other type of Linux distribution)",1,Normal
2026-09-25,15:30:16,Section Divider,,====,1,Normal
2026-09-25,15:30:16,Test Execution,NETW-3004,Performing test ID NETW-3004 (Search for available network interfaces),1,Normal
2026-09-25,15:30:16,General,,Found network interface: lo,1,Normal
2026-09-25,15:30:16,General,,Found network interface: enp0s3,1,Normal
2026-09-25,15:30:16,Section Divider,,====,1,Normal
2026-09-25,15:30:16,Test Execution,NETW-3006,Performing test ID NETW-3006 (Get network MAC addresses),1,Normal
2026-09-25,15:30:16,Test,,Test: Using ip binary to gather hardware addresses,1,Normal
2026-09-25,15:30:16,General,,Found MAC address: 08:00:27:66:f1:d4,1,Normal
2026-09-25,15:30:16,Section Divider,,====,1,Normal
2026-09-25,15:30:16,Test Execution,NETW-3008,Performing test ID NETW-3008 (Get network IP addresses),1,Normal
2026-09-25,15:30:16,Test,,Test: Using ip binary to gather IP addresses,1,Normal
2026-09-25,15:30:16,General,,Found IPv4 address: 127.0.0.1,1,Normal
2026-09-25,15:30:16,General,,Found IPv4 address: 10.0.2.15,1,Normal
2026-09-25,15:30:16,General,,Found IPv6 address: ::1,1,Normal
2026-09-25,15:30:16,General,,Found IPv6 address: fd17:625c:f037:2:a00:27ff:fe66:f1d4,1,Normal
2026-09-25,15:30:16,General,,Found IPv6 address: fe80::a00:27ff:fe66:f1d4,1,Normal
2026-09-25,15:30:16,Section Divider,,====,1,Normal
2026-09-25,15:30:16,Test Execution,NETW-3012,Performing test ID NETW-3012 (Check listening ports),1,Normal
2026-09-25,15:30:16,Test,,Test: Retrieving ss information to find listening ports,1,Normal
2026-09-25,15:30:16,Section Divider,,====,1,Normal
2026-09-25,15:30:16,General,,Skipped test NETW-3014 (Checking promiscuous interfaces (BSD)),1,Normal
2026-09-25,15:30:16,General,,"Reason to skip: Prerequisites not met (ie missing tool, other type of Linux distribution)",1,Normal
2026-09-25,15:30:16,Section Divider,,====,1,Normal
2026-09-25,15:30:16,Test Execution,NETW-3015,Performing test ID NETW-3015 (Checking promiscuous interfaces (Linux)),1,Normal
2026-09-25,15:30:16,Test,,Test: Using ip binary to retrieve network interfaces,1,Normal
2026-09-25,15:30:16,Test,,Test: Checking all interfaces to discover any with promiscuous mode enabled,1,Normal
2026-09-25,15:30:16,Result,,Result: No promiscuous interfaces found,1,Normal
2026-09-25,15:30:16,Section Divider,,====,1,Normal
2026-09-25,15:30:17,General,,Skipped test NETW-3028 (Checking connections in WAIT state),1,Normal
2026-09-25,15:30:17,General,,"Reason to skip: Prerequisites not met (ie missing tool, other type of Linux distribution)",1,Normal
2026-09-25,15:30:17,Section Divider,,====,1,Normal
2026-09-25,15:30:17,Test Execution,NETW-3030,Performing test ID NETW-3030 (Checking DHCP client status),1,Normal
2026-09-25,15:30:17,General,,Performing pgrep scan without uid,1,Normal
2026-09-25,15:30:17,General,,IsRunning: process 'dhclient' not found,1,Normal
2026-09-25,15:30:17,General,,Performing pgrep scan without uid,1,Normal
2026-09-25,15:30:17,General,,IsRunning: process 'dhcpcd' not found,1,Normal
2026-09-25,15:30:17,General,,Performing pgrep scan without uid,1,Normal
2026-09-25,15:30:17,General,,IsRunning: process 'udhcpc' not found,1,Normal
2026-09-25,15:30:17,Section Divider,,====,1,Normal
2026-09-25,15:30:17,Test Execution,NETW-3032,Performing test ID NETW-3032 (Checking for ARP monitoring software),1,Normal
2026-09-25,15:30:17,General,,Performing pgrep scan without uid,1,Normal
2026-09-25,15:30:17,General,,IsRunning: process 'addrwatch' not found,1,Normal
2026-09-25,15:30:17,General,,Performing pgrep scan without uid,1,Normal
2026-09-25,15:30:17,General,,IsRunning: process 'arpwatch' not found,1,Normal
2026-09-25,15:30:17,General,,Performing pgrep scan without uid,1,Normal
2026-09-25,15:30:17,General,,IsRunning: process 'arpon' not found,1,Normal
2026-09-25,15:30:17,Section Divider,,====,1,Normal
2026-09-25,15:30:17,Test Execution,NETW-3200,Performing test ID NETW-3200 (Determine available network protocols),1,Normal
2026-09-25,15:30:17,Test,,Test: checking the status of some network protocols that typically are not used,1,Normal
2026-09-25,15:30:17,Test,,Test: now checking module 'dccp',1,Normal
2026-09-25,15:30:17,General,,Suggestion: Determine if protocol 'dccp' is really needed on this system [test:NETW-3200] [details:-] [solution:-],1,Normal
2026-09-25,15:30:17,Test,,Test: now checking module 'sctp',1,Normal
2026-09-25,15:30:17,General,,Suggestion: Determine if protocol 'sctp' is really needed on this system [test:NETW-3200] [details:-] [solution:-],1,Normal
2026-09-25,15:30:17,Test,,Test: now checking module 'rds',1,Normal
2026-09-25,15:30:17,General,,Suggestion: Determine if protocol 'rds' is really needed on this system [test:NETW-3200] [details:-] [solution:-],1,Normal
2026-09-25,15:30:17,Test,,Test: now checking module 'tipc',1,Normal
2026-09-25,15:30:17,General,,Suggestion: Determine if protocol 'tipc' is really needed on this system [test:NETW-3200] [details:-] [solution:-],1,Normal
2026-09-25,15:30:17,General,,Security check: file is normal,1,Normal
2026-09-25,15:30:17,Permission Check,,Checking permissions of /usr/share/lynis/include/tests_printers_spoolers,1,Normal
2026-09-25,15:30:17,General,,File permissions are OK,1,Normal
2026-09-25,15:30:17,Section Divider,,====,1,Normal
2026-09-25,15:30:17,Action,,Action: Performing tests from category: Printers and Spools,1,Normal
2026-09-25,15:30:17,Section Divider,,====,1,Normal
2026-09-25,15:30:17,General,,Skipped test PRNT-2302 (Check for printcap consistency),1,Normal
2026-09-25,15:30:17,General,,Reason to skip: Incorrect guest OS (FreeBSD only),1,Normal
2026-09-25,15:30:17,Section Divider,,====,1,Normal
2026-09-25,15:30:17,Test Execution,PRNT-2304,Performing test ID PRNT-2304 (Check cupsd status),1,Normal
2026-09-25,15:30:17,Test,,Test: Checking cupsd status,1,Normal
2026-09-25,15:30:17,General,,Performing pgrep scan without uid,1,Normal
2026-09-25,15:30:17,General,,IsRunning: process 'cupsd' found (1446 ),1,Normal
2026-09-25,15:30:17,Result,,Result: cups daemon running,1,Normal
2026-09-25,15:30:17,Section Divider,,====,1,Normal
2026-09-25,15:30:17,Test Execution,PRNT-2306,Performing test ID PRNT-2306 (Check CUPSd configuration file),1,Normal
2026-09-25,15:30:17,Test,,Test: Searching cupsd configuration file,1,Normal
2026-09-25,15:30:17,Test,,Test: check if we can access /etc/cups/cupsd.conf (escaped: /etc/cups/cupsd.conf),1,Normal
2026-09-25,15:30:17,Result,,"Result: file is owned by our current user ID (0), checking if it is readable",1,Normal
2026-09-25,15:30:17,Result,,Result: file /etc/cups/cupsd.conf is readable (or directory accessible).,1,Normal
2026-09-25,15:30:17,Result,,Result: found /etc/cups/cupsd.conf,1,Normal
2026-09-25,15:30:17,Result,,Result: configuration file found (/etc/cups/cupsd.conf),1,Normal
2026-09-25,15:30:17,Section Divider,,====,1,Normal
2026-09-25,15:30:17,Test Execution,PRNT-2307,Performing test ID PRNT-2307 (Check CUPSd configuration file permissions),1,Normal
2026-09-25,15:30:17,Test,,Test: Checking CUPS configuration file permissions,1,Normal
2026-09-25,15:30:17,Result,,Result: found rw-r--r--,1,Normal
2026-09-25,15:30:17,General,,Suggestion: Access to CUPS configuration could be more strict. [test:PRNT-2307] [details:-] [solution:-],1,Normal
2026-09-25,15:30:17,General,,Hardening: assigned partial number of hardening points (1 of 2). Currently having 119 points (out of 197),1,Normal
2026-09-25,15:30:17,Section Divider,,====,1,Normal
2026-09-25,15:30:17,Test Execution,PRNT-2308,Performing test ID PRNT-2308 (Check CUPSd network configuration),1,Normal
2026-09-25,15:30:17,Test,,Test: Checking CUPS daemon listening network addresses,1,Normal
2026-09-25,15:30:18,Result,,Result: found network address: localhost:631,1,Normal
2026-09-25,15:30:18,Result,,Result: CUPS daemon only running on localhost,1,Normal
2026-09-25,15:30:18,General,,Hardening: assigned maximum number of hardening points for this item (2). Currently having 121 points (out of 199),1,Normal
2026-09-25,15:30:18,Test,,Test: Checking cups daemon listening sockets,1,Normal
2026-09-25,15:30:18,General,,Found socket address: /run/cups/cups.sock,1,Normal
2026-09-25,15:30:18,Result,,Result: CUPS daemon is listening on network/socket,1,Normal
2026-09-25,15:30:18,Section Divider,,====,1,Normal
2026-09-25,15:30:18,Test Execution,PRNT-2314,Performing test ID PRNT-2314 (Check lpd status),1,Normal
2026-09-25,15:30:18,Test,,Test: Checking lpd status,1,Normal
2026-09-25,15:30:18,General,,Performing pgrep scan without uid,1,Normal
2026-09-25,15:30:18,General,,IsRunning: process 'lpd' not found,1,Normal
2026-09-25,15:30:18,Result,,Result: lp daemon not running,1,Normal
2026-09-25,15:30:18,General,,Hardening: assigned maximum number of hardening points for this item (4). Currently having 125 points (out of 203),1,Normal
2026-09-25,15:30:18,Section Divider,,====,1,Normal
2026-09-25,15:30:18,General,,Skipped test PRNT-2316 (Checking /etc/qconfig file),1,Normal
2026-09-25,15:30:18,General,,Reason to skip: Incorrect guest OS (AIX only),1,Normal
2026-09-25,15:30:18,Section Divider,,====,1,Normal
2026-09-25,15:30:18,General,,Skipped test PRNT-2418 (Checking qdaemon printer spooler status),1,Normal
2026-09-25,15:30:18,General,,Reason to skip: Incorrect guest OS (AIX only),1,Normal
2026-09-25,15:30:18,Section Divider,,====,1,Normal
2026-09-25,15:30:18,General,,Skipped test PRNT-2420 (Checking old print jobs),1,Normal
2026-09-25,15:30:18,General,,Reason to skip: Incorrect guest OS (AIX only),1,Normal
2026-09-25,15:30:18,General,,Security check: file is normal,1,Normal
2026-09-25,15:30:18,Permission Check,,Checking permissions of /usr/share/lynis/include/tests_mail_messaging,1,Normal
2026-09-25,15:30:18,General,,File permissions are OK,1,Normal
2026-09-25,15:30:18,Section Divider,,====,1,Normal
2026-09-25,15:30:18,Action,,Action: Performing tests from category: Software: e-mail and messaging,1,Normal
2026-09-25,15:30:18,Section Divider,,====,1,Normal
2026-09-25,15:30:18,Test Execution,MAIL-8802,Performing test ID MAIL-8802 (Check Exim status),1,Normal
2026-09-25,15:30:18,Test,,Test: check Exim status,1,Normal
2026-09-25,15:30:18,General,,Performing pgrep scan without uid,1,Normal
2026-09-25,15:30:18,General,,IsRunning: process 'exim4' not found,1,Normal
2026-09-25,15:30:18,General,,Performing pgrep scan without uid,1,Normal
2026-09-25,15:30:18,General,,IsRunning: process 'exim' not found,1,Normal
2026-09-25,15:30:18,Result,,Result: no running Exim processes found,1,Normal
2026-09-25,15:30:18,Section Divider,,====,1,Normal
2026-09-25,15:30:18,General,,Skipped test MAIL-8804 (Exim configuration options),1,Normal
2026-09-25,15:30:18,General,,"Reason to skip: Prerequisites not met (ie missing tool, other type of Linux distribution)",1,Normal
2026-09-25,15:30:18,Section Divider,,====,1,Normal
2026-09-25,15:30:18,Test Execution,MAIL-8814,Performing test ID MAIL-8814 (Check postfix process status),1,Normal
2026-09-25,15:30:18,Test,,Test: check Postfix status,1,Normal
2026-09-25,15:30:18,Result,,Result: no running Postfix processes found,1,Normal
2026-09-25,15:30:18,Section Divider,,====,1,Normal
2026-09-25,15:30:18,General,,Skipped test MAIL-8816 (Check Postfix configuration),1,Normal
2026-09-25,15:30:18,General,,"Reason to skip: Prerequisites not met (ie missing tool, other type of Linux distribution)",1,Normal
2026-09-25,15:30:18,Section Divider,,====,1,Normal
2026-09-25,15:30:18,General,,Skipped test MAIL-8817 (Check Postfix configuration errors),1,Normal
2026-09-25,15:30:18,General,,"Reason to skip: Prerequisites not met (ie missing tool, other type of Linux distribution)",1,Normal
2026-09-25,15:30:18,Section Divider,,====,1,Normal
2026-09-25,15:30:18,General,,Skipped test MAIL-8818 (Check Postfix configuration: banner),1,Normal
2026-09-25,15:30:18,General,,"Reason to skip: Prerequisites not met (ie missing tool, other type of Linux distribution)",1,Normal
2026-09-25,15:30:18,Section Divider,,====,1,Normal
2026-09-25,15:30:18,Test Execution,MAIL-8820,Performing test ID MAIL-8820 (Postfix configuration scan),1,Normal
2026-09-25,15:30:18,Section Divider,,====,1,Normal
2026-09-25,15:30:18,Test Execution,MAIL-8838,Performing test ID MAIL-8838 (Check dovecot process),1,Normal
2026-09-25,15:30:18,Test,,Test: check dovecot status,1,Normal
2026-09-25,15:30:19,General,,Performing pgrep scan without uid,1,Normal
2026-09-25,15:30:19,General,,IsRunning: process 'dovecot' not found,1,Normal
2026-09-25,15:30:19,Result,,Result: dovecot not found,1,Normal
2026-09-25,15:30:19,Section Divider,,====,1,Normal
2026-09-25,15:30:19,Test Execution,MAIL-8860,Performing test ID MAIL-8860 (Check Qmail status),1,Normal
2026-09-25,15:30:19,Test,,Test: check Qmail status,1,Normal
2026-09-25,15:30:19,General,,Performing pgrep scan without uid,1,Normal
2026-09-25,15:30:19,General,,IsRunning: process 'qmail-smtpd' not found,1,Normal
2026-09-25,15:30:19,Result,,Result: no running Qmail processes found,1,Normal
2026-09-25,15:30:19,Section Divider,,====,1,Normal
2026-09-25,15:30:19,Test Execution,MAIL-8880,Performing test ID MAIL-8880 (Check Sendmail status),1,Normal
2026-09-25,15:30:19,Test,,Test: check sendmail status,1,Normal
2026-09-25,15:30:19,General,,Performing pgrep scan without uid,1,Normal
2026-09-25,15:30:19,General,,IsRunning: process 'sendmail' not found,1,Normal
2026-09-25,15:30:19,Result,,Result: no running Sendmail processes found,1,Normal
2026-09-25,15:30:19,Section Divider,,====,1,Normal
2026-09-25,15:30:19,General,,Skipped test MAIL-8920 (Check OpenSMTPD status),1,Normal
2026-09-25,15:30:19,General,,"Reason to skip: Prerequisites not met (ie missing tool, other type of Linux distribution)",1,Normal
2026-09-25,15:30:19,General,,Security check: file is normal,1,Normal
2026-09-25,15:30:19,Permission Check,,Checking permissions of /usr/share/lynis/include/tests_firewalls,1,Normal
2026-09-25,15:30:19,General,,File permissions are OK,1,Normal
2026-09-25,15:30:19,Section Divider,,====,1,Normal
2026-09-25,15:30:19,Action,,Action: Performing tests from category: Software: firewalls,1,Normal
2026-09-25,15:30:19,Section Divider,,====,1,Normal
2026-09-25,15:30:19,Test Execution,FIRE-4502,Performing test ID FIRE-4502 (Check iptables kernel module),1,Normal
2026-09-25,15:30:19,Result,,Result: found kernel configuration file (/boot/config-7.0.0-30-generic),1,Normal
2026-09-25,15:30:19,Result,,Result: no iptables found in Linux kernel config file,1,Normal
2026-09-25,15:30:19,Section Divider,,====,1,Normal
2026-09-25,15:30:19,General,,Skipped test FIRE-4508 (Check used policies of iptables chains),1,Normal
2026-09-25,15:30:19,General,,"Reason to skip: Prerequisites not met (ie missing tool, other type of Linux distribution)",1,Normal
2026-09-25,15:30:19,Section Divider,,====,1,Normal
2026-09-25,15:30:19,General,,Skipped test FIRE-4512 (Check iptables for empty ruleset),1,Normal
2026-09-25,15:30:19,General,,"Reason to skip: Prerequisites not met (ie missing tool, other type of Linux distribution)",1,Normal
2026-09-25,15:30:19,Section Divider,,====,1,Normal
2026-09-25,15:30:19,General,,Skipped test FIRE-4513 (Check iptables for unused rules),1,Normal
2026-09-25,15:30:19,General,,"Reason to skip: Prerequisites not met (ie missing tool, other type of Linux distribution)",1,Normal
2026-09-25,15:30:19,Section Divider,,====,1,Normal
2026-09-25,15:30:19,General,,Skipped test FIRE-4518 (Check pf firewall components),1,Normal
2026-09-25,15:30:19,General,,Reason to skip: No /dev/pf device,1,Normal
2026-09-25,15:30:19,Section Divider,,====,1,Normal
2026-09-25,15:30:19,General,,Skipped test FIRE-4520 (Check pf configuration consistency),1,Normal
2026-09-25,15:30:19,General,,"Reason to skip: Prerequisites not met (ie missing tool, other type of Linux distribution)",1,Normal
2026-09-25,15:30:19,Section Divider,,====,1,Normal
2026-09-25,15:30:19,Test Execution,FIRE-4524,Performing test ID FIRE-4524 (Check for CSF presence),-1,Anomalía
2026-09-25,15:30:19,Test,,Test: check /etc/csf/csf.conf,1,Normal
2026-09-25,15:30:19,Result,,Result: /etc/csf/csf.conf does NOT exist,1,Normal
2026-09-25,15:30:19,Section Divider,,====,1,Normal
2026-09-25,15:30:19,General,,Skipped test FIRE-4526 (Check ipf status),1,Normal
2026-09-25,15:30:19,General,,Reason to skip: Incorrect guest OS (Solaris only),1,Normal
2026-09-25,15:30:19,Section Divider,,====,1,Normal
2026-09-25,15:30:19,General,,Skipped test FIRE-4530 (Check IPFW status),1,Normal
2026-09-25,15:30:19,General,,Reason to skip: Incorrect guest OS (FreeBSD only),1,Normal
2026-09-25,15:30:19,Section Divider,,====,1,Normal
2026-09-25,15:30:20,General,,Skipped test FIRE-4532 (Check macOS application firewall),1,Normal
2026-09-25,15:30:20,General,,Reason to skip: Incorrect guest OS (macOS only),1,Normal
2026-09-25,15:30:20,Section Divider,,====,1,Normal
2026-09-25,15:30:20,General,,Skipped test FIRE-4534 (Check for presence of outbound firewalls on macOS),1,Normal
2026-09-25,15:30:20,General,,Reason to skip: Incorrect guest OS (macOS only),1,Normal
2026-09-25,15:30:20,Section Divider,,====,1,Normal
2026-09-25,15:30:20,Test Execution,FIRE-4536,Performing test ID FIRE-4536 (Check nftables status),1,Normal
2026-09-25,15:30:20,Result,,Result: no nftables kernel module found,1,Normal
2026-09-25,15:30:20,Section Divider,,====,1,Normal
2026-09-25,15:30:20,Test Execution,FIRE-4538,Performing test ID FIRE-4538 (Check nftables basic configuration),1,Normal
2026-09-25,15:30:20,Result,,Result: found version 1.1.6 of nft,1,Normal
2026-09-25,15:30:20,Section Divider,,====,1,Normal
2026-09-25,15:30:20,Test Execution,FIRE-4540,Performing test ID FIRE-4540 (Check for empty nftables configuration),1,Normal
2026-09-25,15:30:20,Result,,Result: this firewall set has 3 rules or less and is considered to be empty,1,Normal
2026-09-25,15:30:20,Section Divider,,====,1,Normal
2026-09-25,15:30:20,General,,Skipped test FIRE-4586 (Check firewall logging),1,Normal
2026-09-25,15:30:20,General,,"Reason to skip: Prerequisites not met (ie missing tool, other type of Linux distribution)",1,Normal
2026-09-25,15:30:20,Section Divider,,====,1,Normal
2026-09-25,15:30:20,Test Execution,FIRE-4590,Performing test ID FIRE-4590 (Check firewall status),1,Normal
2026-09-25,15:30:20,Result,,Result: no host based firewall/packet filter found or configured,1,Normal
2026-09-25,15:30:20,General,,Suggestion: Configure a firewall/packet filter to filter incoming and outgoing traffic [test:FIRE-4590] [details:-] [solution:-],1,Normal
2026-09-25,15:30:20,General,,Hardening: assigned partial number of hardening points (0 of 5). Currently having 125 points (out of 208),1,Normal
2026-09-25,15:30:20,Section Divider,,====,1,Normal
2026-09-25,15:30:20,Test Execution,FIRE-4594,Performing test ID FIRE-4594 (Check for APF presence),-1,Anomalía
2026-09-25,15:30:20,Test,,Test: check /etc/apf/conf.apf,1,Normal
2026-09-25,15:30:20,Result,,Result: /etc/apf/conf.apf does NOT exist,1,Normal
2026-09-25,15:30:20,General,,Security check: file is normal,1,Normal
2026-09-25,15:30:20,Permission Check,,Checking permissions of /usr/share/lynis/include/tests_webservers,1,Normal
2026-09-25,15:30:20,General,,File permissions are OK,1,Normal
2026-09-25,15:30:20,Section Divider,,====,1,Normal
2026-09-25,15:30:20,Action,,Action: Performing tests from category: Software: webserver,1,Normal
2026-09-25,15:30:20,Action,,Action: created temporary file /tmp/lynis.pP6Kpn3tDs,1,Normal
2026-09-25,15:30:20,Action,,Action: created temporary file /tmp/lynis.eAtI3hF0y0,1,Normal
2026-09-25,15:30:20,Action,,Action: created temporary file /tmp/lynis.k2zPMc03Nu,1,Normal
2026-09-25,15:30:20,Section Divider,,====,1,Normal
2026-09-25,15:30:20,Test Execution,HTTP-6622,Performing test ID HTTP-6622 (Checking Apache presence),-1,Anomalía
2026-09-25,15:30:20,Section Divider,,====,1,Normal
2026-09-25,15:30:20,General,,Skipped test HTTP-6624 (Testing main Apache configuration file),1,Normal
2026-09-25,15:30:20,General,,"Reason to skip: Prerequisites not met (ie missing tool, other type of Linux distribution)",1,Normal
2026-09-25,15:30:20,Section Divider,,====,1,Normal
2026-09-25,15:30:20,General,,Skipped test HTTP-6626 (Testing other Apache configuration file),1,Normal
2026-09-25,15:30:20,General,,"Reason to skip: Prerequisites not met (ie missing tool, other type of Linux distribution)",1,Normal
2026-09-25,15:30:20,Section Divider,,====,1,Normal
2026-09-25,15:30:20,General,,Skipped test HTTP-6632 (Determining all available Apache modules),1,Normal
2026-09-25,15:30:20,General,,"Reason to skip: Prerequisites not met (ie missing tool, other type of Linux distribution)",1,Normal
2026-09-25,15:30:20,Section Divider,,====,1,Normal
2026-09-25,15:30:21,General,,Skipped test HTTP-6640 (Determining existence of specific Apache modules),1,Normal
2026-09-25,15:30:21,General,,"Reason to skip: Prerequisites not met (ie missing tool, other type of Linux distribution)",1,Normal
2026-09-25,15:30:21,Section Divider,,====,1,Normal
2026-09-25,15:30:21,General,,Skipped test HTTP-6641 (Determining existence of specific Apache modules),1,Normal
2026-09-25,15:30:21,General,,"Reason to skip: Prerequisites not met (ie missing tool, other type of Linux distribution)",1,Normal
2026-09-25,15:30:21,Section Divider,,====,1,Normal
2026-09-25,15:30:21,General,,Skipped test HTTP-6643 (Determining existence of specific Apache modules),1,Normal
2026-09-25,15:30:21,General,,"Reason to skip: Prerequisites not met (ie missing tool, other type of Linux distribution)",1,Normal
2026-09-25,15:30:21,Section Divider,,====,1,Normal
2026-09-25,15:30:21,General,,Skipped test HTTP-6660 (Checking Apache security setting: TraceEnable),1,Normal
2026-09-25,15:30:21,General,,"Reason to skip: Prerequisites not met (ie missing tool, other type of Linux distribution)",1,Normal
2026-09-25,15:30:21,Section Divider,,====,1,Normal
2026-09-25,15:30:21,Test Execution,HTTP-6702,Performing test ID HTTP-6702 (Check nginx process),1,Normal
2026-09-25,15:30:21,Test,,Test: searching running nginx process,1,Normal
2026-09-25,15:30:21,General,,Performing pgrep scan without uid,1,Normal
2026-09-25,15:30:21,General,,IsRunning: process 'nginx' not found,1,Normal
2026-09-25,15:30:21,Result,,Result: no running nginx process found,1,Normal
2026-09-25,15:30:21,Section Divider,,====,1,Normal
2026-09-25,15:30:21,General,,Skipped test HTTP-6704 (Check nginx configuration file),1,Normal
2026-09-25,15:30:21,General,,"Reason to skip: Prerequisites not met (ie missing tool, other type of Linux distribution)",1,Normal
2026-09-25,15:30:21,Section Divider,,====,1,Normal
2026-09-25,15:30:21,General,,Skipped test HTTP-6706 (Check for additional nginx configuration files),1,Normal
2026-09-25,15:30:21,General,,"Reason to skip: Prerequisites not met (ie missing tool, other type of Linux distribution)",1,Normal
2026-09-25,15:30:21,Section Divider,,====,1,Normal
2026-09-25,15:30:21,General,,Skipped test HTTP-6708 (Check discovered nginx configuration settings),1,Normal
2026-09-25,15:30:21,General,,"Reason to skip: Prerequisites not met (ie missing tool, other type of Linux distribution)",1,Normal
2026-09-25,15:30:21,Section Divider,,====,1,Normal
2026-09-25,15:30:21,General,,Skipped test HTTP-6710 (Check nginx SSL configuration settings),1,Normal
2026-09-25,15:30:21,General,,"Reason to skip: Prerequisites not met (ie missing tool, other type of Linux distribution)",1,Normal
2026-09-25,15:30:21,Section Divider,,====,1,Normal
2026-09-25,15:30:21,General,,Skipped test HTTP-6712 (Check nginx access logging),1,Normal
2026-09-25,15:30:21,General,,"Reason to skip: Prerequisites not met (ie missing tool, other type of Linux distribution)",1,Normal
2026-09-25,15:30:21,Section Divider,,====,1,Normal
2026-09-25,15:30:21,General,,Skipped test HTTP-6714 (Check for missing error logs in nginx),1,Normal
2026-09-25,15:30:21,General,,"Reason to skip: Prerequisites not met (ie missing tool, other type of Linux distribution)",1,Normal
2026-09-25,15:30:21,Section Divider,,====,1,Normal
2026-09-25,15:30:21,General,,Skipped test HTTP-6716 (Check for debug mode on error log in nginx),1,Normal
2026-09-25,15:30:21,General,,"Reason to skip: Prerequisites not met (ie missing tool, other type of Linux distribution)",1,Normal
2026-09-25,15:30:21,Section Divider,,====,1,Normal
2026-09-25,15:30:21,General,,Skipped test HTTP-6720 (Check Nginx log files),1,Normal
2026-09-25,15:30:21,General,,"Reason to skip: Prerequisites not met (ie missing tool, other type of Linux distribution)",1,Normal
2026-09-25,15:30:21,General,,Security check: file is normal,1,Normal
2026-09-25,15:30:21,Permission Check,,Checking permissions of /usr/share/lynis/include/tests_ssh,1,Normal
2026-09-25,15:30:21,General,,File permissions are OK,1,Normal
2026-09-25,15:30:21,Section Divider,,====,1,Normal
2026-09-25,15:30:21,Action,,Action: Performing tests from category: SSH Support,1,Normal
2026-09-25,15:30:21,Section Divider,,====,1,Normal
2026-09-25,15:30:21,Test Execution,SSH-7402,Performing test ID SSH-7402 (Check for running SSH daemon),1,Normal
2026-09-25,15:30:21,Test,,Test: Searching for a SSH daemon,1,Normal
2026-09-25,15:30:21,General,,Performing pgrep scan without uid,1,Normal
2026-09-25,15:30:21,General,,IsRunning: process 'sshd' not found,1,Normal
2026-09-25,15:30:21,Test,,Test: find service listening on TCP:22,1,Normal
2026-09-25,15:30:22,Result,,Result: did not find service listening on port 22 (TCP),1,Normal
2026-09-25,15:30:22,Section Divider,,====,1,Normal
2026-09-25,15:30:22,General,,Skipped test SSH-7404 (Check SSH daemon file location),1,Normal
2026-09-25,15:30:22,General,,"Reason to skip: Prerequisites not met (ie missing tool, other type of Linux distribution)",1,Normal
2026-09-25,15:30:22,Section Divider,,====,1,Normal
2026-09-25,15:30:22,General,,Skipped test SSH-7406 (Determine OpenSSH version),1,Normal
2026-09-25,15:30:22,General,,"Reason to skip: Prerequisites not met (ie missing tool, other type of Linux distribution)",1,Normal
2026-09-25,15:30:22,Section Divider,,====,1,Normal
2026-09-25,15:30:22,General,,Skipped test SSH-7408 (Check SSH specific defined options),1,Normal
2026-09-25,15:30:22,General,,"Reason to skip: Prerequisites not met (ie missing tool, other type of Linux distribution)",1,Normal
2026-09-25,15:30:22,Section Divider,,====,1,Normal
2026-09-25,15:30:22,General,,Skipped test SSH-7440 (Check OpenSSH option: AllowUsers and AllowGroups),1,Normal
2026-09-25,15:30:22,General,,"Reason to skip: Prerequisites not met (ie missing tool, other type of Linux distribution)",1,Normal
2026-09-25,15:30:22,General,,Security check: file is normal,1,Normal
2026-09-25,15:30:22,Permission Check,,Checking permissions of /usr/share/lynis/include/tests_snmp,1,Normal
2026-09-25,15:30:22,General,,File permissions are OK,1,Normal
2026-09-25,15:30:22,Section Divider,,====,1,Normal
2026-09-25,15:30:22,Action,,Action: Performing tests from category: SNMP Support,1,Normal
2026-09-25,15:30:22,Section Divider,,====,1,Normal
2026-09-25,15:30:22,Test Execution,SNMP-3302,Performing test ID SNMP-3302 (Check for running SNMP daemon),1,Normal
2026-09-25,15:30:22,Test,,Test: Searching for a SNMP daemon,1,Normal
2026-09-25,15:30:22,General,,Performing pgrep scan without uid,1,Normal
2026-09-25,15:30:22,General,,IsRunning: process 'snmpd' not found,1,Normal
2026-09-25,15:30:22,Result,,Result: No running SNMP daemon found,1,Normal
2026-09-25,15:30:22,Section Divider,,====,1,Normal
2026-09-25,15:30:22,General,,Skipped test SNMP-3304 (Check SNMP daemon file location),1,Normal
2026-09-25,15:30:22,General,,"Reason to skip: Prerequisites not met (ie missing tool, other type of Linux distribution)",1,Normal
2026-09-25,15:30:22,Section Divider,,====,1,Normal
2026-09-25,15:30:22,General,,Skipped test SNMP-3306 (Check SNMP communities),1,Normal
2026-09-25,15:30:22,General,,"Reason to skip: Prerequisites not met (ie missing tool, other type of Linux distribution)",1,Normal
2026-09-25,15:30:22,General,,Security check: file is normal,1,Normal
2026-09-25,15:30:22,Permission Check,,Checking permissions of /usr/share/lynis/include/tests_databases,1,Normal
2026-09-25,15:30:22,General,,File permissions are OK,1,Normal
2026-09-25,15:30:22,Section Divider,,====,1,Normal
2026-09-25,15:30:22,Action,,Action: Performing tests from category: Databases,1,Normal
2026-09-25,15:30:22,Section Divider,,====,1,Normal
2026-09-25,15:30:22,Test Execution,DBS-1804,Performing test ID DBS-1804 (Checking active MySQL process),1,Normal
2026-09-25,15:30:22,Result,,Result: MySQL process not active,1,Normal
2026-09-25,15:30:22,Section Divider,,====,1,Normal
2026-09-25,15:30:22,General,,Skipped test DBS-1816 (Checking MySQL root password),1,Normal
2026-09-25,15:30:22,General,,"Reason to skip: MySQL not installed, or not running",1,Normal
2026-09-25,15:30:22,General,,"Test skipped, MySQL daemon not running or no MySQL client available",1,Normal
2026-09-25,15:30:22,Section Divider,,====,1,Normal
2026-09-25,15:30:22,Test Execution,DBS-1818,Performing test ID DBS-1818 (Check status of MongoDB server),1,Normal
2026-09-25,15:30:22,General,,Performing pgrep scan without uid,1,Normal
2026-09-25,15:30:22,General,,IsRunning: process 'mongod' not found,1,Normal
2026-09-25,15:30:22,Section Divider,,====,1,Normal
2026-09-25,15:30:22,Test Execution,DBS-1820,Performing test ID DBS-1820 (Check for authorization in MongoDB),1,Normal
2026-09-25,15:30:22,Section Divider,,====,1,Normal
2026-09-25,15:30:23,Test Execution,DBS-1826,Performing test ID DBS-1826 (Checking active PostgreSQL processes),1,Normal
2026-09-25,15:30:23,General,,Performing pgrep scan without uid,1,Normal
2026-09-25,15:30:23,General,,IsRunning: process 'postgres' not found,1,Normal
2026-09-25,15:30:23,Result,,Result: PostgreSQL process postgres not active,1,Normal
2026-09-25,15:30:23,General,,Performing pgrep scan without uid,1,Normal
2026-09-25,15:30:23,General,,IsRunning: process 'postmaster' not found,1,Normal
2026-09-25,15:30:23,Result,,Result: PostgreSQL process postmaster not active,1,Normal
2026-09-25,15:30:23,Section Divider,,====,1,Normal
2026-09-25,15:30:23,General,,Skipped test DBS-1828 (Test PostgreSQL configuration),1,Normal
2026-09-25,15:30:23,General,,"Reason to skip: Prerequisites not met (ie missing tool, other type of Linux distribution)",1,Normal
2026-09-25,15:30:23,Section Divider,,====,1,Normal
2026-09-25,15:30:23,Test Execution,DBS-1840,Performing test ID DBS-1840 (Checking active Oracle processes),1,Normal
2026-09-25,15:30:23,Result,,Result: Oracle process(es) not active,1,Normal
2026-09-25,15:30:23,Section Divider,,====,1,Normal
2026-09-25,15:30:23,Test Execution,DBS-1860,Performing test ID DBS-1860 (Checking active DB2 instances),1,Normal
2026-09-25,15:30:23,General,,Performing pgrep scan without uid,1,Normal
2026-09-25,15:30:23,General,,IsRunning: process 'db2sysc' not found,1,Normal
2026-09-25,15:30:23,Result,,Result: No DB2 instances are running,1,Normal
2026-09-25,15:30:23,Section Divider,,====,1,Normal
2026-09-25,15:30:23,Test Execution,DBS-1880,Performing test ID DBS-1880 (Check for active Redis server),1,Normal
2026-09-25,15:30:23,General,,Performing pgrep scan without uid,1,Normal
2026-09-25,15:30:23,General,,IsRunning: process 'redis-server' not found,1,Normal
2026-09-25,15:30:23,Result,,Result: No Redis processes are running,1,Normal
2026-09-25,15:30:23,Section Divider,,====,1,Normal
2026-09-25,15:30:23,General,,Skipped test DBS-1882 (Redis configuration file),1,Normal
2026-09-25,15:30:23,General,,Reason to skip: Redis not running,1,Normal
2026-09-25,15:30:23,Section Divider,,====,1,Normal
2026-09-25,15:30:23,General,,Skipped test DBS-1884 (Redis: requirepass option configured),1,Normal
2026-09-25,15:30:23,General,,"Reason to skip: Redis not running, or no configuration file found",1,Normal
2026-09-25,15:30:23,Section Divider,,====,1,Normal
2026-09-25,15:30:23,General,,Skipped test DBS-1886 (Redis: rename-command CONFIG used),1,Normal
2026-09-25,15:30:23,General,,"Reason to skip: Redis not running, or no configuration found",1,Normal
2026-09-25,15:30:23,Section Divider,,====,1,Normal
2026-09-25,15:30:23,General,,Skipped test DBS-1888 (Redis: bind on localhost),1,Normal
2026-09-25,15:30:23,General,,"Reason to skip: Redis not running, or no configuration found",1,Normal
2026-09-25,15:30:23,General,,Security check: file is normal,1,Normal
2026-09-25,15:30:23,Permission Check,,Checking permissions of /usr/share/lynis/include/tests_ldap,1,Normal
2026-09-25,15:30:23,General,,File permissions are OK,1,Normal
2026-09-25,15:30:23,Section Divider,,====,1,Normal
2026-09-25,15:30:23,Action,,Action: Performing tests from category: LDAP Services,1,Normal
2026-09-25,15:30:23,Section Divider,,====,1,Normal
2026-09-25,15:30:23,Test Execution,LDAP-2219,Performing test ID LDAP-2219 (Check running OpenLDAP instance),1,Normal
2026-09-25,15:30:23,General,,Performing pgrep scan without uid,1,Normal
2026-09-25,15:30:23,General,,IsRunning: process 'slapd' not found,1,Normal
2026-09-25,15:30:23,Result,,Result: No running slapd process found.,1,Normal
2026-09-25,15:30:23,Section Divider,,====,1,Normal
2026-09-25,15:30:23,General,,Skipped test LDAP-2224 (Check presence slapd.conf),1,Normal
2026-09-25,15:30:23,General,,"Reason to skip: Prerequisites not met (ie missing tool, other type of Linux distribution)",1,Normal
2026-09-25,15:30:23,General,,Security check: file is normal,1,Normal
2026-09-25,15:30:23,Permission Check,,Checking permissions of /usr/share/lynis/include/tests_php,1,Normal
2026-09-25,15:30:23,General,,File permissions are OK,1,Normal
2026-09-25,15:30:23,Section Divider,,====,1,Normal
2026-09-25,15:30:23,Action,,Action: Performing tests from category: PHP,1,Normal
2026-09-25,15:30:23,Section Divider,,====,1,Normal
2026-09-25,15:30:23,Test Execution,PHP-2211,Performing test ID PHP-2211 (Check php.ini presence),-1,Anomalía
2026-09-25,15:30:24,Test,,Test: Checking for presence php.ini,-1,Anomalía
2026-09-25,15:30:24,Test,,Test: checking presence /etc/php.ini,-1,Anomalía
2026-09-25,15:30:24,Result,,Result: file /etc/php.ini not found,1,Normal
2026-09-25,15:30:24,Test,,Test: checking presence /etc/php.ini.default,-1,Anomalía
2026-09-25,15:30:24,Result,,Result: file /etc/php.ini.default not found,1,Normal
2026-09-25,15:30:24,Test,,Test: checking presence /etc/php/php.ini,-1,Anomalía
2026-09-25,15:30:24,Result,,Result: file /etc/php/php.ini not found,1,Normal
2026-09-25,15:30:24,Test,,Test: checking presence /etc/php7.0/php.ini,-1,Anomalía
2026-09-25,15:30:24,Result,,Result: file /etc/php7.0/php.ini not found,1,Normal
2026-09-25,15:30:24,Test,,Test: checking presence /etc/php7.1/php.ini,-1,Anomalía
2026-09-25,15:30:24,Result,,Result: file /etc/php7.1/php.ini not found,1,Normal
2026-09-25,15:30:24,Test,,Test: checking presence /etc/php7.2/php.ini,-1,Anomalía
2026-09-25,15:30:24,Result,,Result: file /etc/php7.2/php.ini not found,1,Normal
2026-09-25,15:30:24,Test,,Test: checking presence /etc/php7.3/php.ini,-1,Anomalía
2026-09-25,15:30:24,Result,,Result: file /etc/php7.3/php.ini not found,1,Normal
2026-09-25,15:30:24,Test,,Test: checking presence /etc/php7.4/php.ini,-1,Anomalía
2026-09-25,15:30:24,Result,,Result: file /etc/php7.4/php.ini not found,1,Normal
2026-09-25,15:30:24,Test,,Test: checking presence /etc/php8.0/php.ini,-1,Anomalía
2026-09-25,15:30:24,Result,,Result: file /etc/php8.0/php.ini not found,1,Normal
2026-09-25,15:30:24,Test,,Test: checking presence /etc/php8.1/php.ini,-1,Anomalía
2026-09-25,15:30:24,Result,,Result: file /etc/php8.1/php.ini not found,1,Normal
2026-09-25,15:30:24,Test,,Test: checking presence /etc/php8.2/php.ini,-1,Anomalía
2026-09-25,15:30:24,Result,,Result: file /etc/php8.2/php.ini not found,1,Normal
2026-09-25,15:30:24,Test,,Test: checking presence /etc/php8.3/php.ini,-1,Anomalía
2026-09-25,15:30:24,Result,,Result: file /etc/php8.3/php.ini not found,1,Normal
2026-09-25,15:30:24,Test,,Test: checking presence /etc/php8.4/php.ini,-1,Anomalía
2026-09-25,15:30:24,Result,,Result: file /etc/php8.4/php.ini not found,1,Normal
2026-09-25,15:30:24,Test,,Test: checking presence /etc/php/apache2-php7.0/php.ini,-1,Anomalía
2026-09-25,15:30:24,Result,,Result: file /etc/php/apache2-php7.0/php.ini not found,1,Normal
2026-09-25,15:30:24,Test,,Test: checking presence /etc/php/apache2-php7.1/php.ini,-1,Anomalía
2026-09-25,15:30:24,Result,,Result: file /etc/php/apache2-php7.1/php.ini not found,1,Normal
2026-09-25,15:30:24,Test,,Test: checking presence /etc/php/apache2-php7.2/php.ini,-1,Anomalía
2026-09-25,15:30:24,Result,,Result: file /etc/php/apache2-php7.2/php.ini not found,1,Normal
2026-09-25,15:30:24,Test,,Test: checking presence /etc/php/apache2-php7.3/php.ini,-1,Anomalía
2026-09-25,15:30:24,Result,,Result: file /etc/php/apache2-php7.3/php.ini not found,1,Normal
2026-09-25,15:30:24,Test,,Test: checking presence /etc/php/apache2-php7.4/php.ini,-1,Anomalía
2026-09-25,15:30:24,Result,,Result: file /etc/php/apache2-php7.4/php.ini not found,1,Normal
2026-09-25,15:30:24,Test,,Test: checking presence /etc/php/apache2-php8.0/php.ini,-1,Anomalía
2026-09-25,15:30:24,Result,,Result: file /etc/php/apache2-php8.0/php.ini not found,1,Normal
2026-09-25,15:30:24,Test,,Test: checking presence /etc/php/apache2-php8.1/php.ini,-1,Anomalía
2026-09-25,15:30:24,Result,,Result: file /etc/php/apache2-php8.1/php.ini not found,1,Normal
2026-09-25,15:30:24,Test,,Test: checking presence /etc/php/apache2-php8.2/php.ini,-1,Anomalía
2026-09-25,15:30:24,Result,,Result: file /etc/php/apache2-php8.2/php.ini not found,1,Normal
2026-09-25,15:30:24,Test,,Test: checking presence /etc/php/apache2-php8.3/php.ini,-1,Anomalía
2026-09-25,15:30:24,Result,,Result: file /etc/php/apache2-php8.3/php.ini not found,1,Normal
2026-09-25,15:30:24,Test,,Test: checking presence /etc/php/apache2-php8.4/php.ini,-1,Anomalía
2026-09-25,15:30:24,Result,,Result: file /etc/php/apache2-php8.4/php.ini not found,1,Normal
2026-09-25,15:30:24,Test,,Test: checking presence /etc/php/cgi-php7.0/php.ini,-1,Anomalía
2026-09-25,15:30:24,Result,,Result: file /etc/php/cgi-php7.0/php.ini not found,1,Normal
2026-09-25,15:30:24,Test,,Test: checking presence /etc/php/cgi-php7.1/php.ini,-1,Anomalía
2026-09-25,15:30:24,Result,,Result: file /etc/php/cgi-php7.1/php.ini not found,1,Normal
2026-09-25,15:30:24,Test,,Test: checking presence /etc/php/cgi-php7.2/php.ini,-1,Anomalía
2026-09-25,15:30:24,Result,,Result: file /etc/php/cgi-php7.2/php.ini not found,1,Normal
2026-09-25,15:30:24,Test,,Test: checking presence /etc/php/cgi-php7.3/php.ini,-1,Anomalía
2026-09-25,15:30:24,Result,,Result: file /etc/php/cgi-php7.3/php.ini not found,1,Normal
2026-09-25,15:30:24,Test,,Test: checking presence /etc/php/cgi-php7.4/php.ini,-1,Anomalía
2026-09-25,15:30:24,Result,,Result: file /etc/php/cgi-php7.4/php.ini not found,1,Normal
2026-09-25,15:30:24,Test,,Test: checking presence /etc/php/cli-php5.5/php.ini,-1,Anomalía
2026-09-25,15:30:24,Result,,Result: file /etc/php/cli-php5.5/php.ini not found,1,Normal
2026-09-25,15:30:24,Test,,Test: checking presence /etc/php/cli-php5.6/php.ini,-1,Anomalía
2026-09-25,15:30:24,Result,,Result: file /etc/php/cli-php5.6/php.ini not found,1,Normal
2026-09-25,15:30:24,Test,,Test: checking presence /etc/php/cli-php7.0/php.ini,-1,Anomalía
2026-09-25,15:30:24,Result,,Result: file /etc/php/cli-php7.0/php.ini not found,1,Normal
2026-09-25,15:30:24,Test,,Test: checking presence /etc/php/cli-php7.1/php.ini,-1,Anomalía
2026-09-25,15:30:24,Result,,Result: file /etc/php/cli-php7.1/php.ini not found,1,Normal
2026-09-25,15:30:24,Test,,Test: checking presence /etc/php/cli-php7.2/php.ini,-1,Anomalía
2026-09-25,15:30:24,Result,,Result: file /etc/php/cli-php7.2/php.ini not found,1,Normal
2026-09-25,15:30:24,Test,,Test: checking presence /etc/php/cli-php7.3/php.ini,-1,Anomalía
2026-09-25,15:30:24,Result,,Result: file /etc/php/cli-php7.3/php.ini not found,1,Normal
2026-09-25,15:30:24,Test,,Test: checking presence /etc/php/cli-php7.4/php.ini,-1,Anomalía
2026-09-25,15:30:24,Result,,Result: file /etc/php/cli-php7.4/php.ini not found,1,Normal
2026-09-25,15:30:24,Test,,Test: checking presence /etc/php/cli-php8.0/php.ini,-1,Anomalía
2026-09-25,15:30:24,Result,,Result: file /etc/php/cli-php8.0/php.ini not found,1,Normal
2026-09-25,15:30:24,Test,,Test: checking presence /etc/php/cli-php8.1/php.ini,-1,Anomalía
2026-09-25,15:30:24,Result,,Result: file /etc/php/cli-php8.1/php.ini not found,1,Normal
2026-09-25,15:30:24,Test,,Test: checking presence /etc/php/cli-php8.2/php.ini,-1,Anomalía
2026-09-25,15:30:24,Result,,Result: file /etc/php/cli-php8.2/php.ini not found,1,Normal
2026-09-25,15:30:24,Test,,Test: checking presence /etc/php/cli-php8.3/php.ini,-1,Anomalía
2026-09-25,15:30:24,Result,,Result: file /etc/php/cli-php8.3/php.ini not found,1,Normal
2026-09-25,15:30:24,Test,,Test: checking presence /etc/php/cli-php8.4/php.ini,-1,Anomalía
2026-09-25,15:30:24,Result,,Result: file /etc/php/cli-php8.4/php.ini not found,1,Normal
2026-09-25,15:30:24,Test,,Test: checking presence /etc/php/embed-php7.0/php.ini,-1,Anomalía
2026-09-25,15:30:24,Result,,Result: file /etc/php/embed-php7.0/php.ini not found,1,Normal
2026-09-25,15:30:24,Test,,Test: checking presence /etc/php/embed-php7.1/php.ini,-1,Anomalía
2026-09-25,15:30:24,Result,,Result: file /etc/php/embed-php7.1/php.ini not found,1,Normal
2026-09-25,15:30:24,Test,,Test: checking presence /etc/php/embed-php7.2/php.ini,-1,Anomalía
2026-09-25,15:30:24,Result,,Result: file /etc/php/embed-php7.2/php.ini not found,1,Normal
2026-09-25,15:30:24,Test,,Test: checking presence /etc/php/embed-php7.3/php.ini,-1,Anomalía
2026-09-25,15:30:24,Result,,Result: file /etc/php/embed-php7.3/php.ini not found,1,Normal
2026-09-25,15:30:24,Test,,Test: checking presence /etc/php/embed-php7.4/php.ini,-1,Anomalía
2026-09-25,15:30:24,Result,,Result: file /etc/php/embed-php7.4/php.ini not found,1,Normal
2026-09-25,15:30:24,Test,,Test: checking presence /etc/php/embed-php8.0/php.ini,-1,Anomalía
2026-09-25,15:30:24,Result,,Result: file /etc/php/embed-php8.0/php.ini not found,1,Normal
2026-09-25,15:30:24,Test,,Test: checking presence /etc/php/embed-php8.1/php.ini,-1,Anomalía
2026-09-25,15:30:24,Result,,Result: file /etc/php/embed-php8.1/php.ini not found,1,Normal
2026-09-25,15:30:24,Test,,Test: checking presence /etc/php/embed-php8.2/php.ini,-1,Anomalía
2026-09-25,15:30:24,Result,,Result: file /etc/php/embed-php8.2/php.ini not found,1,Normal
2026-09-25,15:30:24,Test,,Test: checking presence /etc/php/embed-php8.3/php.ini,-1,Anomalía
2026-09-25,15:30:24,Result,,Result: file /etc/php/embed-php8.3/php.ini not found,1,Normal
2026-09-25,15:30:24,Test,,Test: checking presence /etc/php/embed-php8.4/php.ini,-1,Anomalía
2026-09-25,15:30:24,Result,,Result: file /etc/php/embed-php8.4/php.ini not found,1,Normal
2026-09-25,15:30:24,Test,,Test: checking presence /etc/php/fpm-php7.0/php.ini,-1,Anomalía
2026-09-25,15:30:24,Result,,Result: file /etc/php/fpm-php7.0/php.ini not found,1,Normal
2026-09-25,15:30:24,Test,,Test: checking presence /etc/php/fpm-php7.1/php.ini,-1,Anomalía
2026-09-25,15:30:24,Result,,Result: file /etc/php/fpm-php7.1/php.ini not found,1,Normal
2026-09-25,15:30:24,Test,,Test: checking presence /etc/php/fpm-php7.2/php.ini,-1,Anomalía
2026-09-25,15:30:24,Result,,Result: file /etc/php/fpm-php7.2/php.ini not found,1,Normal
2026-09-25,15:30:24,Test,,Test: checking presence /etc/php/fpm-php7.3/php.ini,-1,Anomalía
2026-09-25,15:30:24,Result,,Result: file /etc/php/fpm-php7.3/php.ini not found,1,Normal
2026-09-25,15:30:24,Test,,Test: checking presence /etc/php/fpm-php7.4/php.ini,-1,Anomalía
2026-09-25,15:30:24,Result,,Result: file /etc/php/fpm-php7.4/php.ini not found,1,Normal
2026-09-25,15:30:24,Test,,Test: checking presence /etc/php/fpm-php8.0/php.ini,-1,Anomalía
2026-09-25,15:30:24,Result,,Result: file /etc/php/fpm-php8.0/php.ini not found,1,Normal
2026-09-25,15:30:24,Test,,Test: checking presence /etc/php/fpm-php8.1/php.ini,-1,Anomalía
2026-09-25,15:30:24,Result,,Result: file /etc/php/fpm-php8.1/php.ini not found,1,Normal
2026-09-25,15:30:24,Test,,Test: checking presence /etc/php/fpm-php8.2/php.ini,-1,Anomalía
2026-09-25,15:30:25,Result,,Result: file /etc/php/fpm-php8.2/php.ini not found,1,Normal
2026-09-25,15:30:25,Test,,Test: checking presence /etc/php/7.0/apache2/php.ini,-1,Anomalía
2026-09-25,15:30:25,Result,,Result: file /etc/php/7.0/apache2/php.ini not found,1,Normal
2026-09-25,15:30:25,Test,,Test: checking presence /etc/php/7.1/apache2/php.ini,-1,Anomalía
2026-09-25,15:30:25,Result,,Result: file /etc/php/7.1/apache2/php.ini not found,1,Normal
2026-09-25,15:30:25,Test,,Test: checking presence /etc/php/7.2/apache2/php.ini,-1,Anomalía
2026-09-25,15:30:25,Result,,Result: file /etc/php/7.2/apache2/php.ini not found,1,Normal
2026-09-25,15:30:25,Test,,Test: checking presence /etc/php/7.3/apache2/php.ini,-1,Anomalía
2026-09-25,15:30:25,Result,,Result: file /etc/php/7.3/apache2/php.ini not found,1,Normal
2026-09-25,15:30:25,Test,,Test: checking presence /etc/php/7.4/apache2/php.ini,-1,Anomalía
2026-09-25,15:30:25,Result,,Result: file /etc/php/7.4/apache2/php.ini not found,1,Normal
2026-09-25,15:30:25,Test,,Test: checking presence /etc/php/8.0/apache2/php.ini,-1,Anomalía
2026-09-25,15:30:25,Result,,Result: file /etc/php/8.0/apache2/php.ini not found,1,Normal
2026-09-25,15:30:25,Test,,Test: checking presence /etc/php/8.1/apache2/php.ini,-1,Anomalía
2026-09-25,15:30:25,Result,,Result: file /etc/php/8.1/apache2/php.ini not found,1,Normal
2026-09-25,15:30:25,Test,,Test: checking presence /etc/php/8.2/apache2/php.ini,-1,Anomalía
2026-09-25,15:30:25,Result,,Result: file /etc/php/8.2/apache2/php.ini not found,1,Normal
2026-09-25,15:30:25,Test,,Test: checking presence /etc/php/8.3/apache2/php.ini,-1,Anomalía
2026-09-25,15:30:25,Result,,Result: file /etc/php/8.3/apache2/php.ini not found,1,Normal
2026-09-25,15:30:25,Test,,Test: checking presence /etc/php/8.4/apache2/php.ini,-1,Anomalía
2026-09-25,15:30:25,Result,,Result: file /etc/php/8.4/apache2/php.ini not found,1,Normal
2026-09-25,15:30:25,Test,,Test: checking presence /etc/php/7.0/cli/php.ini,-1,Anomalía
2026-09-25,15:30:25,Result,,Result: file /etc/php/7.0/cli/php.ini not found,1,Normal
2026-09-25,15:30:25,Test,,Test: checking presence /etc/php/7.0/fpm/php.ini,-1,Anomalía
2026-09-25,15:30:25,Result,,Result: file /etc/php/7.0/fpm/php.ini not found,1,Normal
2026-09-25,15:30:25,Test,,Test: checking presence /etc/php/7.1/cli/php.ini,-1,Anomalía
2026-09-25,15:30:25,Result,,Result: file /etc/php/7.1/cli/php.ini not found,1,Normal
2026-09-25,15:30:25,Test,,Test: checking presence /etc/php/7.1/fpm/php.ini,-1,Anomalía
2026-09-25,15:30:25,Result,,Result: file /etc/php/7.1/fpm/php.ini not found,1,Normal
2026-09-25,15:30:25,Test,,Test: checking presence /etc/php/7.2/cli/php.ini,-1,Anomalía
2026-09-25,15:30:25,Result,,Result: file /etc/php/7.2/cli/php.ini not found,1,Normal
2026-09-25,15:30:25,Test,,Test: checking presence /etc/php/7.2/fpm/php.ini,-1,Anomalía
2026-09-25,15:30:25,Result,,Result: file /etc/php/7.2/fpm/php.ini not found,1,Normal
2026-09-25,15:30:25,Test,,Test: checking presence /etc/php/7.3/cli/php.ini,-1,Anomalía
2026-09-25,15:30:25,Result,,Result: file /etc/php/7.3/cli/php.ini not found,1,Normal
2026-09-25,15:30:25,Test,,Test: checking presence /etc/php/7.3/fpm/php.ini,-1,Anomalía
2026-09-25,15:30:25,Result,,Result: file /etc/php/7.3/fpm/php.ini not found,1,Normal
2026-09-25,15:30:25,Test,,Test: checking presence /etc/php/7.4/cli/php.ini,-1,Anomalía
2026-09-25,15:30:25,Result,,Result: file /etc/php/7.4/cli/php.ini not found,1,Normal
2026-09-25,15:30:25,Test,,Test: checking presence /etc/php/7.4/fpm/php.ini,-1,Anomalía
2026-09-25,15:30:25,Result,,Result: file /etc/php/7.4/fpm/php.ini not found,1,Normal
2026-09-25,15:30:25,Test,,Test: checking presence /etc/php/8.0/cli/php.ini,-1,Anomalía
2026-09-25,15:30:25,Result,,Result: file /etc/php/8.0/cli/php.ini not found,1,Normal
2026-09-25,15:30:25,Test,,Test: checking presence /etc/php/8.0/fpm/php.ini,-1,Anomalía
2026-09-25,15:30:25,Result,,Result: file /etc/php/8.0/fpm/php.ini not found,1,Normal
2026-09-25,15:30:25,Test,,Test: checking presence /etc/php/8.1/cli/php.ini,-1,Anomalía
2026-09-25,15:30:25,Result,,Result: file /etc/php/8.1/cli/php.ini not found,1,Normal
2026-09-25,15:30:25,Test,,Test: checking presence /etc/php/8.1/fpm/php.ini,-1,Anomalía
2026-09-25,15:30:25,Result,,Result: file /etc/php/8.1/fpm/php.ini not found,1,Normal
2026-09-25,15:30:25,Test,,Test: checking presence /etc/php/8.2/cli/php.ini,-1,Anomalía
2026-09-25,15:30:25,Result,,Result: file /etc/php/8.2/cli/php.ini not found,1,Normal
2026-09-25,15:30:25,Test,,Test: checking presence /etc/php/8.2/fpm/php.ini,-1,Anomalía
2026-09-25,15:30:25,Result,,Result: file /etc/php/8.2/fpm/php.ini not found,1,Normal
2026-09-25,15:30:25,Test,,Test: checking presence /etc/php/8.3/cli/php.ini,-1,Anomalía
2026-09-25,15:30:25,Result,,Result: file /etc/php/8.3/cli/php.ini not found,1,Normal
2026-09-25,15:30:25,Test,,Test: checking presence /etc/php/8.3/fpm/php.ini,-1,Anomalía
2026-09-25,15:30:25,Result,,Result: file /etc/php/8.3/fpm/php.ini not found,1,Normal
2026-09-25,15:30:25,Test,,Test: checking presence /etc/php/8.4/cli/php.ini,-1,Anomalía
2026-09-25,15:30:25,Result,,Result: file /etc/php/8.4/cli/php.ini not found,1,Normal
2026-09-25,15:30:25,Test,,Test: checking presence /etc/php/8.4/fpm/php.ini,-1,Anomalía
2026-09-25,15:30:25,Result,,Result: file /etc/php/8.4/fpm/php.ini not found,1,Normal
2026-09-25,15:30:25,Test,,Test: checking presence /opt/alt/php70/etc/php.ini,-1,Anomalía
2026-09-25,15:30:25,Result,,Result: file /opt/alt/php70/etc/php.ini not found,1,Normal
2026-09-25,15:30:25,Test,,Test: checking presence /opt/alt/php71/etc/php.ini,-1,Anomalía
2026-09-25,15:30:25,Result,,Result: file /opt/alt/php71/etc/php.ini not found,1,Normal
2026-09-25,15:30:25,Test,,Test: checking presence /opt/alt/php72/etc/php.ini,-1,Anomalía
2026-09-25,15:30:25,Result,,Result: file /opt/alt/php72/etc/php.ini not found,1,Normal
2026-09-25,15:30:25,Test,,Test: checking presence /opt/alt/php73/etc/php.ini,-1,Anomalía
2026-09-25,15:30:25,Result,,Result: file /opt/alt/php73/etc/php.ini not found,1,Normal
2026-09-25,15:30:25,Test,,Test: checking presence /opt/alt/php74/etc/php.ini,-1,Anomalía
2026-09-25,15:30:25,Result,,Result: file /opt/alt/php74/etc/php.ini not found,1,Normal
2026-09-25,15:30:25,Test,,Test: checking presence /opt/alt/php80/etc/php.ini,-1,Anomalía
2026-09-25,15:30:25,Result,,Result: file /opt/alt/php80/etc/php.ini not found,1,Normal
2026-09-25,15:30:25,Test,,Test: checking presence /opt/alt/php81/etc/php.ini,-1,Anomalía
2026-09-25,15:30:25,Result,,Result: file /opt/alt/php81/etc/php.ini not found,1,Normal
2026-09-25,15:30:25,Test,,Test: checking presence /opt/alt/php82/etc/php.ini,-1,Anomalía
2026-09-25,15:30:25,Result,,Result: file /opt/alt/php82/etc/php.ini not found,1,Normal
2026-09-25,15:30:25,Test,,Test: checking presence /opt/alt/php83/etc/php.ini,-1,Anomalía
2026-09-25,15:30:25,Result,,Result: file /opt/alt/php83/etc/php.ini not found,1,Normal
2026-09-25,15:30:25,Test,,Test: checking presence /opt/alt/php84/etc/php.ini,-1,Anomalía
2026-09-25,15:30:25,Result,,Result: file /opt/alt/php84/etc/php.ini not found,1,Normal
2026-09-25,15:30:25,Test,,Test: checking presence /opt/cpanel/ea-php70/root/etc/php.ini,-1,Anomalía
2026-09-25,15:30:25,Result,,Result: file /opt/cpanel/ea-php70/root/etc/php.ini not found,1,Normal
2026-09-25,15:30:25,Test,,Test: checking presence /opt/cpanel/ea-php71/root/etc/php.ini,-1,Anomalía
2026-09-25,15:30:25,Result,,Result: file /opt/cpanel/ea-php71/root/etc/php.ini not found,1,Normal
2026-09-25,15:30:25,Test,,Test: checking presence /opt/cpanel/ea-php72/root/etc/php.ini,-1,Anomalía
2026-09-25,15:30:25,Result,,Result: file /opt/cpanel/ea-php72/root/etc/php.ini not found,1,Normal
2026-09-25,15:30:25,Test,,Test: checking presence /opt/cpanel/ea-php73/root/etc/php.ini,-1,Anomalía
2026-09-25,15:30:25,Result,,Result: file /opt/cpanel/ea-php73/root/etc/php.ini not found,1,Normal
2026-09-25,15:30:25,Test,,Test: checking presence /opt/cpanel/ea-php74/root/etc/php.ini,-1,Anomalía
2026-09-25,15:30:25,Result,,Result: file /opt/cpanel/ea-php74/root/etc/php.ini not found,1,Normal
2026-09-25,15:30:25,Test,,Test: checking presence /opt/cpanel/ea-php80/root/etc/php.ini,-1,Anomalía
2026-09-25,15:30:25,Result,,Result: file /opt/cpanel/ea-php80/root/etc/php.ini not found,1,Normal
2026-09-25,15:30:25,Test,,Test: checking presence /opt/cpanel/ea-php81/root/etc/php.ini,-1,Anomalía
2026-09-25,15:30:25,Result,,Result: file /opt/cpanel/ea-php81/root/etc/php.ini not found,1,Normal
2026-09-25,15:30:25,Test,,Test: checking presence /opt/cpanel/ea-php82/root/etc/php.ini,-1,Anomalía
2026-09-25,15:30:25,Result,,Result: file /opt/cpanel/ea-php82/root/etc/php.ini not found,1,Normal
2026-09-25,15:30:25,Test,,Test: checking presence /opt/cpanel/ea-php83/root/etc/php.ini,-1,Anomalía
2026-09-25,15:30:25,Result,,Result: file /opt/cpanel/ea-php83/root/etc/php.ini not found,1,Normal
2026-09-25,15:30:25,Test,,Test: checking presence /opt/cpanel/ea-php84/root/etc/php.ini,-1,Anomalía
2026-09-25,15:30:25,Result,,Result: file /opt/cpanel/ea-php84/root/etc/php.ini not found,1,Normal
2026-09-25,15:30:25,Test,,Test: checking presence /private/etc/php.ini,-1,Anomalía
2026-09-25,15:30:25,Result,,Result: file /private/etc/php.ini not found,1,Normal
2026-09-25,15:30:25,Test,,Test: checking presence /var/www/conf/php.ini,-1,Anomalía
2026-09-25,15:30:25,Result,,Result: file /var/www/conf/php.ini not found,1,Normal
2026-09-25,15:30:25,Test,,Test: checking presence /usr/local/etc/php.ini,-1,Anomalía
2026-09-25,15:30:25,Result,,Result: file /usr/local/etc/php.ini not found,1,Normal
2026-09-25,15:30:25,Test,,Test: checking presence /usr/local/lib/php.ini,-1,Anomalía
2026-09-25,15:30:25,Result,,Result: file /usr/local/lib/php.ini not found,1,Normal
2026-09-25,15:30:25,Test,,Test: checking presence /usr/local/php70/lib/php.ini,-1,Anomalía
2026-09-25,15:30:25,Result,,Result: file /usr/local/php70/lib/php.ini not found,1,Normal
2026-09-25,15:30:25,Test,,Test: checking presence /usr/local/php71/lib/php.ini,-1,Anomalía
2026-09-25,15:30:25,Result,,Result: file /usr/local/php71/lib/php.ini not found,1,Normal
2026-09-25,15:30:25,Test,,Test: checking presence /usr/local/php72/lib/php.ini,-1,Anomalía
2026-09-25,15:30:25,Result,,Result: file /usr/local/php72/lib/php.ini not found,1,Normal
2026-09-25,15:30:25,Test,,Test: checking presence /usr/local/php73/lib/php.ini,-1,Anomalía
2026-09-25,15:30:25,Result,,Result: file /usr/local/php73/lib/php.ini not found,1,Normal
2026-09-25,15:30:26,Test,,Test: checking presence /usr/local/php74/lib/php.ini,-1,Anomalía
2026-09-25,15:30:26,Result,,Result: file /usr/local/php74/lib/php.ini not found,1,Normal
2026-09-25,15:30:26,Test,,Test: checking presence /usr/local/php80/lib/php.ini,-1,Anomalía
2026-09-25,15:30:26,Result,,Result: file /usr/local/php80/lib/php.ini not found,1,Normal
2026-09-25,15:30:26,Test,,Test: checking presence /usr/local/php81/lib/php.ini,-1,Anomalía
2026-09-25,15:30:26,Result,,Result: file /usr/local/php81/lib/php.ini not found,1,Normal
2026-09-25,15:30:26,Test,,Test: checking presence /usr/local/php82/lib/php.ini,-1,Anomalía
2026-09-25,15:30:26,Result,,Result: file /usr/local/php82/lib/php.ini not found,1,Normal
2026-09-25,15:30:26,Test,,Test: checking presence /usr/local/php83/lib/php.ini,-1,Anomalía
2026-09-25,15:30:26,Result,,Result: file /usr/local/php83/lib/php.ini not found,1,Normal
2026-09-25,15:30:26,Test,,Test: checking presence /usr/local/php84/lib/php.ini,-1,Anomalía
2026-09-25,15:30:26,Result,,Result: file /usr/local/php84/lib/php.ini not found,1,Normal
2026-09-25,15:30:26,Test,,Test: checking presence /usr/local/zend/etc/php.ini,-1,Anomalía
2026-09-25,15:30:26,Result,,Result: file /usr/local/zend/etc/php.ini not found,1,Normal
2026-09-25,15:30:26,Test,,Test: checking presence /usr/pkg/etc/php.ini,-1,Anomalía
2026-09-25,15:30:26,Result,,Result: file /usr/pkg/etc/php.ini not found,1,Normal
2026-09-25,15:30:26,Test,,Test: checking presence /etc/opt/remi/php56/php.ini,-1,Anomalía
2026-09-25,15:30:26,Result,,Result: file /etc/opt/remi/php56/php.ini not found,1,Normal
2026-09-25,15:30:26,Test,,Test: checking presence /etc/opt/remi/php70/php.ini,-1,Anomalía
2026-09-25,15:30:26,Result,,Result: file /etc/opt/remi/php70/php.ini not found,1,Normal
2026-09-25,15:30:26,Test,,Test: checking presence /etc/opt/remi/php71/php.ini,-1,Anomalía
2026-09-25,15:30:26,Result,,Result: file /etc/opt/remi/php71/php.ini not found,1,Normal
2026-09-25,15:30:26,Test,,Test: checking presence /etc/opt/remi/php72/php.ini,-1,Anomalía
2026-09-25,15:30:26,Result,,Result: file /etc/opt/remi/php72/php.ini not found,1,Normal
2026-09-25,15:30:26,Test,,Test: checking presence /etc/opt/remi/php73/php.ini,-1,Anomalía
2026-09-25,15:30:26,Result,,Result: file /etc/opt/remi/php73/php.ini not found,1,Normal
2026-09-25,15:30:26,Test,,Test: checking presence /etc/opt/remi/php74/php.ini,-1,Anomalía
2026-09-25,15:30:26,Result,,Result: file /etc/opt/remi/php74/php.ini not found,1,Normal
2026-09-25,15:30:26,Test,,Test: checking presence /etc/opt/remi/php80/php.ini,-1,Anomalía
2026-09-25,15:30:26,Result,,Result: file /etc/opt/remi/php80/php.ini not found,1,Normal
2026-09-25,15:30:26,Test,,Test: checking presence /etc/opt/remi/php81/php.ini,-1,Anomalía
2026-09-25,15:30:26,Result,,Result: file /etc/opt/remi/php81/php.ini not found,1,Normal
2026-09-25,15:30:26,Test,,Test: checking presence /etc/opt/remi/php82/php.ini,-1,Anomalía
2026-09-25,15:30:26,Result,,Result: file /etc/opt/remi/php82/php.ini not found,1,Normal
2026-09-25,15:30:26,Test,,Test: checking presence /etc/opt/remi/php83/php.ini,-1,Anomalía
2026-09-25,15:30:26,Result,,Result: file /etc/opt/remi/php83/php.ini not found,1,Normal
2026-09-25,15:30:26,Test,,Test: checking presence /etc/opt/remi/php84/php.ini,-1,Anomalía
2026-09-25,15:30:26,Result,,Result: file /etc/opt/remi/php84/php.ini not found,1,Normal
2026-09-25,15:30:26,Result,,Result: no files found for /etc/php/7.0/cli/conf.d,1,Normal
2026-09-25,15:30:26,Result,,Result: no files found for /etc/php/7.1/cli/conf.d,1,Normal
2026-09-25,15:30:26,Result,,Result: no files found for /etc/php/7.2/cli/conf.d,1,Normal
2026-09-25,15:30:26,Result,,Result: no files found for /etc/php/7.3/cli/conf.d,1,Normal
2026-09-25,15:30:26,Result,,Result: no files found for /etc/php/7.4/cli/conf.d,1,Normal
2026-09-25,15:30:26,Result,,Result: no files found for /etc/php/7.0/fpm/conf.d,1,Normal
2026-09-25,15:30:26,Result,,Result: no files found for /etc/php/7.1/fpm/conf.d,1,Normal
2026-09-25,15:30:26,Result,,Result: no files found for /etc/php/7.2/fpm/conf.d,1,Normal
2026-09-25,15:30:26,Result,,Result: no files found for /etc/php/7.3/fpm/conf.d,1,Normal
2026-09-25,15:30:26,Result,,Result: no files found for /etc/php/7.4/fpm/conf.d,1,Normal
2026-09-25,15:30:26,Result,,Result: no files found for /etc/php/8.0/fpm/conf.d,1,Normal
2026-09-25,15:30:26,Result,,Result: no files found for /etc/php/8.1/fpm/conf.d,1,Normal
2026-09-25,15:30:26,Result,,Result: no files found for /etc/php/8.2/fpm/conf.d,1,Normal
2026-09-25,15:30:26,Result,,Result: no files found for /etc/php/8.3/fpm/conf.d,1,Normal
2026-09-25,15:30:26,Result,,Result: no files found for /etc/php/8.4/fpm/conf.d,1,Normal
2026-09-25,15:30:26,Result,,Result: no files found for /etc/php.d,1,Normal
2026-09-25,15:30:26,Result,,Result: no files found for /opt/cpanel/ea-php70/root/etc/php.d,1,Normal
2026-09-25,15:30:26,Result,,Result: no files found for /opt/cpanel/ea-php71/root/etc/php.d,1,Normal
2026-09-25,15:30:26,Result,,Result: no files found for /opt/cpanel/ea-php72/root/etc/php.d,1,Normal
2026-09-25,15:30:26,Result,,Result: no files found for /opt/cpanel/ea-php73/root/etc/php.d,1,Normal
2026-09-25,15:30:26,Result,,Result: no files found for /opt/cpanel/ea-php74/root/etc/php.d,1,Normal
2026-09-25,15:30:26,Result,,Result: no files found for /opt/cpanel/ea-php80/root/etc/php.d,1,Normal
2026-09-25,15:30:26,Result,,Result: no files found for /opt/cpanel/ea-php81/root/etc/php.d,1,Normal
2026-09-25,15:30:26,Result,,Result: no files found for /opt/cpanel/ea-php82/root/etc/php.d,1,Normal
2026-09-25,15:30:26,Result,,Result: no files found for /opt/cpanel/ea-php83/root/etc/php.d,1,Normal
2026-09-25,15:30:26,Result,,Result: no files found for /opt/cpanel/ea-php84/root/etc/php.d,1,Normal
2026-09-25,15:30:26,Result,,Result: no files found for /opt/alt/php70/etc/php.d.all,1,Normal
2026-09-25,15:30:26,Result,,Result: no files found for /opt/alt/php71/etc/php.d.all,1,Normal
2026-09-25,15:30:26,Result,,Result: no files found for /opt/alt/php72/etc/php.d.all,1,Normal
2026-09-25,15:30:26,Result,,Result: no files found for /opt/alt/php73/etc/php.d.all,1,Normal
2026-09-25,15:30:26,Result,,Result: no files found for /opt/alt/php74/etc/php.d.all,1,Normal
2026-09-25,15:30:26,Result,,Result: no files found for /opt/alt/php80/etc/php.d.all,1,Normal
2026-09-25,15:30:26,Result,,Result: no files found for /opt/alt/php81/etc/php.d.all,1,Normal
2026-09-25,15:30:26,Result,,Result: no files found for /opt/alt/php82/etc/php.d.all,1,Normal
2026-09-25,15:30:26,Result,,Result: no files found for /opt/alt/php83/etc/php.d.all,1,Normal
2026-09-25,15:30:26,Result,,Result: no files found for /opt/alt/php84/etc/php.d.all,1,Normal
2026-09-25,15:30:26,Result,,Result: no files found for /usr/local/lib/php.conf.d,1,Normal
2026-09-25,15:30:26,Result,,Result: no files found for /usr/local/php70/lib/php.conf.d,1,Normal
2026-09-25,15:30:26,Result,,Result: no files found for /usr/local/php71/lib/php.conf.d,1,Normal
2026-09-25,15:30:26,Result,,Result: no files found for /usr/local/php72/lib/php.conf.d,1,Normal
2026-09-25,15:30:26,Result,,Result: no files found for /usr/local/php73/lib/php.conf.d,1,Normal
2026-09-25,15:30:26,Result,,Result: no files found for /usr/local/php74/lib/php.conf.d,1,Normal
2026-09-25,15:30:26,Result,,Result: no files found for /usr/local/php80/lib/php.conf.d,1,Normal
2026-09-25,15:30:26,Result,,Result: no files found for /usr/local/php81/lib/php.conf.d,1,Normal
2026-09-25,15:30:26,Result,,Result: no files found for /usr/local/php82/lib/php.conf.d,1,Normal
2026-09-25,15:30:26,Result,,Result: no files found for /usr/local/php83/lib/php.conf.d,1,Normal
2026-09-25,15:30:26,Result,,Result: no files found for /usr/local/php84/lib/php.conf.d,1,Normal
2026-09-25,15:30:27,Result,,Result: no files found for /etc/php-7.0,1,Normal
2026-09-25,15:30:27,Result,,Result: no files found for /etc/php-7.1,1,Normal
2026-09-25,15:30:27,Result,,Result: no files found for /etc/php-7.2,1,Normal
2026-09-25,15:30:27,Result,,Result: no files found for /etc/php-7.3,1,Normal
2026-09-25,15:30:27,Result,,Result: no files found for /etc/php-7.4,1,Normal
2026-09-25,15:30:27,Result,,Result: no files found for /etc/php-8.0,1,Normal
2026-09-25,15:30:27,Result,,Result: no files found for /etc/php-8.1,1,Normal
2026-09-25,15:30:27,Result,,Result: no files found for /etc/php-8.2,1,Normal
2026-09-25,15:30:27,Result,,Result: no files found for /etc/php-8.3,1,Normal
2026-09-25,15:30:27,Result,,Result: no files found for /etc/php-8.4,1,Normal
2026-09-25,15:30:27,Result,,Result: no php.ini file found,1,Normal
2026-09-25,15:30:27,Section Divider,,====,1,Normal
2026-09-25,15:30:27,General,,Skipped test PHP-2320 (Check PHP disabled functions),1,Normal
2026-09-25,15:30:27,General,,"Reason to skip: Prerequisites not met (ie missing tool, other type of Linux distribution)",1,Normal
2026-09-25,15:30:27,Section Divider,,====,1,Normal
2026-09-25,15:30:27,General,,Skipped test PHP-2368 (Check PHP register_globals option),1,Normal
2026-09-25,15:30:27,General,,"Reason to skip: Prerequisites not met (ie missing tool, other type of Linux distribution)",1,Normal
2026-09-25,15:30:27,Section Divider,,====,1,Normal
2026-09-25,15:30:27,General,,Skipped test PHP-2372 (Check PHP expose_php option),1,Normal
2026-09-25,15:30:27,General,,"Reason to skip: Prerequisites not met (ie missing tool, other type of Linux distribution)",1,Normal
2026-09-25,15:30:27,Section Divider,,====,1,Normal
2026-09-25,15:30:27,General,,Skipped test PHP-2374 (Check PHP enable_dl option),1,Normal
2026-09-25,15:30:27,General,,"Reason to skip: Prerequisites not met (ie missing tool, other type of Linux distribution)",1,Normal
2026-09-25,15:30:27,Section Divider,,====,1,Normal
2026-09-25,15:30:27,General,,Skipped test PHP-2376 (Check PHP allow_url_fopen option),1,Normal
2026-09-25,15:30:27,General,,"Reason to skip: Prerequisites not met (ie missing tool, other type of Linux distribution)",1,Normal
2026-09-25,15:30:27,Section Divider,,====,1,Normal
2026-09-25,15:30:27,General,,Skipped test PHP-2378 (Check PHP allow_url_include option),1,Normal
2026-09-25,15:30:27,General,,"Reason to skip: Prerequisites not met (ie missing tool, other type of Linux distribution)",1,Normal
2026-09-25,15:30:27,Section Divider,,====,1,Normal
2026-09-25,15:30:27,General,,Skipped test PHP-2382 (Check PHP expose_php option),1,Normal
2026-09-25,15:30:27,General,,"Reason to skip: Prerequisites not met (ie missing tool, other type of Linux distribution)",1,Normal
2026-09-25,15:30:27,General,,Security check: file is normal,1,Normal
2026-09-25,15:30:27,Permission Check,,Checking permissions of /usr/share/lynis/include/tests_squid,1,Normal
2026-09-25,15:30:27,General,,File permissions are OK,1,Normal
2026-09-25,15:30:27,Section Divider,,====,1,Normal
2026-09-25,15:30:27,Action,,Action: Performing tests from category: Squid Support,1,Normal
2026-09-25,15:30:27,Section Divider,,====,1,Normal
2026-09-25,15:30:27,Test Execution,SQD-3602,Performing test ID SQD-3602 (Check for running Squid daemon),1,Normal
2026-09-25,15:30:27,Test,,Test: Searching for a Squid daemon,1,Normal
2026-09-25,15:30:27,Result,,Result: No running Squid daemon found,1,Normal
2026-09-25,15:30:27,Section Divider,,====,1,Normal
2026-09-25,15:30:27,General,,Skipped test SQD-3604 (Check Squid daemon file location),1,Normal
2026-09-25,15:30:27,General,,"Reason to skip: Prerequisites not met (ie missing tool, other type of Linux distribution)",1,Normal
2026-09-25,15:30:27,Section Divider,,====,1,Normal
2026-09-25,15:30:27,General,,Skipped test SQD-3606 (Check Squid version),1,Normal
2026-09-25,15:30:27,General,,"Reason to skip: Prerequisites not met (ie missing tool, other type of Linux distribution)",1,Normal
2026-09-25,15:30:27,Section Divider,,====,1,Normal
2026-09-25,15:30:27,General,,Skipped test SQD-3610 (Gather Squid settings),1,Normal
2026-09-25,15:30:27,General,,"Reason to skip: Prerequisites not met (ie missing tool, other type of Linux distribution)",1,Normal
2026-09-25,15:30:27,Section Divider,,====,1,Normal
2026-09-25,15:30:27,General,,Skipped test SQD-3613 (Check Squid file permissions),1,Normal
2026-09-25,15:30:27,General,,"Reason to skip: Prerequisites not met (ie missing tool, other type of Linux distribution)",1,Normal
2026-09-25,15:30:27,Section Divider,,====,1,Normal
2026-09-25,15:30:27,General,,Skipped test SQD-3614 (Check Squid authentication methods),1,Normal
2026-09-25,15:30:27,General,,"Reason to skip: Prerequisites not met (ie missing tool, other type of Linux distribution)",1,Normal
2026-09-25,15:30:27,Section Divider,,====,1,Normal
2026-09-25,15:30:27,General,,Skipped test SQD-3616 (Check external Squid authentication),1,Normal
2026-09-25,15:30:28,General,,"Reason to skip: Prerequisites not met (ie missing tool, other type of Linux distribution)",1,Normal
2026-09-25,15:30:28,Section Divider,,====,1,Normal
2026-09-25,15:30:28,General,,Skipped test SQD-3620 (Check Squid access control lists),1,Normal
2026-09-25,15:30:28,General,,"Reason to skip: Prerequisites not met (ie missing tool, other type of Linux distribution)",1,Normal
2026-09-25,15:30:28,Section Divider,,====,1,Normal
2026-09-25,15:30:28,General,,Skipped test SQD-3624 (Check Squid safe ports),1,Normal
2026-09-25,15:30:28,General,,"Reason to skip: Prerequisites not met (ie missing tool, other type of Linux distribution)",1,Normal
2026-09-25,15:30:28,Section Divider,,====,1,Normal
2026-09-25,15:30:28,General,,Skipped test SQD-3630 (Check Squid reply_body_max_size option),1,Normal
2026-09-25,15:30:28,General,,"Reason to skip: Prerequisites not met (ie missing tool, other type of Linux distribution)",1,Normal
2026-09-25,15:30:28,Section Divider,,====,1,Normal
2026-09-25,15:30:28,General,,Skipped test SQD-3680 (Check Squid version suppression),1,Normal
2026-09-25,15:30:28,General,,"Reason to skip: Prerequisites not met (ie missing tool, other type of Linux distribution)",1,Normal
2026-09-25,15:30:28,General,,Security check: file is normal,1,Normal
2026-09-25,15:30:28,Permission Check,,Checking permissions of /usr/share/lynis/include/tests_logging,1,Normal
2026-09-25,15:30:28,General,,File permissions are OK,1,Normal
2026-09-25,15:30:28,Section Divider,,====,1,Normal
2026-09-25,15:30:28,Action,,Action: Performing tests from category: Logging and files,1,Normal
2026-09-25,15:30:28,Section Divider,,====,1,Normal
2026-09-25,15:30:28,Test Execution,LOGG-2130,Performing test ID LOGG-2130 (Check for running syslog daemon),1,Normal
2026-09-25,15:30:28,Test,,Test: Searching for a logging daemon,1,Normal
2026-09-25,15:30:28,Result,,Result: Found a logging daemon,1,Normal
2026-09-25,15:30:28,General,,Hardening: assigned maximum number of hardening points for this item (3). Currently having 128 points (out of 211),1,Normal
2026-09-25,15:30:28,Section Divider,,====,1,Normal
2026-09-25,15:30:28,Test Execution,LOGG-2132,Performing test ID LOGG-2132 (Check for running syslog-ng daemon),1,Normal
2026-09-25,15:30:28,Test,,Test: Searching for syslog-ng daemon in process list,1,Normal
2026-09-25,15:30:28,General,,Performing pgrep scan without uid,1,Normal
2026-09-25,15:30:28,General,,IsRunning: process 'syslog-ng' not found,1,Normal
2026-09-25,15:30:28,Result,,Result: Syslog-ng NOT found in process list,1,Normal
2026-09-25,15:30:28,Section Divider,,====,1,Normal
2026-09-25,15:30:28,General,,Skipped test LOGG-2134 (Checking Syslog-NG configuration file consistency),1,Normal
2026-09-25,15:30:28,General,,"Reason to skip: Prerequisites not met (ie missing tool, other type of Linux distribution)",1,Normal
2026-09-25,15:30:28,Section Divider,,====,1,Normal
2026-09-25,15:30:28,Test Execution,LOGG-2136,Performing test ID LOGG-2136 (Check for running systemd journal daemon),1,Normal
2026-09-25,15:30:28,Test,,Test: Searching for systemd journal daemon in process list,1,Normal
2026-09-25,15:30:28,General,,Performing pgrep scan without uid,1,Normal
2026-09-25,15:30:28,General,,IsRunning: process 'systemd-journal' found (377 ),1,Normal
2026-09-25,15:30:28,Section Divider,,====,1,Normal
2026-09-25,15:30:28,Test Execution,LOGG-2210,Performing test ID LOGG-2210 (Check for running metalog daemon),1,Normal
2026-09-25,15:30:28,Test,,Test: Searching for metalog daemon in process list,1,Normal
2026-09-25,15:30:28,General,,Performing pgrep scan without uid,1,Normal
2026-09-25,15:30:28,General,,IsRunning: process 'metalog' not found,1,Normal
2026-09-25,15:30:28,Result,,Result: metalog NOT found in process list,1,Normal
2026-09-25,15:30:28,Section Divider,,====,1,Normal
2026-09-25,15:30:28,Test Execution,LOGG-2230,Performing test ID LOGG-2230 (Check for running RSyslog daemon),1,Normal
2026-09-25,15:30:28,Test,,Test: Searching for RSyslog daemon in process list,1,Normal
2026-09-25,15:30:28,General,,Performing pgrep scan without uid,1,Normal
2026-09-25,15:30:28,General,,IsRunning: process 'rsyslogd' found (1078 ),1,Normal
2026-09-25,15:30:28,Result,,Result: Found rsyslogd in process list,1,Normal
2026-09-25,15:30:28,Section Divider,,====,1,Normal
2026-09-25,15:30:28,Test Execution,LOGG-2240,Performing test ID LOGG-2240 (Check for running RFC 3195 compliant daemon),1,Normal
2026-09-25,15:30:28,Test,,Test: Searching for RFC 3195 daemon (alias syslog reliable) in process list,1,Normal
2026-09-25,15:30:28,General,,Performing pgrep scan without uid,1,Normal
2026-09-25,15:30:28,General,,IsRunning: process 'rfc3195d' not found,1,Normal
2026-09-25,15:30:28,Result,,Result: rfc3195d NOT found in process list,1,Normal
2026-09-25,15:30:28,Section Divider,,====,1,Normal
2026-09-25,15:30:28,Test Execution,LOGG-2138,Performing test ID LOGG-2138 (Checking kernel logger daemon on Linux),1,Normal
2026-09-25,15:30:28,Test,,Test: Searching kernel logger daemon (klogd),1,Normal
2026-09-25,15:30:28,Result,,"Result: test skipped, because other facility is being used to log kernel messages",1,Normal
2026-09-25,15:30:28,Section Divider,,====,1,Normal
2026-09-25,15:30:29,Test Execution,LOGG-2142,Performing test ID LOGG-2142 (Checking minilog daemon),1,Normal
2026-09-25,15:30:29,Result,,Result: Checking for unkilled minilogd instances,1,Normal
2026-09-25,15:30:29,General,,Performing pgrep scan without uid,1,Normal
2026-09-25,15:30:29,General,,IsRunning: process 'minilogd' not found,1,Normal
2026-09-25,15:30:29,Result,,Result: No minilogd is running,1,Normal
2026-09-25,15:30:29,Section Divider,,====,1,Normal
2026-09-25,15:30:29,Test Execution,LOGG-2144,Performing test ID LOGG-2144 (Checking wazuh-agent),1,Normal
2026-09-25,15:30:29,Result,,Result: Searching for wazuh-agent instances in the process list,1,Normal
2026-09-25,15:30:29,General,,Performing pgrep scan without uid,1,Normal
2026-09-25,15:30:29,General,,IsRunning: process 'wazuh-agentd' not found,1,Normal
2026-09-25,15:30:29,Result,,Result: wazuh-agent NOT found in process list,1,Normal
2026-09-25,15:30:29,Section Divider,,====,1,Normal
2026-09-25,15:30:29,Test Execution,LOGG-2146,Performing test ID LOGG-2146 (Checking logrotate.conf and logrotate.d),1,Normal
2026-09-25,15:30:29,Test,,Test: Checking for /etc/logrotate.conf,1,Normal
2026-09-25,15:30:29,Result,,Result: /etc/logrotate.conf found (file),1,Normal
2026-09-25,15:30:29,Test,,Test: Checking for /etc/logrotate.d (directory),1,Normal
2026-09-25,15:30:29,Result,,Result: /etc/logrotate.d found,1,Normal
2026-09-25,15:30:29,Result,,Result: logrotate configuration found,1,Normal
2026-09-25,15:30:29,Section Divider,,====,1,Normal
2026-09-25,15:30:29,Test Execution,LOGG-2148,Performing test ID LOGG-2148 (Checking logrotated files),1,Normal
2026-09-25,15:30:29,Test,,Test: Checking which files are rotated with logrotate and if they exist,1,Normal
2026-09-25,15:30:29,Result,,Result: found one or more files which are rotated via logrotate,1,Normal
2026-09-25,15:30:29,General,,Output: File:/var/log/boot.log:does_not_exist,1,Normal
2026-09-25,15:30:29,General,,Output: File:/var/log/cron.log:does_not_exist,1,Normal
2026-09-25,15:30:29,General,,Output: File:/var/log/dracut.log:does_not_exist,1,Normal
2026-09-25,15:30:29,General,,Output: File:/var/log/mail.log:does_not_exist,1,Normal
2026-09-25,15:30:29,General,,Output: File:/var/log/ppp-connect-errors:does_not_exist,1,Normal
2026-09-25,15:30:29,General,,Output: File:/var/log/saned.log:does_not_exist,1,Normal
2026-09-25,15:30:29,General,,Output: File:/var/log/speech-dispatcher/debug-epos-generic:does_not_exist,1,Normal
2026-09-25,15:30:29,General,,Output: File:/var/log/speech-dispatcher/debug-festival:does_not_exist,1,Normal
2026-09-25,15:30:29,General,,Output: File:/var/log/speech-dispatcher/debug-flite:does_not_exist,1,Normal
2026-09-25,15:30:29,General,,Output: File:/var/log/speech-dispatcher/speech-dispatcher-protocol.log:does_not_exist,1,Normal
2026-09-25,15:30:29,General,,Output: File:/var/log/speech-dispatcher/speech-dispatcher.log:does_not_exist,1,Normal
2026-09-25,15:30:29,General,,Output: File:/var/log/ufw.log:does_not_exist,1,Normal
2026-09-25,15:30:29,General,,Output: File:/var/log/user.log:does_not_exist,1,Normal
2026-09-25,15:30:29,General,,Output: File:/var/log/alternatives.log:exists,1,Normal
2026-09-25,15:30:29,General,,Output: File:/var/log/apport.log:exists,1,Normal
2026-09-25,15:30:29,General,,Output: File:/var/log/apt/history.log:exists,1,Normal
2026-09-25,15:30:29,General,,Output: File:/var/log/apt/term.log:exists,1,Normal
2026-09-25,15:30:29,General,,Output: File:/var/log/auth.log:exists,1,Normal
2026-09-25,15:30:29,General,,Output: File:/var/log/boot.log:exists,1,Normal
2026-09-25,15:30:29,General,,Output: File:/var/log/btmp:exists,1,Normal
2026-09-25,15:30:29,General,,Output: File:/var/log/cloud-init-output.log:exists,1,Normal
2026-09-25,15:30:29,General,,Output: File:/var/log/cloud-init.log:exists,1,Normal
2026-09-25,15:30:29,General,,Output: File:/var/log/cron.log:exists,1,Normal
2026-09-25,15:30:29,General,,Output: File:/var/log/cups/access_log:exists,1,Normal
2026-09-25,15:30:29,General,,Output: File:/var/log/dpkg.log:exists,1,Normal
2026-09-25,15:30:29,General,,Output: File:/var/log/dracut.log:exists,1,Normal
2026-09-25,15:30:29,General,,Output: File:/var/log/kern.log:exists,1,Normal
2026-09-25,15:30:29,General,,Output: File:/var/log/mail.log:exists,1,Normal
2026-09-25,15:30:29,General,,Output: File:/var/log/ppp-connect-errors:exists,1,Normal
2026-09-25,15:30:29,General,,Output: File:/var/log/saned.log:exists,1,Normal
2026-09-25,15:30:29,General,,Output: File:/var/log/speech-dispatcher/debug-epos-generic:exists,1,Normal
2026-09-25,15:30:29,General,,Output: File:/var/log/speech-dispatcher/debug-festival:exists,1,Normal
2026-09-25,15:30:29,General,,Output: File:/var/log/speech-dispatcher/debug-flite:exists,1,Normal
2026-09-25,15:30:29,General,,Output: File:/var/log/speech-dispatcher/speech-dispatcher-protocol.log:exists,1,Normal
2026-09-25,15:30:29,General,,Output: File:/var/log/speech-dispatcher/speech-dispatcher.log:exists,1,Normal
2026-09-25,15:30:29,General,,Output: File:/var/log/syslog:exists,1,Normal
2026-09-25,15:30:29,General,,Output: File:/var/log/ufw.log:exists,1,Normal
2026-09-25,15:30:29,General,,Output: File:/var/log/unattended-upgrades/unattended-upgrades-dpkg.log:exists,1,Normal
2026-09-25,15:30:29,General,,Output: File:/var/log/unattended-upgrades/unattended-upgrades-shutdown.log:exists,1,Normal
2026-09-25,15:30:29,General,,Output: File:/var/log/unattended-upgrades/unattended-upgrades.log:exists,1,Normal
2026-09-25,15:30:29,General,,Output: File:/var/log/user.log:exists,1,Normal
2026-09-25,15:30:29,General,,Output: File:/var/log/wtmp:exists,1,Normal
2026-09-25,15:30:29,Section Divider,,====,1,Normal
2026-09-25,15:30:29,Test Execution,LOGG-2150,Performing test ID LOGG-2150 (Checking directories in logrotate configuration),1,Normal
2026-09-25,15:30:29,Test,,Test: Checking which directories can be found in logrotate configuration,1,Normal
2026-09-25,15:30:29,Result,,Result: found one or more directories (via logrotate configuration),1,Normal
2026-09-25,15:30:29,General,,Directory found: /var/log,1,Normal
2026-09-25,15:30:29,General,,Directory found: /var/log/apt,1,Normal
2026-09-25,15:30:29,General,,Directory found: /var/log/cups,1,Normal
2026-09-25,15:30:29,General,,Directory found: /var/log/speech-dispatcher,1,Normal
2026-09-25,15:30:29,General,,Directory found: /var/log/unattended-upgrades,1,Normal
2026-09-25,15:30:29,Section Divider,,====,1,Normal
2026-09-25,15:30:29,General,,Skipped test LOGG-2152 (Checking loghost),1,Normal
2026-09-25,15:30:29,General,,Reason to skip: Incorrect guest OS (Solaris only),1,Normal
2026-09-25,15:30:29,Section Divider,,====,1,Normal
2026-09-25,15:30:29,General,,Skipped test LOGG-2153 (Checking loghost is localhost),1,Normal
2026-09-25,15:30:29,General,,"Reason to skip: Prerequisites not met (ie missing tool, other type of Linux distribution)",1,Normal
2026-09-25,15:30:29,Section Divider,,====,1,Normal
2026-09-25,15:30:29,Test Execution,LOGG-2154,Performing test ID LOGG-2154 (Checking syslog configuration file),1,Normal
2026-09-25,15:30:29,Test,,Test: analyzing file /etc/rsyslog.conf for remote target,1,Normal
2026-09-25,15:30:29,Result,,Result: no remote target found,1,Normal
2026-09-25,15:30:29,Test,,Test: analyzing file /etc/rsyslog.d/20-ufw.conf for remote target,1,Normal
2026-09-25,15:30:29,Result,,Result: no remote target found,1,Normal
2026-09-25,15:30:30,Test,,Test: analyzing file /etc/rsyslog.d/50-default.conf for remote target,1,Normal
2026-09-25,15:30:30,Result,,Result: no remote target found,1,Normal
2026-09-25,15:30:30,Test,,Test: analyzing file /etc/rsyslog.d/21-cloudinit.conf for remote target,1,Normal
2026-09-25,15:30:30,Result,,Result: no remote target found,1,Normal
2026-09-25,15:30:30,Result,,Result: no remote logging found,1,Normal
2026-09-25,15:30:30,General,,Suggestion: Enable logging to an external logging host for archiving purposes and additional protection [test:LOGG-2154] [details:-] [solution:-],1,Normal
2026-09-25,15:30:30,General,,Hardening: assigned partial number of hardening points (1 of 3). Currently having 129 points (out of 214),1,Normal
2026-09-25,15:30:30,Section Divider,,====,1,Normal
2026-09-25,15:30:30,General,,Skipped test LOGG-2160 (Checking /etc/newsyslog.conf),1,Normal
2026-09-25,15:30:30,General,,"Reason to skip: Prerequisites not met (ie missing tool, other type of Linux distribution)",1,Normal
2026-09-25,15:30:30,Section Divider,,====,1,Normal
2026-09-25,15:30:30,General,,Skipped test LOGG-2162 (Checking directories in /etc/newsyslog.conf),1,Normal
2026-09-25,15:30:30,General,,"Reason to skip: Prerequisites not met (ie missing tool, other type of Linux distribution)",1,Normal
2026-09-25,15:30:30,Section Divider,,====,1,Normal
2026-09-25,15:30:30,General,,Skipped test LOGG-2164 (Checking files specified /etc/newsyslog.conf),1,Normal
2026-09-25,15:30:30,General,,"Reason to skip: Prerequisites not met (ie missing tool, other type of Linux distribution)",1,Normal
2026-09-25,15:30:30,Section Divider,,====,1,Normal
2026-09-25,15:30:30,Test Execution,LOGG-2170,Performing test ID LOGG-2170 (Checking log paths),1,Normal
2026-09-25,15:30:30,Test,,Test: Searching log paths,1,Normal
2026-09-25,15:30:30,Result,,Result: directory /var/log exists,1,Normal
2026-09-25,15:30:30,Result,,Result: directory /var/adm can't be found,1,Normal
2026-09-25,15:30:30,Section Divider,,====,1,Normal
2026-09-25,15:30:30,Test Execution,LOGG-2180,Performing test ID LOGG-2180 (Checking open log files),1,Normal
2026-09-25,15:30:30,Test,,Test: checking open log files with lsof,1,Normal
2026-09-25,15:30:30,General,,Found logfile: /home/kevin/.local/share/gvfs-metadata/home-ecff9d4d.log,1,Normal
2026-09-25,15:30:30,General,,Found logfile: /var/log/auth.log,1,Normal
2026-09-25,15:30:30,General,,Found logfile: /var/log/cups/access_log,1,Normal
2026-09-25,15:30:30,General,,Found logfile: /var/log/kern.log,1,Normal
2026-09-25,15:30:30,General,,Found logfile: /var/log/syslog,1,Normal
2026-09-25,15:30:30,General,,Found logfile: /var/log/unattended-upgrades/unattended-upgrades-shutdown.log,1,Normal
2026-09-25,15:30:30,Section Divider,,====,1,Normal
2026-09-25,15:30:30,Test Execution,LOGG-2190,Performing test ID LOGG-2190 (Checking for deleted files in use),1,Normal
2026-09-25,15:30:30,Test,,Test: checking deleted files that are still in use,1,Normal
2026-09-25,15:30:31,Result,,"Result: found one or more files which are deleted, but still in use",1,Normal
2026-09-25,15:30:31,General,,Found deleted file: /home/kevin/.config/dconf/user(snapd-des),1,Normal
2026-09-25,15:30:31,General,,Found deleted file: /memfd:allocation(gnome-she),1,Normal
2026-09-25,15:30:31,General,,Found deleted file: /memfd:allocation(ibus-x11),1,Normal
2026-09-25,15:30:31,General,,Found deleted file: /memfd:allocation(mutter-x1),1,Normal
2026-09-25,15:30:31,General,,Found deleted file: /memfd:allocation(ptyxis),1,Normal
2026-09-25,15:30:31,General,,Found deleted file: /memfd:extract-persistent-storage(localsear),1,Normal
2026-09-25,15:30:31,General,,Found deleted file: /memfd:lp_dma_buf(gnome-she),1,Normal
2026-09-25,15:30:31,General,,Found deleted file: /memfd:lp_dma_buf(ibus-x11),1,Normal
2026-09-25,15:30:31,General,,Found deleted file: /memfd:lp_dma_buf(mutter-x1),1,Normal
2026-09-25,15:30:31,General,,Found deleted file: /memfd:lp_dma_buf(ptyxis),1,Normal
2026-09-25,15:30:31,General,,Found deleted file: /memfd:mesa-shared(ptyxis),1,Normal
2026-09-25,15:30:31,General,,Found deleted file: /memfd:mutter-anonymous-file-dmabuf-format-table(gnome-she),1,Normal
2026-09-25,15:30:31,General,,Found deleted file: /memfd:mutter-anonymous-file-selection-source(gnome-she),1,Normal
2026-09-25,15:30:31,General,,Found deleted file: /memfd:mutter-anonymous-file-wayland-keymap(gnome-she),1,Normal
2026-09-25,15:30:31,General,,"Found deleted file: /memfd:pipewire-memfd:flags=0x0000000f,type=2,size=2312(pipewire)",1,Normal
2026-09-25,15:30:31,General,,"Found deleted file: /memfd:pipewire-memfd:flags=0x0000000f,type=2,size=2312(wireplumb)",1,Normal
2026-09-25,15:30:31,General,,"Found deleted file: /memfd:pipewire-memfd:flags=0x0000000f,type=2,size=4096(pipewire)",1,Normal
2026-09-25,15:30:31,General,,Found deleted file: /memfd:pulseaudio(gnome-she),1,Normal
2026-09-25,15:30:31,General,,Found deleted file: /memfd:pulseaudio(gsd-media),1,Normal
2026-09-25,15:30:31,General,,Found deleted file: /memfd:systemd-udevd(systemd),1,Normal
2026-09-25,15:30:31,General,,Found deleted file: /memfd:wayland-cursor(evolution),1,Normal
2026-09-25,15:30:31,General,,Found deleted file: /memfd:wayland-cursor(gjs),1,Normal
2026-09-25,15:30:31,General,,Found deleted file: /memfd:wayland-cursor(ibus-exte),1,Normal
2026-09-25,15:30:31,General,,Found deleted file: /memfd:wayland-cursor(snapd-des),1,Normal
2026-09-25,15:30:31,General,,Found deleted file: /memfd:wayland-cursor(update-no),1,Normal
2026-09-25,15:30:31,General,,Found deleted file: /memfd:wayland-cursor(xdg-deskt),1,Normal
2026-09-25,15:30:31,General,,Found deleted file: /run/user/1000/dconf/user(snapd-des),1,Normal
2026-09-25,15:30:31,General,,Suggestion: Check what deleted files are still in use and why. [test:LOGG-2190] [details:-] [solution:-],1,Normal
2026-09-25,15:30:31,Section Divider,,====,1,Normal
2026-09-25,15:30:31,Test Execution,LOGG-2192,Performing test ID LOGG-2192 (Checking for open log files that are empty),1,Normal
2026-09-25,15:30:31,General,,"Found an opened logfile that is empty: unattende,/var/log/unattended-upgrades/unattended-upgrades-shutdown.log",1,Normal
2026-09-25,15:30:31,General,,Security check: file is normal,1,Normal
2026-09-25,15:30:31,Permission Check,,Checking permissions of /usr/share/lynis/include/tests_insecure_services,1,Normal
2026-09-25,15:30:31,General,,File permissions are OK,1,Normal
2026-09-25,15:30:31,Section Divider,,====,1,Normal
2026-09-25,15:30:31,Action,,Action: Performing tests from category: Insecure services,1,Normal
2026-09-25,15:30:31,Section Divider,,====,1,Normal
2026-09-25,15:30:31,Test Execution,INSE-8000,Performing test ID INSE-8000 (Installed inetd package),1,Normal
2026-09-25,15:30:31,Test,,Test: Checking if inetd is installed,1,Normal
2026-09-25,15:30:31,Result,,Result: inetd is NOT installed,1,Normal
2026-09-25,15:30:31,Section Divider,,====,1,Normal
2026-09-25,15:30:31,General,,Skipped test INSE-8002 (Check for enabled inet daemon),1,Normal
2026-09-25,15:30:31,General,,"Reason to skip: Prerequisites not met (ie missing tool, other type of Linux distribution)",1,Normal
2026-09-25,15:30:31,Section Divider,,====,1,Normal
2026-09-25,15:30:31,General,,Skipped test INSE-8004 (Presence of inetd configuration file),1,Normal
2026-09-25,15:30:31,General,,"Reason to skip: Prerequisites not met (ie missing tool, other type of Linux distribution)",1,Normal
2026-09-25,15:30:31,Section Divider,,====,1,Normal
2026-09-25,15:30:31,General,,Skipped test INSE-8006 (Check configuration of inetd when disabled),1,Normal
2026-09-25,15:30:31,General,,"Reason to skip: Prerequisites not met (ie missing tool, other type of Linux distribution)",1,Normal
2026-09-25,15:30:31,Section Divider,,====,1,Normal
2026-09-25,15:30:31,General,,Skipped test INSE-8016 (Check for telnet via inetd),1,Normal
2026-09-25,15:30:31,General,,"Reason to skip: Prerequisites not met (ie missing tool, other type of Linux distribution)",1,Normal
2026-09-25,15:30:31,Section Divider,,====,1,Normal
2026-09-25,15:30:31,Test Execution,INSE-8100,Performing test ID INSE-8100 (Check for installed xinetd daemon),1,Normal
2026-09-25,15:30:31,Test,,Test: Checking for installed xinetd daemon,1,Normal
2026-09-25,15:30:31,Result,,Result: xinetd is NOT installed,1,Normal
2026-09-25,15:30:32,Section Divider,,====,1,Normal
2026-09-25,15:30:32,Test Execution,INSE-8102,Performing test ID INSE-8102 (Check for active xinet daemon),1,Normal
2026-09-25,15:30:32,Test,,Test: Searching for active extended internet services daemon (xinetd),1,Normal
2026-09-25,15:30:32,General,,Performing pgrep scan without uid,1,Normal
2026-09-25,15:30:32,General,,IsRunning: process 'xinetd' not found,1,Normal
2026-09-25,15:30:32,Result,,Result: xinetd is NOT running,1,Normal
2026-09-25,15:30:32,Section Divider,,====,1,Normal
2026-09-25,15:30:32,General,,Skipped test INSE-8104 (Check for enabled xinet daemon),1,Normal
2026-09-25,15:30:32,General,,"Reason to skip: Prerequisites not met (ie missing tool, other type of Linux distribution)",1,Normal
2026-09-25,15:30:32,Section Divider,,====,1,Normal
2026-09-25,15:30:32,General,,Skipped test INSE-8106 (Check configuration of xinetd when disabled),1,Normal
2026-09-25,15:30:32,General,,"Reason to skip: Prerequisites not met (ie missing tool, other type of Linux distribution)",1,Normal
2026-09-25,15:30:32,Section Divider,,====,1,Normal
2026-09-25,15:30:32,General,,Skipped test INSE-8116 (Insecure services enabled via xinetd),1,Normal
2026-09-25,15:30:32,General,,"Reason to skip: Prerequisites not met (ie missing tool, other type of Linux distribution)",1,Normal
2026-09-25,15:30:32,Section Divider,,====,1,Normal
2026-09-25,15:30:32,General,,Skipped test INSE-8200 (Check if tcp_wrappers is installed when inetd/xinetd is active),1,Normal
2026-09-25,15:30:32,General,,"Reason to skip: Prerequisites not met (ie missing tool, other type of Linux distribution)",1,Normal
2026-09-25,15:30:32,Section Divider,,====,1,Normal
2026-09-25,15:30:32,Test Execution,INSE-8300,Performing test ID INSE-8300 (Check if rsh client is installed),1,Normal
2026-09-25,15:30:32,Test,,Test: Checking if rsh client is installed,1,Normal
2026-09-25,15:30:32,Result,,Result: rsh client is NOT installed,1,Normal
2026-09-25,15:30:32,Section Divider,,====,1,Normal
2026-09-25,15:30:32,Test Execution,INSE-8304,Performing test ID INSE-8304 (Check if rsh server is installed),1,Normal
2026-09-25,15:30:32,Test,,Test: Checking if rsh server is installed,1,Normal
2026-09-25,15:30:32,Result,,Result: rsh server is NOT installed,1,Normal
2026-09-25,15:30:32,Section Divider,,====,1,Normal
2026-09-25,15:30:32,Test Execution,INSE-8310,Performing test ID INSE-8310 (Check if telnet client is installed),1,Normal
2026-09-25,15:30:32,Test,,Test: Checking if telnet client is installed,1,Normal
2026-09-25,15:30:32,Result,,Result: telnet client is NOT installed,1,Normal
2026-09-25,15:30:32,Section Divider,,====,1,Normal
2026-09-25,15:30:32,Test Execution,INSE-8322,Performing test ID INSE-8322 (Check if telnet server is installed),1,Normal
2026-09-25,15:30:32,Test,,Test: Checking if telnet server is installed,1,Normal
2026-09-25,15:30:32,Result,,Result: telnet server is NOT installed,1,Normal
2026-09-25,15:30:32,Section Divider,,====,1,Normal
2026-09-25,15:30:32,Test Execution,INSE-8314,Performing test ID INSE-8314 (Check if NIS client is installed),1,Normal
2026-09-25,15:30:32,Test,,Test: Checking if NIS client is installed,1,Normal
2026-09-25,15:30:32,Result,,Result: NIS client is NOT installed,1,Normal
2026-09-25,15:30:32,Section Divider,,====,1,Normal
2026-09-25,15:30:32,Test Execution,INSE-8316,Performing test ID INSE-8316 (Check if NIS server is installed),1,Normal
2026-09-25,15:30:32,Test,,Test: Checking if NIS server is installed,1,Normal
2026-09-25,15:30:32,Result,,Result: NIS server is NOT installed,1,Normal
2026-09-25,15:30:32,Section Divider,,====,1,Normal
2026-09-25,15:30:33,Test Execution,INSE-8318,Performing test ID INSE-8318 (Check if TFTP client is installed),1,Normal
2026-09-25,15:30:33,Test,,Test: Checking if TFTP client is installed,1,Normal
2026-09-25,15:30:33,Result,,Result: TFTP client is NOT installed,1,Normal
2026-09-25,15:30:33,Section Divider,,====,1,Normal
2026-09-25,15:30:33,Test Execution,INSE-8320,Performing test ID INSE-8320 (Check if TFTP server is installed),1,Normal
2026-09-25,15:30:33,Test,,Test: Checking if TFTP server is installed,1,Normal
2026-09-25,15:30:33,Result,,Result: TFTP server is NOT installed,1,Normal
2026-09-25,15:30:33,Section Divider,,====,1,Normal
2026-09-25,15:30:33,General,,Skipped test INSE-8050 (Check for insecure services on macOS),1,Normal
2026-09-25,15:30:33,General,,Reason to skip: Incorrect guest OS (macOS only),1,Normal
2026-09-25,15:30:33,General,,Security check: file is normal,1,Normal
2026-09-25,15:30:33,Permission Check,,Checking permissions of /usr/share/lynis/include/tests_banners,1,Normal
2026-09-25,15:30:33,General,,File permissions are OK,1,Normal
2026-09-25,15:30:33,Section Divider,,====,1,Normal
2026-09-25,15:30:33,Action,,Action: Performing tests from category: Banners and identification,1,Normal
2026-09-25,15:30:33,Section Divider,,====,1,Normal
2026-09-25,15:30:33,General,,Skipped test BANN-7113 (Check COPYRIGHT banner file),1,Normal
2026-09-25,15:30:33,General,,Reason to skip: Incorrect guest OS (FreeBSD only),1,Normal
2026-09-25,15:30:33,Section Divider,,====,1,Normal
2026-09-25,15:30:33,Test Execution,BANN-7124,Performing test ID BANN-7124 (Check issue banner file),1,Normal
2026-09-25,15:30:33,Test,,Test: Checking file /etc/issue,1,Normal
2026-09-25,15:30:33,Section Divider,,====,1,Normal
2026-09-25,15:30:33,Test Execution,BANN-7126,Performing test ID BANN-7126 (Check issue banner file contents),1,Normal
2026-09-25,15:30:33,Test,,Test: Checking file /etc/issue contents for legal key words,1,Normal
2026-09-25,15:30:33,Result,,"Result: Found only 0 key words (5 or more suggested), to warn unauthorized users and could be increased",1,Normal
2026-09-25,15:30:33,General,,"Suggestion: Add a legal banner to /etc/issue, to warn unauthorized users [test:BANN-7126] [details:-] [solution:-]",1,Normal
2026-09-25,15:30:33,General,,Hardening: assigned partial number of hardening points (0 of 1). Currently having 129 points (out of 215),1,Normal
2026-09-25,15:30:33,Section Divider,,====,1,Normal
2026-09-25,15:30:33,Test Execution,BANN-7128,Performing test ID BANN-7128 (Check issue.net banner file),1,Normal
2026-09-25,15:30:33,Test,,Test: Checking file /etc/issue.net,1,Normal
2026-09-25,15:30:33,Result,,Result: file /etc/issue.net exists,1,Normal
2026-09-25,15:30:33,Section Divider,,====,1,Normal
2026-09-25,15:30:33,Test Execution,BANN-7130,Performing test ID BANN-7130 (Check issue.net banner file contents),1,Normal
2026-09-25,15:30:33,Test,,Test: Checking file /etc/issue.net contents for legal key words,1,Normal
2026-09-25,15:30:33,Result,,"Result: Found only 0 key words, to warn unauthorized users and could be increased",1,Normal
2026-09-25,15:30:33,General,,"Suggestion: Add legal banner to /etc/issue.net, to warn unauthorized users [test:BANN-7130] [details:-] [solution:-]",1,Normal
2026-09-25,15:30:33,General,,Hardening: assigned partial number of hardening points (0 of 1). Currently having 129 points (out of 216),1,Normal
2026-09-25,15:30:33,General,,Security check: file is normal,1,Normal
2026-09-25,15:30:33,Permission Check,,Checking permissions of /usr/share/lynis/include/tests_scheduling,1,Normal
2026-09-25,15:30:34,General,,File permissions are OK,1,Normal
2026-09-25,15:30:34,Section Divider,,====,1,Normal
2026-09-25,15:30:34,Action,,Action: Performing tests from category: Scheduled tasks,1,Normal
2026-09-25,15:30:34,Section Divider,,====,1,Normal
2026-09-25,15:30:34,Test Execution,SCHD-7702,Performing test ID SCHD-7702 (Check status of cron daemon),1,Normal
2026-09-25,15:30:34,Result,,Result: cron daemon running,1,Normal
2026-09-25,15:30:34,Section Divider,,====,1,Normal
2026-09-25,15:30:34,Test Execution,SCHD-7704,Performing test ID SCHD-7704 (Check crontab/cronjobs),1,Normal
2026-09-25,15:30:34,General,,"Found cronjob (/etc/crontab): 17,*,*,*,*,root,cd,/,&&,run-parts,--report,/etc/cron.hourly",1,Normal
2026-09-25,15:30:34,General,,"Found cronjob (/etc/crontab): 25,6,*,*,*,root,test,-x,/usr/sbin/anacron,||,{,cd,/,&&,run-parts,--report,/etc/cron.daily;,}",1,Normal
2026-09-25,15:30:34,General,,"Found cronjob (/etc/crontab): 47,6,*,*,7,root,test,-x,/usr/sbin/anacron,||,{,cd,/,&&,run-parts,--report,/etc/cron.weekly;,}",1,Normal
2026-09-25,15:30:34,General,,"Found cronjob (/etc/crontab): 52,6,1,*,*,root,test,-x,/usr/sbin/anacron,||,{,cd,/,&&,run-parts,--report,/etc/cron.monthly;,}",1,Normal
2026-09-25,15:30:34,Test,,Test: checking directory /etc/cron.d,1,Normal
2026-09-25,15:30:34,Test,,Test: check if we can access /etc/cron.d (escaped: /etc/cron.d),1,Normal
2026-09-25,15:30:34,Result,,"Result: file is owned by our current user ID (0), checking if it is readable",1,Normal
2026-09-25,15:30:34,Result,,Result: file /etc/cron.d is readable (or directory accessible).,1,Normal
2026-09-25,15:30:34,Result,,Result: found directory /etc/cron.d,1,Normal
2026-09-25,15:30:34,Test,,Test: searching files in /etc/cron.d,1,Normal
2026-09-25,15:30:34,Result,,Result: found one or more files in /etc/cron.d. Analyzing files..,1,Normal
2026-09-25,15:30:34,Result,,"Result: Found cronjob (/etc/cron.d/e2scrub_all): 10,3,*,*,*,root,test,-e,/run/systemd/system,||,SERVICE_MODE=1,/sbin/e2scrub_all,-A,-r",1,Normal
2026-09-25,15:30:34,Result,,"Result: Found cronjob (/etc/cron.d/e2scrub_all): 30,3,*,*,0,root,test,-e,/run/systemd/system,||,SERVICE_MODE=1,/usr/libexec/e2fsprogs/e2scrub_all_cron",1,Normal
2026-09-25,15:30:34,Result,,"Result: Found cronjob (/etc/cron.d/anacron): 30,7-23,*,*,*,root,if,[,-x,/etc/init.d/anacron,],&&,!,[,-d,/run/systemd/system,];,then,exec,/usr/sbin/invoke-rc.d,anacron,start,>/dev/null;,fi",1,Normal
2026-09-25,15:30:34,Result,,Result: done with analyzing files in /etc/cron.d,1,Normal
2026-09-25,15:30:34,Test,,Test: checking directory /etc/cron.hourly,1,Normal
2026-09-25,15:30:34,Result,,Result: found directory /etc/cron.hourly,1,Normal
2026-09-25,15:30:34,Test,,Test: check if we can access /etc/cron.hourly (escaped: /etc/cron.hourly),1,Normal
2026-09-25,15:30:34,Result,,"Result: file is owned by our current user ID (0), checking if it is readable",1,Normal
2026-09-25,15:30:34,Result,,Result: file /etc/cron.hourly is readable (or directory accessible).,1,Normal
2026-09-25,15:30:34,Test,,Test: searching files in /etc/cron.hourly,1,Normal
2026-09-25,15:30:34,Result,,Result: no files found in /etc/cron.hourly,1,Normal
2026-09-25,15:30:34,Test,,Test: checking directory /etc/cron.daily,1,Normal
2026-09-25,15:30:34,Result,,Result: found directory /etc/cron.daily,1,Normal
2026-09-25,15:30:34,Test,,Test: check if we can access /etc/cron.daily (escaped: /etc/cron.daily),1,Normal
2026-09-25,15:30:34,Result,,"Result: file is owned by our current user ID (0), checking if it is readable",1,Normal
2026-09-25,15:30:34,Result,,Result: file /etc/cron.daily is readable (or directory accessible).,1,Normal
2026-09-25,15:30:34,Test,,Test: searching files in /etc/cron.daily,1,Normal
2026-09-25,15:30:34,Result,,Result: found one or more files in /etc/cron.daily. Analyzing files..,1,Normal
2026-09-25,15:30:34,Result,,Result: Found cronjob (/etc/cron.daily): /etc/cron.daily/apport,1,Normal
2026-09-25,15:30:34,Result,,Result: Found cronjob (/etc/cron.daily): /etc/cron.daily/apt-compat,1,Normal
2026-09-25,15:30:34,Result,,Result: Found cronjob (/etc/cron.daily): /etc/cron.daily/man-db,1,Normal
2026-09-25,15:30:34,Result,,Result: Found cronjob (/etc/cron.daily): /etc/cron.daily/logrotate,1,Normal
2026-09-25,15:30:34,Result,,Result: Found cronjob (/etc/cron.daily): /etc/cron.daily/0anacron,1,Normal
2026-09-25,15:30:34,Result,,Result: Found cronjob (/etc/cron.daily): /etc/cron.daily/dpkg,1,Normal
2026-09-25,15:30:34,Result,,Result: done with analyzing files in /etc/cron.daily,1,Normal
2026-09-25,15:30:34,Test,,Test: checking directory /etc/cron.weekly,1,Normal
2026-09-25,15:30:34,Result,,Result: found directory /etc/cron.weekly,1,Normal
2026-09-25,15:30:34,Test,,Test: check if we can access /etc/cron.weekly (escaped: /etc/cron.weekly),1,Normal
2026-09-25,15:30:35,Result,,"Result: file is owned by our current user ID (0), checking if it is readable",1,Normal
2026-09-25,15:30:35,Result,,Result: file /etc/cron.weekly is readable (or directory accessible).,1,Normal
2026-09-25,15:30:35,Test,,Test: searching files in /etc/cron.weekly,1,Normal
2026-09-25,15:30:35,Result,,Result: found one or more files in /etc/cron.weekly. Analyzing files..,1,Normal
2026-09-25,15:30:35,Result,,Result: Found cronjob (/etc/cron.weekly): /etc/cron.weekly/man-db,1,Normal
2026-09-25,15:30:35,Result,,Result: Found cronjob (/etc/cron.weekly): /etc/cron.weekly/0anacron,1,Normal
2026-09-25,15:30:35,Result,,Result: done with analyzing files in /etc/cron.weekly,1,Normal
2026-09-25,15:30:35,Test,,Test: checking directory /etc/cron.monthly,1,Normal
2026-09-25,15:30:35,Result,,Result: found directory /etc/cron.monthly,1,Normal
2026-09-25,15:30:35,Test,,Test: check if we can access /etc/cron.monthly (escaped: /etc/cron.monthly),1,Normal
2026-09-25,15:30:35,Result,,"Result: file is owned by our current user ID (0), checking if it is readable",1,Normal
2026-09-25,15:30:35,Result,,Result: file /etc/cron.monthly is readable (or directory accessible).,1,Normal
2026-09-25,15:30:35,Test,,Test: searching files in /etc/cron.monthly,1,Normal
2026-09-25,15:30:35,Result,,Result: found one or more files in /etc/cron.monthly. Analyzing files..,1,Normal
2026-09-25,15:30:35,Result,,Result: Found cronjob (/etc/cron.monthly): /etc/cron.monthly/0anacron,1,Normal
2026-09-25,15:30:35,Result,,Result: done with analyzing files in /etc/cron.monthly,1,Normal
2026-09-25,15:30:35,Test,,Test: checking anacrontab,1,Normal
2026-09-25,15:30:35,General,,"Found anacron job (/etc/anacrontab): 1,5,cron.daily,run-parts,--report,/etc/cron.daily",1,Normal
2026-09-25,15:30:35,General,,"Found anacron job (/etc/anacrontab): 7,10,cron.weekly,run-parts,--report,/etc/cron.weekly",1,Normal
2026-09-25,15:30:35,General,,"Found anacron job (/etc/anacrontab): @monthly,15,cron.monthly,run-parts,--report,/etc/cron.monthly",1,Normal
2026-09-25,15:30:35,General,,"Found anacron job (/etc/anacrontab): @yearly,20,cron.yearly,run-parts,--report,/etc/cron.yearly",1,Normal
2026-09-25,15:30:35,Section Divider,,====,1,Normal
2026-09-25,15:30:35,Test Execution,SCHD-7718,Performing test ID SCHD-7718 (Check at users),1,Normal
2026-09-25,15:30:35,Test,,Test: Checking atd status,1,Normal
2026-09-25,15:30:35,Result,,Result: at daemon not active,1,Normal
2026-09-25,15:30:35,Section Divider,,====,1,Normal
2026-09-25,15:30:35,General,,Skipped test SCHD-7720 (Check at users),1,Normal
2026-09-25,15:30:35,General,,"Reason to skip: Prerequisites not met (ie missing tool, other type of Linux distribution)",1,Normal
2026-09-25,15:30:35,Section Divider,,====,1,Normal
2026-09-25,15:30:35,General,,Skipped test SCHD-7724 (Check at jobs),1,Normal
2026-09-25,15:30:35,General,,"Reason to skip: Prerequisites not met (ie missing tool, other type of Linux distribution)",1,Normal
2026-09-25,15:30:35,Result,,"Result: no scheduled Lynis execution found (e.g. crontab, cronjob)",1,Normal
2026-09-25,15:30:35,General,,Security check: file is normal,1,Normal
2026-09-25,15:30:35,Permission Check,,Checking permissions of /usr/share/lynis/include/tests_accounting,1,Normal
2026-09-25,15:30:35,General,,File permissions are OK,1,Normal
2026-09-25,15:30:35,Section Divider,,====,1,Normal
2026-09-25,15:30:35,Action,,Action: Performing tests from category: Accounting,1,Normal
2026-09-25,15:30:35,Section Divider,,====,1,Normal
2026-09-25,15:30:35,General,,Skipped test ACCT-2754 (Check for available FreeBSD accounting information),1,Normal
2026-09-25,15:30:35,General,,Reason to skip: Incorrect guest OS (FreeBSD only),1,Normal
2026-09-25,15:30:35,Section Divider,,====,1,Normal
2026-09-25,15:30:35,General,,Skipped test ACCT-2760 (Check for available OpenBSD accounting information),1,Normal
2026-09-25,15:30:35,General,,Reason to skip: Incorrect guest OS (OpenBSD only),1,Normal
2026-09-25,15:30:35,Section Divider,,====,1,Normal
2026-09-25,15:30:35,Test Execution,ACCT-9622,Performing test ID ACCT-9622 (Check for available Linux accounting information),1,Normal
2026-09-25,15:30:35,Test,,Test: Check accounting information,1,Normal
2026-09-25,15:30:35,Result,,"Result: No accounting information available (/var/account/pacct, /var/log/account/pacct nor /var/log/pacct exist)",1,Normal
2026-09-25,15:30:35,General,,Remark: Possibly there is another location where the accounting data is stored,1,Normal
2026-09-25,15:30:35,General,,Suggestion: Enable process accounting [test:ACCT-9622] [details:-] [solution:-],1,Normal
2026-09-25,15:30:35,General,,Hardening: assigned partial number of hardening points (2 of 3). Currently having 131 points (out of 219),1,Normal
2026-09-25,15:30:35,Section Divider,,====,1,Normal
2026-09-25,15:30:35,Test Execution,ACCT-9626,Performing test ID ACCT-9626 (Check for sysstat accounting data),1,Normal
2026-09-25,15:30:35,Test,,Test: check /etc/default/sysstat presence,1,Normal
2026-09-25,15:30:35,Result,,Result: /etc/default/sysstat found,1,Normal
2026-09-25,15:30:35,Result,,Result: sysstat enabled via /etc/default/sysstat,1,Normal
2026-09-25,15:30:35,Section Divider,,====,1,Normal
2026-09-25,15:30:35,Test Execution,ACCT-9628,Performing test ID ACCT-9628 (Check for auditd),1,Normal
2026-09-25,15:30:35,Test,,Test: Check auditd status,1,Normal
2026-09-25,15:30:35,General,,Performing pgrep scan without uid,1,Normal
2026-09-25,15:30:35,General,,IsRunning: process 'auditd' not found,1,Normal
2026-09-25,15:30:35,Result,,Result: auditd not active,1,Normal
2026-09-25,15:30:36,General,,Suggestion: Enable auditd to collect audit information [test:ACCT-9628] [details:-] [solution:-],1,Normal
2026-09-25,15:30:36,General,,Hardening: assigned partial number of hardening points (0 of 1). Currently having 131 points (out of 220),1,Normal
2026-09-25,15:30:36,Section Divider,,====,1,Normal
2026-09-25,15:30:36,General,,Skipped test ACCT-9630 (Check for auditd rules),1,Normal
2026-09-25,15:30:36,General,,"Reason to skip: Prerequisites not met (ie missing tool, other type of Linux distribution)",1,Normal
2026-09-25,15:30:36,Section Divider,,====,1,Normal
2026-09-25,15:30:36,General,,Skipped test ACCT-9632 (Check for auditd configuration file),1,Normal
2026-09-25,15:30:36,General,,"Reason to skip: Prerequisites not met (ie missing tool, other type of Linux distribution)",1,Normal
2026-09-25,15:30:36,Section Divider,,====,1,Normal
2026-09-25,15:30:36,General,,Skipped test ACCT-9634 (Check for auditd log file),1,Normal
2026-09-25,15:30:36,General,,"Reason to skip: Prerequisites not met (ie missing tool, other type of Linux distribution)",1,Normal
2026-09-25,15:30:36,Section Divider,,====,1,Normal
2026-09-25,15:30:36,Test Execution,ACCT-9636,Performing test ID ACCT-9636 (Check for Snoopy wrapper and logger),1,Normal
2026-09-25,15:30:36,Section Divider,,====,1,Normal
2026-09-25,15:30:36,General,,Skipped test ACCT-9650 (Check Solaris audit daemon),1,Normal
2026-09-25,15:30:36,General,,Reason to skip: Incorrect guest OS (Solaris only),1,Normal
2026-09-25,15:30:36,Section Divider,,====,1,Normal
2026-09-25,15:30:36,General,,Skipped test ACCT-9652 (Check auditd SMF status),1,Normal
2026-09-25,15:30:36,General,,Reason to skip: Incorrect guest OS (Solaris only),1,Normal
2026-09-25,15:30:36,Section Divider,,====,1,Normal
2026-09-25,15:30:36,General,,Skipped test ACCT-9654 (Check BSM auditing in /etc/system),1,Normal
2026-09-25,15:30:36,General,,Reason to skip: Incorrect guest OS (Solaris only),1,Normal
2026-09-25,15:30:36,Section Divider,,====,1,Normal
2026-09-25,15:30:36,General,,Skipped test ACCT-9656 (Check BSM auditing in module list),1,Normal
2026-09-25,15:30:36,General,,Reason to skip: Incorrect guest OS (Solaris only),1,Normal
2026-09-25,15:30:36,Section Divider,,====,1,Normal
2026-09-25,15:30:36,General,,Skipped test ACCT-9660 (Check location of audit events),1,Normal
2026-09-25,15:30:36,General,,Reason to skip: Incorrect guest OS (Solaris only),1,Normal
2026-09-25,15:30:36,Section Divider,,====,1,Normal
2026-09-25,15:30:36,General,,Skipped test ACCT-9662 (Check Solaris auditing stats),1,Normal
2026-09-25,15:30:36,General,,Reason to skip: Incorrect guest OS (Solaris only),1,Normal
2026-09-25,15:30:36,Section Divider,,====,1,Normal
2026-09-25,15:30:36,General,,Skipped test ACCT-9670 (Check for cmd),1,Normal
2026-09-25,15:30:36,General,,"Reason to skip: Prerequisites not met (ie missing tool, other type of Linux distribution)",1,Normal
2026-09-25,15:30:36,Section Divider,,====,1,Normal
2026-09-25,15:30:36,General,,Skipped test ACCT-9672 (Check for cmd configuration file),1,Normal
2026-09-25,15:30:36,General,,"Reason to skip: Prerequisites not met (ie missing tool, other type of Linux distribution)",1,Normal
2026-09-25,15:30:36,General,,Security check: file is normal,1,Normal
2026-09-25,15:30:36,Permission Check,,Checking permissions of /usr/share/lynis/include/tests_time,1,Normal
2026-09-25,15:30:36,General,,File permissions are OK,1,Normal
2026-09-25,15:30:36,Section Divider,,====,1,Normal
2026-09-25,15:30:36,Action,,Action: Performing tests from category: Time and Synchronization,1,Normal
2026-09-25,15:30:36,Section Divider,,====,1,Normal
2026-09-25,15:30:36,Test Execution,TIME-3104,Performing test ID TIME-3104 (Check for running NTP daemon or client),1,Normal
2026-09-25,15:30:36,Test,,Test: Searching for a running NTP daemon or available client,1,Normal
2026-09-25,15:30:36,General,,result: found chrony configuration: /etc/chrony/chrony.conf,1,Normal
2026-09-25,15:30:36,General,,Performing pgrep scan without uid,1,Normal
2026-09-25,15:30:36,General,,IsRunning: process 'chronyd' found (1176 1249 ),1,Normal
2026-09-25,15:30:36,General,,Performing pgrep scan without uid,1,Normal
2026-09-25,15:30:36,General,,IsRunning: process 'dntpd' not found,1,Normal
2026-09-25,15:30:36,General,,Performing pgrep scan without uid,1,Normal
2026-09-25,15:30:36,General,,IsRunning: process 'timed' not found,1,Normal
2026-09-25,15:30:36,Test,,"Test: checking for ntpdate, rdate, sntp or ntpdig in crontab file /etc/anacrontab",1,Normal
2026-09-25,15:30:37,Result,,"Result: no ntpdate, rdate, sntp or ntpdig reference found in crontab file /etc/anacrontab",1,Normal
2026-09-25,15:30:37,Test,,"Test: checking for ntpdate, rdate, sntp or ntpdig in crontab file /etc/crontab",1,Normal
2026-09-25,15:30:37,Result,,"Result: no ntpdate, rdate, sntp or ntpdig reference found in crontab file /etc/crontab",1,Normal
2026-09-25,15:30:37,Test,,"Test: checking for ntpdate, rdate, sntp or ntpdig in /etc/cron.d/anacron",1,Normal
2026-09-25,15:30:37,Test,,"Test: checking for ntpdate, rdate, sntp or ntpdig in /etc/cron.d/e2scrub_all",1,Normal
2026-09-25,15:30:37,Test,,"Test: checking for ntpdate, rdate, sntp or ntpdig in /etc/cron.daily/0anacron",1,Normal
2026-09-25,15:30:37,Test,,"Test: checking for ntpdate, rdate, sntp or ntpdig in /etc/cron.daily/apport",1,Normal
2026-09-25,15:30:37,Test,,"Test: checking for ntpdate, rdate, sntp or ntpdig in /etc/cron.daily/apt-compat",1,Normal
2026-09-25,15:30:37,Test,,"Test: checking for ntpdate, rdate, sntp or ntpdig in /etc/cron.daily/dpkg",1,Normal
2026-09-25,15:30:37,Test,,"Test: checking for ntpdate, rdate, sntp or ntpdig in /etc/cron.daily/logrotate",1,Normal
2026-09-25,15:30:37,Test,,"Test: checking for ntpdate, rdate, sntp or ntpdig in /etc/cron.daily/man-db",1,Normal
2026-09-25,15:30:37,Test,,"Test: checking for ntpdate, rdate, sntp or ntpdig in /etc/cron.weekly/0anacron",1,Normal
2026-09-25,15:30:37,Test,,"Test: checking for ntpdate, rdate, sntp or ntpdig in /etc/cron.weekly/man-db",1,Normal
2026-09-25,15:30:37,Test,,"Test: checking for ntpdate, rdate, sntp or ntpdig in /etc/cron.monthly/0anacron",1,Normal
2026-09-25,15:30:37,Result,,Result: no ntpdate or rdate found in cron directories,1,Normal
2026-09-25,15:30:37,Test,,Test: checking for file /etc/network/if-up.d/ntpdate,1,Normal
2026-09-25,15:30:37,Result,,Result: file /etc/network/if-up.d/ntpdate does not exist,1,Normal
2026-09-25,15:30:37,Result,,Result: Found a time syncing daemon/client.,1,Normal
2026-09-25,15:30:37,General,,Hardening: assigned maximum number of hardening points for this item (3). Currently having 134 points (out of 223),1,Normal
2026-09-25,15:30:37,Section Divider,,====,1,Normal
2026-09-25,15:30:37,General,,Skipped test TIME-3106 (Check systemd NTP time synchronization status),1,Normal
2026-09-25,15:30:37,General,,"Reason to skip: Prerequisites not met (ie missing tool, other type of Linux distribution)",1,Normal
2026-09-25,15:30:37,Section Divider,,====,1,Normal
2026-09-25,15:30:37,General,,Skipped test TIME-3112 (Check active NTP associations ID's),1,Normal
2026-09-25,15:30:37,General,,"Reason to skip: Prerequisites not met (ie missing tool, other type of Linux distribution)",1,Normal
2026-09-25,15:30:37,Section Divider,,====,1,Normal
2026-09-25,15:30:37,General,,Skipped test TIME-3116 (Check peers with stratum value of 16),1,Normal
2026-09-25,15:30:37,General,,"Reason to skip: Prerequisites not met (ie missing tool, other type of Linux distribution)",1,Normal
2026-09-25,15:30:37,Section Divider,,====,1,Normal
2026-09-25,15:30:37,General,,Skipped test TIME-3120 (Check unreliable NTP peers),1,Normal
2026-09-25,15:30:37,General,,"Reason to skip: Prerequisites not met (ie missing tool, other type of Linux distribution)",1,Normal
2026-09-25,15:30:37,Section Divider,,====,1,Normal
2026-09-25,15:30:37,General,,Skipped test TIME-3124 (Check selected time source),1,Normal
2026-09-25,15:30:37,General,,"Reason to skip: Prerequisites not met (ie missing tool, other type of Linux distribution)",1,Normal
2026-09-25,15:30:37,Section Divider,,====,1,Normal
2026-09-25,15:30:37,General,,Skipped test TIME-3128 (Check preferred time source),1,Normal
2026-09-25,15:30:37,General,,"Reason to skip: Prerequisites not met (ie missing tool, other type of Linux distribution)",1,Normal
2026-09-25,15:30:37,Section Divider,,====,1,Normal
2026-09-25,15:30:37,General,,Skipped test TIME-3132 (Check NTP falsetickers),1,Normal
2026-09-25,15:30:37,General,,"Reason to skip: Prerequisites not met (ie missing tool, other type of Linux distribution)",1,Normal
2026-09-25,15:30:37,Section Divider,,====,1,Normal
2026-09-25,15:30:37,General,,Skipped test TIME-3136 (Check NTP protocol version),1,Normal
2026-09-25,15:30:37,General,,"Reason to skip: Prerequisites not met (ie missing tool, other type of Linux distribution)",1,Normal
2026-09-25,15:30:37,Section Divider,,====,1,Normal
2026-09-25,15:30:37,Test Execution,TIME-3148,Performing test ID TIME-3148 (Check TZ variable),1,Normal
2026-09-25,15:30:37,Test,,Test: testing for TZ variable,1,Normal
2026-09-25,15:30:37,Result,,Result: found TZ variable with value notset,1,Normal
2026-09-25,15:30:37,Section Divider,,====,1,Normal
2026-09-25,15:30:37,General,,Skipped test TIME-3160 (Check empty NTP step-tickers),1,Normal
2026-09-25,15:30:37,General,,"Reason to skip: Prerequisites not met (ie missing tool, other type of Linux distribution)",1,Normal
2026-09-25,15:30:37,Section Divider,,====,1,Normal
2026-09-25,15:30:37,Test Execution,TIME-3170,Performing test ID TIME-3170 (Check configuration files),1,Normal
2026-09-25,15:30:37,Section Divider,,====,1,Normal
2026-09-25,15:30:37,General,,Skipped test TIME-3180 (Report if ntpctl cannot communicate with OpenNTPD),1,Normal
2026-09-25,15:30:37,General,,"Reason to skip: Prerequisites not met (ie missing tool, other type of Linux distribution)",1,Normal
2026-09-25,15:30:37,Section Divider,,====,1,Normal
2026-09-25,15:30:37,General,,Skipped test TIME-3181 (Check status of OpenNTPD time synchronisation),1,Normal
2026-09-25,15:30:37,General,,"Reason to skip: Prerequisites not met (ie missing tool, other type of Linux distribution)",1,Normal
2026-09-25,15:30:37,Section Divider,,====,1,Normal
2026-09-25,15:30:38,General,,Skipped test TIME-3182 (Check OpenNTPD has working peers),1,Normal
2026-09-25,15:30:38,General,,"Reason to skip: Prerequisites not met (ie missing tool, other type of Linux distribution)",1,Normal
2026-09-25,15:30:38,Section Divider,,====,1,Normal
2026-09-25,15:30:38,General,,Skipped test TIME-3185 (Check systemd-timesyncd synchronized time),1,Normal
2026-09-25,15:30:38,General,,"Reason to skip: Prerequisites not met (ie missing tool, other type of Linux distribution)",1,Normal
2026-09-25,15:30:38,General,,Security check: file is normal,1,Normal
2026-09-25,15:30:38,Permission Check,,Checking permissions of /usr/share/lynis/include/tests_crypto,1,Normal
2026-09-25,15:30:38,General,,File permissions are OK,1,Normal
2026-09-25,15:30:38,Section Divider,,====,1,Normal
2026-09-25,15:30:38,Action,,Action: Performing tests from category: Cryptography,1,Normal
2026-09-25,15:30:38,Section Divider,,====,1,Normal
2026-09-25,15:30:38,Test Execution,CRYP-7902,Performing test ID CRYP-7902 (Check expire date of SSL certificates),1,Normal
2026-09-25,15:30:38,General,,Paths to scan: /etc/apache2 /etc/dovecot /etc/httpd /etc/letsencrypt /etc/pki /etc/postfix /etc/refind.d/keys /etc/ssl /opt/psa/var/certificates /usr/local/psa/var/certificates /usr/local/share/ca-certificates /usr/share/ca-certificates /usr/share/gnupg /var/www /srv/www,1,Normal
2026-09-25,15:30:38,General,,Paths to ignore: /etc/letsencrypt/archive,1,Normal
2026-09-25,15:30:38,Result,,Result: SSL path /etc/apache2 does not exist,1,Normal
2026-09-25,15:30:38,Result,,Result: SSL path /etc/dovecot does not exist,1,Normal
2026-09-25,15:30:38,Result,,Result: SSL path /etc/httpd does not exist,1,Normal
2026-09-25,15:30:38,Result,,Result: SSL path /etc/letsencrypt does not exist,1,Normal
2026-09-25,15:30:38,Test,,Test: check if we can access /etc/pki (escaped: /etc/pki),1,Normal
2026-09-25,15:30:38,Result,,"Result: file is owned by our current user ID (0), checking if it is readable",1,Normal
2026-09-25,15:30:38,Result,,Result: file /etc/pki is readable (or directory accessible).,1,Normal
2026-09-25,15:30:38,Result,,Result: found directory /etc/pki,1,Normal
2026-09-25,15:30:38,Test,,Test: check if we can access /etc/pki/fwupd-metadata/LVFS-CA-2025PQ.pem (escaped: /etc/pki/fwupd-metadata/LVFS-CA-2025PQ.pem),1,Normal
2026-09-25,15:30:38,Result,,"Result: file is owned by our current user ID (0), checking if it is readable",1,Normal
2026-09-25,15:30:38,Result,,Result: file /etc/pki/fwupd-metadata/LVFS-CA-2025PQ.pem is readable (or directory accessible).,1,Normal
2026-09-25,15:30:38,Result,,Result: file '/etc/pki/fwupd-metadata/LVFS-CA-2025PQ.pem' belongs to package (fwupd),1,Normal
2026-09-25,15:30:38,Test,,Test: check if we can access /etc/pki/fwupd-metadata/LVFS-CA.pem (escaped: /etc/pki/fwupd-metadata/LVFS-CA.pem),1,Normal
2026-09-25,15:30:38,Result,,"Result: file is owned by our current user ID (0), checking if it is readable",1,Normal
2026-09-25,15:30:38,Result,,Result: file /etc/pki/fwupd-metadata/LVFS-CA.pem is readable (or directory accessible).,1,Normal
2026-09-25,15:30:38,Result,,Result: file '/etc/pki/fwupd-metadata/LVFS-CA.pem' belongs to package (fwupd),1,Normal
2026-09-25,15:30:38,Test,,Test: check if we can access /etc/pki/fwupd/LVFS-CA-2025PQ.pem (escaped: /etc/pki/fwupd/LVFS-CA-2025PQ.pem),1,Normal
2026-09-25,15:30:38,Result,,"Result: file is owned by our current user ID (0), checking if it is readable",1,Normal
2026-09-25,15:30:38,Result,,Result: file /etc/pki/fwupd/LVFS-CA-2025PQ.pem is readable (or directory accessible).,1,Normal
2026-09-25,15:30:38,Result,,Result: file '/etc/pki/fwupd/LVFS-CA-2025PQ.pem' belongs to package (fwupd),1,Normal
2026-09-25,15:30:38,Test,,Test: check if we can access /etc/pki/fwupd/LVFS-CA.pem (escaped: /etc/pki/fwupd/LVFS-CA.pem),1,Normal
2026-09-25,15:30:38,Result,,"Result: file is owned by our current user ID (0), checking if it is readable",1,Normal
2026-09-25,15:30:38,Result,,Result: file /etc/pki/fwupd/LVFS-CA.pem is readable (or directory accessible).,1,Normal
2026-09-25,15:30:39,Result,,Result: file '/etc/pki/fwupd/LVFS-CA.pem' belongs to package (fwupd),1,Normal
2026-09-25,15:30:39,Result,,Result: found 4 certificates in /etc/pki,1,Normal
2026-09-25,15:30:39,Result,,Result: SSL path /etc/postfix does not exist,1,Normal
2026-09-25,15:30:39,Result,,Result: SSL path /etc/refind.d/keys does not exist,1,Normal
2026-09-25,15:30:39,Test,,Test: check if we can access /etc/ssl (escaped: /etc/ssl),1,Normal
2026-09-25,15:30:39,Result,,"Result: file is owned by our current user ID (0), checking if it is readable",1,Normal
2026-09-25,15:30:39,Result,,Result: file /etc/ssl is readable (or directory accessible).,1,Normal
2026-09-25,15:30:39,Result,,Result: found directory /etc/ssl,1,Normal
2026-09-25,15:30:39,Test,,Test: check if we can access /etc/ssl/certs/ca-certificates.crt (escaped: /etc/ssl/certs/ca-certificates.crt),1,Normal
2026-09-25,15:30:39,Result,,"Result: file is owned by our current user ID (0), checking if it is readable",1,Normal
2026-09-25,15:30:39,Result,,Result: file /etc/ssl/certs/ca-certificates.crt is readable (or directory accessible).,1,Normal
2026-09-25,15:30:39,Result,,Result: file '/etc/ssl/certs/ca-certificates.crt' does most likely not belong to a package,1,Normal
2026-09-25,15:30:39,Result,,Result: file is a certificate file,1,Normal
2026-09-25,15:30:39,Result,,Result: certificate /etc/ssl/certs/ca-certificates.crt seems to be correct and still valid,1,Normal
2026-09-25,15:30:39,Test,,Test: check if we can access /etc/ssl/certs/ssl-cert-snakeoil.pem (escaped: /etc/ssl/certs/ssl-cert-snakeoil.pem),1,Normal
2026-09-25,15:30:39,Result,,"Result: file is owned by our current user ID (0), checking if it is readable",1,Normal
2026-09-25,15:30:39,Result,,Result: file /etc/ssl/certs/ssl-cert-snakeoil.pem is readable (or directory accessible).,1,Normal
2026-09-25,15:30:39,Result,,Result: file '/etc/ssl/certs/ssl-cert-snakeoil.pem' does most likely not belong to a package,1,Normal
2026-09-25,15:30:39,Result,,Result: file is a certificate file,1,Normal
2026-09-25,15:30:39,Result,,Result: certificate /etc/ssl/certs/ssl-cert-snakeoil.pem seems to be correct and still valid,1,Normal
2026-09-25,15:30:39,Result,,Result: found 2 certificates in /etc/ssl,1,Normal
2026-09-25,15:30:39,Result,,Result: SSL path /opt/psa/var/certificates does not exist,1,Normal
2026-09-25,15:30:39,Result,,Result: SSL path /usr/local/psa/var/certificates does not exist,1,Normal
2026-09-25,15:30:39,Test,,Test: check if we can access /usr/local/share/ca-certificates (escaped: /usr/local/share/ca-certificates),-1,Anomalía
2026-09-25,15:30:39,Result,,"Result: file is owned by our current user ID (0), checking if it is readable",1,Normal
2026-09-25,15:30:39,Result,,Result: file /usr/local/share/ca-certificates is readable (or directory accessible).,1,Normal
2026-09-25,15:30:39,Result,,Result: found directory /usr/local/share/ca-certificates,1,Normal
2026-09-25,15:30:39,Result,,Result: found 0 certificates in /usr/local/share/ca-certificates,1,Normal
2026-09-25,15:30:39,Test,,Test: check if we can access /usr/share/ca-certificates (escaped: /usr/share/ca-certificates),-1,Anomalía
2026-09-25,15:30:39,Result,,"Result: file is owned by our current user ID (0), checking if it is readable",1,Normal
2026-09-25,15:30:39,Result,,Result: file /usr/share/ca-certificates is readable (or directory accessible).,1,Normal
2026-09-25,15:30:39,Result,,Result: found directory /usr/share/ca-certificates,1,Normal
2026-09-25,15:30:39,Test,,Test: check if we can access /usr/share/ca-certificates/mozilla/ACCVRAIZ1.crt (escaped: /usr/share/ca-certificates/mozilla/ACCVRAIZ1.crt),-1,Anomalía
2026-09-25,15:30:39,Result,,"Result: file is owned by our current user ID (0), checking if it is readable",1,Normal
2026-09-25,15:30:39,Result,,Result: file /usr/share/ca-certificates/mozilla/ACCVRAIZ1.crt is readable (or directory accessible).,-1,Anomalía
2026-09-25,15:30:40,Result,,Result: file '/usr/share/ca-certificates/mozilla/ACCVRAIZ1.crt' belongs to package (ca-certificates),1,Normal
2026-09-25,15:30:40,Test,,Test: check if we can access /usr/share/ca-certificates/mozilla/AC_RAIZ_FNMT-RCM.crt (escaped: /usr/share/ca-certificates/mozilla/AC_RAIZ_FNMT-RCM.crt),-1,Anomalía
2026-09-25,15:30:40,Result,,"Result: file is owned by our current user ID (0), checking if it is readable",1,Normal
2026-09-25,15:30:40,Result,,Result: file /usr/share/ca-certificates/mozilla/AC_RAIZ_FNMT-RCM.crt is readable (or directory accessible).,-1,Anomalía
2026-09-25,15:30:40,Result,,Result: file '/usr/share/ca-certificates/mozilla/AC_RAIZ_FNMT-RCM.crt' belongs to package (ca-certificates),1,Normal
2026-09-25,15:30:40,Test,,Test: check if we can access /usr/share/ca-certificates/mozilla/AC_RAIZ_FNMT-RCM_SERVIDORES_SEGUROS.crt (escaped: /usr/share/ca-certificates/mozilla/AC_RAIZ_FNMT-RCM_SERVIDORES_SEGUROS.crt),-1,Anomalía
2026-09-25,15:30:40,Result,,"Result: file is owned by our current user ID (0), checking if it is readable",1,Normal
2026-09-25,15:30:40,Result,,Result: file /usr/share/ca-certificates/mozilla/AC_RAIZ_FNMT-RCM_SERVIDORES_SEGUROS.crt is readable (or directory accessible).,-1,Anomalía
2026-09-25,15:30:40,Result,,Result: file '/usr/share/ca-certificates/mozilla/AC_RAIZ_FNMT-RCM_SERVIDORES_SEGUROS.crt' belongs to package (ca-certificates),1,Normal
2026-09-25,15:30:40,Test,,Test: check if we can access /usr/share/ca-certificates/mozilla/ANF_Secure_Server_Root_CA.crt (escaped: /usr/share/ca-certificates/mozilla/ANF_Secure_Server_Root_CA.crt),-1,Anomalía
2026-09-25,15:30:40,Result,,"Result: file is owned by our current user ID (0), checking if it is readable",1,Normal
2026-09-25,15:30:40,Result,,Result: file /usr/share/ca-certificates/mozilla/ANF_Secure_Server_Root_CA.crt is readable (or directory accessible).,-1,Anomalía
2026-09-25,15:30:40,Result,,Result: file '/usr/share/ca-certificates/mozilla/ANF_Secure_Server_Root_CA.crt' belongs to package (ca-certificates),1,Normal
2026-09-25,15:30:40,Test,,Test: check if we can access /usr/share/ca-certificates/mozilla/Actalis_Authentication_Root_CA.crt (escaped: /usr/share/ca-certificates/mozilla/Actalis_Authentication_Root_CA.crt),-1,Anomalía
2026-09-25,15:30:40,Result,,"Result: file is owned by our current user ID (0), checking if it is readable",1,Normal
2026-09-25,15:30:40,Result,,Result: file /usr/share/ca-certificates/mozilla/Actalis_Authentication_Root_CA.crt is readable (or directory accessible).,-1,Anomalía
2026-09-25,15:30:40,Result,,Result: file '/usr/share/ca-certificates/mozilla/Actalis_Authentication_Root_CA.crt' belongs to package (ca-certificates),1,Normal
2026-09-25,15:30:40,Test,,Test: check if we can access /usr/share/ca-certificates/mozilla/Amazon_Root_CA_1.crt (escaped: /usr/share/ca-certificates/mozilla/Amazon_Root_CA_1.crt),-1,Anomalía
2026-09-25,15:30:40,Result,,"Result: file is owned by our current user ID (0), checking if it is readable",1,Normal
2026-09-25,15:30:40,Result,,Result: file /usr/share/ca-certificates/mozilla/Amazon_Root_CA_1.crt is readable (or directory accessible).,-1,Anomalía
2026-09-25,15:30:40,Result,,Result: file '/usr/share/ca-certificates/mozilla/Amazon_Root_CA_1.crt' belongs to package (ca-certificates),1,Normal
2026-09-25,15:30:40,Test,,Test: check if we can access /usr/share/ca-certificates/mozilla/Amazon_Root_CA_2.crt (escaped: /usr/share/ca-certificates/mozilla/Amazon_Root_CA_2.crt),-1,Anomalía
2026-09-25,15:30:40,Result,,"Result: file is owned by our current user ID (0), checking if it is readable",1,Normal
2026-09-25,15:30:41,Result,,Result: file /usr/share/ca-certificates/mozilla/Amazon_Root_CA_2.crt is readable (or directory accessible).,-1,Anomalía
2026-09-25,15:30:41,Result,,Result: file '/usr/share/ca-certificates/mozilla/Amazon_Root_CA_2.crt' belongs to package (ca-certificates),1,Normal
2026-09-25,15:30:41,Test,,Test: check if we can access /usr/share/ca-certificates/mozilla/Amazon_Root_CA_3.crt (escaped: /usr/share/ca-certificates/mozilla/Amazon_Root_CA_3.crt),-1,Anomalía
2026-09-25,15:30:41,Result,,"Result: file is owned by our current user ID (0), checking if it is readable",1,Normal
2026-09-25,15:30:41,Result,,Result: file /usr/share/ca-certificates/mozilla/Amazon_Root_CA_3.crt is readable (or directory accessible).,-1,Anomalía
2026-09-25,15:30:41,Result,,Result: file '/usr/share/ca-certificates/mozilla/Amazon_Root_CA_3.crt' belongs to package (ca-certificates),1,Normal
2026-09-25,15:30:41,Test,,Test: check if we can access /usr/share/ca-certificates/mozilla/Amazon_Root_CA_4.crt (escaped: /usr/share/ca-certificates/mozilla/Amazon_Root_CA_4.crt),-1,Anomalía
2026-09-25,15:30:41,Result,,"Result: file is owned by our current user ID (0), checking if it is readable",1,Normal
2026-09-25,15:30:41,Result,,Result: file /usr/share/ca-certificates/mozilla/Amazon_Root_CA_4.crt is readable (or directory accessible).,-1,Anomalía
2026-09-25,15:30:41,Result,,Result: file '/usr/share/ca-certificates/mozilla/Amazon_Root_CA_4.crt' belongs to package (ca-certificates),1,Normal
2026-09-25,15:30:41,Test,,Test: check if we can access /usr/share/ca-certificates/mozilla/Atos_TrustedRoot_2011.crt (escaped: /usr/share/ca-certificates/mozilla/Atos_TrustedRoot_2011.crt),-1,Anomalía
2026-09-25,15:30:41,Result,,"Result: file is owned by our current user ID (0), checking if it is readable",1,Normal
2026-09-25,15:30:41,Result,,Result: file /usr/share/ca-certificates/mozilla/Atos_TrustedRoot_2011.crt is readable (or directory accessible).,-1,Anomalía
2026-09-25,15:30:41,Result,,Result: file '/usr/share/ca-certificates/mozilla/Atos_TrustedRoot_2011.crt' belongs to package (ca-certificates),1,Normal
2026-09-25,15:30:41,Test,,Test: check if we can access /usr/share/ca-certificates/mozilla/Atos_TrustedRoot_Root_CA_ECC_TLS_2021.crt (escaped: /usr/share/ca-certificates/mozilla/Atos_TrustedRoot_Root_CA_ECC_TLS_2021.crt),-1,Anomalía
2026-09-25,15:30:41,Result,,"Result: file is owned by our current user ID (0), checking if it is readable",1,Normal
2026-09-25,15:30:41,Result,,Result: file /usr/share/ca-certificates/mozilla/Atos_TrustedRoot_Root_CA_ECC_TLS_2021.crt is readable (or directory accessible).,-1,Anomalía
2026-09-25,15:30:42,Result,,Result: file '/usr/share/ca-certificates/mozilla/Atos_TrustedRoot_Root_CA_ECC_TLS_2021.crt' belongs to package (ca-certificates),1,Normal
2026-09-25,15:30:42,Test,,Test: check if we can access /usr/share/ca-certificates/mozilla/Atos_TrustedRoot_Root_CA_RSA_TLS_2021.crt (escaped: /usr/share/ca-certificates/mozilla/Atos_TrustedRoot_Root_CA_RSA_TLS_2021.crt),-1,Anomalía
2026-09-25,15:30:42,Result,,"Result: file is owned by our current user ID (0), checking if it is readable",1,Normal
2026-09-25,15:30:42,Result,,Result: file /usr/share/ca-certificates/mozilla/Atos_TrustedRoot_Root_CA_RSA_TLS_2021.crt is readable (or directory accessible).,-1,Anomalía
2026-09-25,15:30:42,Result,,Result: file '/usr/share/ca-certificates/mozilla/Atos_TrustedRoot_Root_CA_RSA_TLS_2021.crt' belongs to package (ca-certificates),1,Normal
2026-09-25,15:30:42,Test,,Test: check if we can access /usr/share/ca-certificates/mozilla/Autoridad_de_Certificacion_Firmaprofesional_CIF_A62634068.crt (escaped: /usr/share/ca-certificates/mozilla/Autoridad_de_Certificacion_Firmaprofesional_CIF_A62634068.crt),-1,Anomalía
2026-09-25,15:30:42,Result,,"Result: file is owned by our current user ID (0), checking if it is readable",1,Normal
2026-09-25,15:30:42,Result,,Result: file /usr/share/ca-certificates/mozilla/Autoridad_de_Certificacion_Firmaprofesional_CIF_A62634068.crt is readable (or directory accessible).,-1,Anomalía
2026-09-25,15:30:42,Result,,Result: file '/usr/share/ca-certificates/mozilla/Autoridad_de_Certificacion_Firmaprofesional_CIF_A62634068.crt' belongs to package (ca-certificates),1,Normal
2026-09-25,15:30:42,Test,,Test: check if we can access /usr/share/ca-certificates/mozilla/BJCA_Global_Root_CA1.crt (escaped: /usr/share/ca-certificates/mozilla/BJCA_Global_Root_CA1.crt),-1,Anomalía
2026-09-25,15:30:42,Result,,"Result: file is owned by our current user ID (0), checking if it is readable",1,Normal
2026-09-25,15:30:42,Result,,Result: file /usr/share/ca-certificates/mozilla/BJCA_Global_Root_CA1.crt is readable (or directory accessible).,-1,Anomalía
2026-09-25,15:30:42,Result,,Result: file '/usr/share/ca-certificates/mozilla/BJCA_Global_Root_CA1.crt' belongs to package (ca-certificates),1,Normal
2026-09-25,15:30:42,Test,,Test: check if we can access /usr/share/ca-certificates/mozilla/BJCA_Global_Root_CA2.crt (escaped: /usr/share/ca-certificates/mozilla/BJCA_Global_Root_CA2.crt),-1,Anomalía
2026-09-25,15:30:42,Result,,"Result: file is owned by our current user ID (0), checking if it is readable",1,Normal
2026-09-25,15:30:42,Result,,Result: file /usr/share/ca-certificates/mozilla/BJCA_Global_Root_CA2.crt is readable (or directory accessible).,-1,Anomalía
2026-09-25,15:30:42,Result,,Result: file '/usr/share/ca-certificates/mozilla/BJCA_Global_Root_CA2.crt' belongs to package (ca-certificates),1,Normal
2026-09-25,15:30:42,Test,,Test: check if we can access /usr/share/ca-certificates/mozilla/Buypass_Class_2_Root_CA.crt (escaped: /usr/share/ca-certificates/mozilla/Buypass_Class_2_Root_CA.crt),-1,Anomalía
2026-09-25,15:30:42,Result,,"Result: file is owned by our current user ID (0), checking if it is readable",1,Normal
2026-09-25,15:30:42,Result,,Result: file /usr/share/ca-certificates/mozilla/Buypass_Class_2_Root_CA.crt is readable (or directory accessible).,-1,Anomalía
2026-09-25,15:30:42,Result,,Result: file '/usr/share/ca-certificates/mozilla/Buypass_Class_2_Root_CA.crt' belongs to package (ca-certificates),1,Normal
2026-09-25,15:30:42,Test,,Test: check if we can access /usr/share/ca-certificates/mozilla/Buypass_Class_3_Root_CA.crt (escaped: /usr/share/ca-certificates/mozilla/Buypass_Class_3_Root_CA.crt),-1,Anomalía
2026-09-25,15:30:42,Result,,"Result: file is owned by our current user ID (0), checking if it is readable",1,Normal
2026-09-25,15:30:42,Result,,Result: file /usr/share/ca-certificates/mozilla/Buypass_Class_3_Root_CA.crt is readable (or directory accessible).,-1,Anomalía
2026-09-25,15:30:43,Result,,Result: file '/usr/share/ca-certificates/mozilla/Buypass_Class_3_Root_CA.crt' belongs to package (ca-certificates),1,Normal
2026-09-25,15:30:43,Test,,Test: check if we can access /usr/share/ca-certificates/mozilla/CA_Disig_Root_R2.crt (escaped: /usr/share/ca-certificates/mozilla/CA_Disig_Root_R2.crt),-1,Anomalía
2026-09-25,15:30:43,Result,,"Result: file is owned by our current user ID (0), checking if it is readable",1,Normal
2026-09-25,15:30:43,Result,,Result: file /usr/share/ca-certificates/mozilla/CA_Disig_Root_R2.crt is readable (or directory accessible).,-1,Anomalía
2026-09-25,15:30:43,Result,,Result: file '/usr/share/ca-certificates/mozilla/CA_Disig_Root_R2.crt' belongs to package (ca-certificates),1,Normal
2026-09-25,15:30:43,Test,,Test: check if we can access /usr/share/ca-certificates/mozilla/CFCA_EV_ROOT.crt (escaped: /usr/share/ca-certificates/mozilla/CFCA_EV_ROOT.crt),-1,Anomalía
2026-09-25,15:30:43,Result,,"Result: file is owned by our current user ID (0), checking if it is readable",1,Normal
2026-09-25,15:30:43,Result,,Result: file /usr/share/ca-certificates/mozilla/CFCA_EV_ROOT.crt is readable (or directory accessible).,-1,Anomalía
2026-09-25,15:30:43,Result,,Result: file '/usr/share/ca-certificates/mozilla/CFCA_EV_ROOT.crt' belongs to package (ca-certificates),1,Normal
2026-09-25,15:30:43,Test,,Test: check if we can access /usr/share/ca-certificates/mozilla/COMODO_ECC_Certification_Authority.crt (escaped: /usr/share/ca-certificates/mozilla/COMODO_ECC_Certification_Authority.crt),-1,Anomalía
2026-09-25,15:30:43,Result,,"Result: file is owned by our current user ID (0), checking if it is readable",1,Normal
2026-09-25,15:30:43,Result,,Result: file /usr/share/ca-certificates/mozilla/COMODO_ECC_Certification_Authority.crt is readable (or directory accessible).,-1,Anomalía
2026-09-25,15:30:43,Result,,Result: file '/usr/share/ca-certificates/mozilla/COMODO_ECC_Certification_Authority.crt' belongs to package (ca-certificates),1,Normal
2026-09-25,15:30:43,Test,,Test: check if we can access /usr/share/ca-certificates/mozilla/COMODO_RSA_Certification_Authority.crt (escaped: /usr/share/ca-certificates/mozilla/COMODO_RSA_Certification_Authority.crt),-1,Anomalía
2026-09-25,15:30:43,Result,,"Result: file is owned by our current user ID (0), checking if it is readable",1,Normal
2026-09-25,15:30:43,Result,,Result: file /usr/share/ca-certificates/mozilla/COMODO_RSA_Certification_Authority.crt is readable (or directory accessible).,-1,Anomalía
2026-09-25,15:30:43,Result,,Result: file '/usr/share/ca-certificates/mozilla/COMODO_RSA_Certification_Authority.crt' belongs to package (ca-certificates),1,Normal
2026-09-25,15:30:43,Test,,Test: check if we can access /usr/share/ca-certificates/mozilla/Certainly_Root_E1.crt (escaped: /usr/share/ca-certificates/mozilla/Certainly_Root_E1.crt),-1,Anomalía
2026-09-25,15:30:43,Result,,"Result: file is owned by our current user ID (0), checking if it is readable",1,Normal
2026-09-25,15:30:43,Result,,Result: file /usr/share/ca-certificates/mozilla/Certainly_Root_E1.crt is readable (or directory accessible).,-1,Anomalía
2026-09-25,15:30:43,Result,,Result: file '/usr/share/ca-certificates/mozilla/Certainly_Root_E1.crt' belongs to package (ca-certificates),1,Normal
2026-09-25,15:30:43,Test,,Test: check if we can access /usr/share/ca-certificates/mozilla/Certainly_Root_R1.crt (escaped: /usr/share/ca-certificates/mozilla/Certainly_Root_R1.crt),-1,Anomalía
2026-09-25,15:30:44,Result,,"Result: file is owned by our current user ID (0), checking if it is readable",1,Normal
2026-09-25,15:30:44,Result,,Result: file /usr/share/ca-certificates/mozilla/Certainly_Root_R1.crt is readable (or directory accessible).,-1,Anomalía
2026-09-25,15:30:44,Result,,Result: file '/usr/share/ca-certificates/mozilla/Certainly_Root_R1.crt' belongs to package (ca-certificates),1,Normal
2026-09-25,15:30:44,Test,,Test: check if we can access /usr/share/ca-certificates/mozilla/Certigna_Root_CA.crt (escaped: /usr/share/ca-certificates/mozilla/Certigna_Root_CA.crt),-1,Anomalía
2026-09-25,15:30:44,Result,,"Result: file is owned by our current user ID (0), checking if it is readable",1,Normal
2026-09-25,15:30:44,Result,,Result: file /usr/share/ca-certificates/mozilla/Certigna_Root_CA.crt is readable (or directory accessible).,-1,Anomalía
2026-09-25,15:30:44,Result,,Result: file '/usr/share/ca-certificates/mozilla/Certigna_Root_CA.crt' belongs to package (ca-certificates),1,Normal
2026-09-25,15:30:44,Test,,Test: check if we can access /usr/share/ca-certificates/mozilla/Certum_EC-384_CA.crt (escaped: /usr/share/ca-certificates/mozilla/Certum_EC-384_CA.crt),-1,Anomalía
2026-09-25,15:30:44,Result,,"Result: file is owned by our current user ID (0), checking if it is readable",1,Normal
2026-09-25,15:30:44,Result,,Result: file /usr/share/ca-certificates/mozilla/Certum_EC-384_CA.crt is readable (or directory accessible).,-1,Anomalía
2026-09-25,15:30:44,Result,,Result: file '/usr/share/ca-certificates/mozilla/Certum_EC-384_CA.crt' belongs to package (ca-certificates),1,Normal
2026-09-25,15:30:44,Test,,Test: check if we can access /usr/share/ca-certificates/mozilla/Certum_Trusted_Network_CA.crt (escaped: /usr/share/ca-certificates/mozilla/Certum_Trusted_Network_CA.crt),-1,Anomalía
2026-09-25,15:30:44,Result,,"Result: file is owned by our current user ID (0), checking if it is readable",1,Normal
2026-09-25,15:30:44,Result,,Result: file /usr/share/ca-certificates/mozilla/Certum_Trusted_Network_CA.crt is readable (or directory accessible).,-1,Anomalía
2026-09-25,15:30:44,Result,,Result: file '/usr/share/ca-certificates/mozilla/Certum_Trusted_Network_CA.crt' belongs to package (ca-certificates),1,Normal
2026-09-25,15:30:44,Test,,Test: check if we can access /usr/share/ca-certificates/mozilla/Certum_Trusted_Network_CA_2.crt (escaped: /usr/share/ca-certificates/mozilla/Certum_Trusted_Network_CA_2.crt),-1,Anomalía
2026-09-25,15:30:44,Result,,"Result: file is owned by our current user ID (0), checking if it is readable",1,Normal
2026-09-25,15:30:44,Result,,Result: file /usr/share/ca-certificates/mozilla/Certum_Trusted_Network_CA_2.crt is readable (or directory accessible).,-1,Anomalía
2026-09-25,15:30:44,Result,,Result: file '/usr/share/ca-certificates/mozilla/Certum_Trusted_Network_CA_2.crt' belongs to package (ca-certificates),1,Normal
2026-09-25,15:30:44,Test,,Test: check if we can access /usr/share/ca-certificates/mozilla/Certum_Trusted_Root_CA.crt (escaped: /usr/share/ca-certificates/mozilla/Certum_Trusted_Root_CA.crt),-1,Anomalía
2026-09-25,15:30:44,Result,,"Result: file is owned by our current user ID (0), checking if it is readable",1,Normal
2026-09-25,15:30:44,Result,,Result: file /usr/share/ca-certificates/mozilla/Certum_Trusted_Root_CA.crt is readable (or directory accessible).,-1,Anomalía
2026-09-25,15:30:44,Result,,Result: file '/usr/share/ca-certificates/mozilla/Certum_Trusted_Root_CA.crt' belongs to package (ca-certificates),1,Normal
2026-09-25,15:30:45,Test,,Test: check if we can access /usr/share/ca-certificates/mozilla/D-TRUST_BR_Root_CA_1_2020.crt (escaped: /usr/share/ca-certificates/mozilla/D-TRUST_BR_Root_CA_1_2020.crt),-1,Anomalía
2026-09-25,15:30:45,Result,,"Result: file is owned by our current user ID (0), checking if it is readable",1,Normal
2026-09-25,15:30:45,Result,,Result: file /usr/share/ca-certificates/mozilla/D-TRUST_BR_Root_CA_1_2020.crt is readable (or directory accessible).,-1,Anomalía
2026-09-25,15:30:45,Result,,Result: file '/usr/share/ca-certificates/mozilla/D-TRUST_BR_Root_CA_1_2020.crt' belongs to package (ca-certificates),1,Normal
2026-09-25,15:30:45,Test,,Test: check if we can access /usr/share/ca-certificates/mozilla/D-TRUST_BR_Root_CA_2_2023.crt (escaped: /usr/share/ca-certificates/mozilla/D-TRUST_BR_Root_CA_2_2023.crt),-1,Anomalía
2026-09-25,15:30:45,Result,,"Result: file is owned by our current user ID (0), checking if it is readable",1,Normal
2026-09-25,15:30:45,Result,,Result: file /usr/share/ca-certificates/mozilla/D-TRUST_BR_Root_CA_2_2023.crt is readable (or directory accessible).,-1,Anomalía
2026-09-25,15:30:45,Result,,Result: file '/usr/share/ca-certificates/mozilla/D-TRUST_BR_Root_CA_2_2023.crt' belongs to package (ca-certificates),1,Normal
2026-09-25,15:30:45,Test,,Test: check if we can access /usr/share/ca-certificates/mozilla/D-TRUST_EV_Root_CA_1_2020.crt (escaped: /usr/share/ca-certificates/mozilla/D-TRUST_EV_Root_CA_1_2020.crt),-1,Anomalía
2026-09-25,15:30:45,Result,,"Result: file is owned by our current user ID (0), checking if it is readable",1,Normal
2026-09-25,15:30:45,Result,,Result: file /usr/share/ca-certificates/mozilla/D-TRUST_EV_Root_CA_1_2020.crt is readable (or directory accessible).,-1,Anomalía
2026-09-25,15:30:45,Result,,Result: file '/usr/share/ca-certificates/mozilla/D-TRUST_EV_Root_CA_1_2020.crt' belongs to package (ca-certificates),1,Normal
2026-09-25,15:30:45,Test,,Test: check if we can access /usr/share/ca-certificates/mozilla/D-TRUST_EV_Root_CA_2_2023.crt (escaped: /usr/share/ca-certificates/mozilla/D-TRUST_EV_Root_CA_2_2023.crt),-1,Anomalía
2026-09-25,15:30:45,Result,,"Result: file is owned by our current user ID (0), checking if it is readable",1,Normal
2026-09-25,15:30:45,Result,,Result: file /usr/share/ca-certificates/mozilla/D-TRUST_EV_Root_CA_2_2023.crt is readable (or directory accessible).,-1,Anomalía
2026-09-25,15:30:45,Result,,Result: file '/usr/share/ca-certificates/mozilla/D-TRUST_EV_Root_CA_2_2023.crt' belongs to package (ca-certificates),1,Normal
2026-09-25,15:30:45,Test,,Test: check if we can access /usr/share/ca-certificates/mozilla/D-TRUST_Root_Class_3_CA_2_2009.crt (escaped: /usr/share/ca-certificates/mozilla/D-TRUST_Root_Class_3_CA_2_2009.crt),-1,Anomalía
2026-09-25,15:30:45,Result,,"Result: file is owned by our current user ID (0), checking if it is readable",1,Normal
2026-09-25,15:30:45,Result,,Result: file /usr/share/ca-certificates/mozilla/D-TRUST_Root_Class_3_CA_2_2009.crt is readable (or directory accessible).,-1,Anomalía
2026-09-25,15:30:45,Result,,Result: file '/usr/share/ca-certificates/mozilla/D-TRUST_Root_Class_3_CA_2_2009.crt' belongs to package (ca-certificates),1,Normal
2026-09-25,15:30:45,Test,,Test: check if we can access /usr/share/ca-certificates/mozilla/D-TRUST_Root_Class_3_CA_2_EV_2009.crt (escaped: /usr/share/ca-certificates/mozilla/D-TRUST_Root_Class_3_CA_2_EV_2009.crt),-1,Anomalía
2026-09-25,15:30:45,Result,,"Result: file is owned by our current user ID (0), checking if it is readable",1,Normal
2026-09-25,15:30:45,Result,,Result: file /usr/share/ca-certificates/mozilla/D-TRUST_Root_Class_3_CA_2_EV_2009.crt is readable (or directory accessible).,-1,Anomalía
2026-09-25,15:30:46,Result,,Result: file '/usr/share/ca-certificates/mozilla/D-TRUST_Root_Class_3_CA_2_EV_2009.crt' belongs to package (ca-certificates),1,Normal
2026-09-25,15:30:46,Test,,Test: check if we can access /usr/share/ca-certificates/mozilla/DigiCert_Assured_ID_Root_G2.crt (escaped: /usr/share/ca-certificates/mozilla/DigiCert_Assured_ID_Root_G2.crt),-1,Anomalía
2026-09-25,15:30:46,Result,,"Result: file is owned by our current user ID (0), checking if it is readable",1,Normal
2026-09-25,15:30:46,Result,,Result: file /usr/share/ca-certificates/mozilla/DigiCert_Assured_ID_Root_G2.crt is readable (or directory accessible).,-1,Anomalía
2026-09-25,15:30:46,Result,,Result: file '/usr/share/ca-certificates/mozilla/DigiCert_Assured_ID_Root_G2.crt' belongs to package (ca-certificates),1,Normal
2026-09-25,15:30:46,Test,,Test: check if we can access /usr/share/ca-certificates/mozilla/DigiCert_Assured_ID_Root_G3.crt (escaped: /usr/share/ca-certificates/mozilla/DigiCert_Assured_ID_Root_G3.crt),-1,Anomalía
2026-09-25,15:30:46,Result,,"Result: file is owned by our current user ID (0), checking if it is readable",1,Normal
2026-09-25,15:30:46,Result,,Result: file /usr/share/ca-certificates/mozilla/DigiCert_Assured_ID_Root_G3.crt is readable (or directory accessible).,-1,Anomalía
2026-09-25,15:30:46,Result,,Result: file '/usr/share/ca-certificates/mozilla/DigiCert_Assured_ID_Root_G3.crt' belongs to package (ca-certificates),1,Normal
2026-09-25,15:30:46,Test,,Test: check if we can access /usr/share/ca-certificates/mozilla/DigiCert_Global_Root_G2.crt (escaped: /usr/share/ca-certificates/mozilla/DigiCert_Global_Root_G2.crt),-1,Anomalía
2026-09-25,15:30:46,Result,,"Result: file is owned by our current user ID (0), checking if it is readable",1,Normal
2026-09-25,15:30:46,Result,,Result: file /usr/share/ca-certificates/mozilla/DigiCert_Global_Root_G2.crt is readable (or directory accessible).,-1,Anomalía
2026-09-25,15:30:46,Result,,Result: file '/usr/share/ca-certificates/mozilla/DigiCert_Global_Root_G2.crt' belongs to package (ca-certificates),1,Normal
2026-09-25,15:30:46,Test,,Test: check if we can access /usr/share/ca-certificates/mozilla/DigiCert_Global_Root_G3.crt (escaped: /usr/share/ca-certificates/mozilla/DigiCert_Global_Root_G3.crt),-1,Anomalía
2026-09-25,15:30:46,Result,,"Result: file is owned by our current user ID (0), checking if it is readable",1,Normal
2026-09-25,15:30:46,Result,,Result: file /usr/share/ca-certificates/mozilla/DigiCert_Global_Root_G3.crt is readable (or directory accessible).,-1,Anomalía
2026-09-25,15:30:46,Result,,Result: file '/usr/share/ca-certificates/mozilla/DigiCert_Global_Root_G3.crt' belongs to package (ca-certificates),1,Normal
2026-09-25,15:30:46,Test,,Test: check if we can access /usr/share/ca-certificates/mozilla/DigiCert_TLS_ECC_P384_Root_G5.crt (escaped: /usr/share/ca-certificates/mozilla/DigiCert_TLS_ECC_P384_Root_G5.crt),-1,Anomalía
2026-09-25,15:30:46,Result,,"Result: file is owned by our current user ID (0), checking if it is readable",1,Normal
2026-09-25,15:30:46,Result,,Result: file /usr/share/ca-certificates/mozilla/DigiCert_TLS_ECC_P384_Root_G5.crt is readable (or directory accessible).,-1,Anomalía
2026-09-25,15:30:46,Result,,Result: file '/usr/share/ca-certificates/mozilla/DigiCert_TLS_ECC_P384_Root_G5.crt' belongs to package (ca-certificates),1,Normal
2026-09-25,15:30:46,Test,,Test: check if we can access /usr/share/ca-certificates/mozilla/DigiCert_TLS_RSA4096_Root_G5.crt (escaped: /usr/share/ca-certificates/mozilla/DigiCert_TLS_RSA4096_Root_G5.crt),-1,Anomalía
2026-09-25,15:30:46,Result,,"Result: file is owned by our current user ID (0), checking if it is readable",1,Normal
2026-09-25,15:30:46,Result,,Result: file /usr/share/ca-certificates/mozilla/DigiCert_TLS_RSA4096_Root_G5.crt is readable (or directory accessible).,-1,Anomalía
2026-09-25,15:30:47,Result,,Result: file '/usr/share/ca-certificates/mozilla/DigiCert_TLS_RSA4096_Root_G5.crt' belongs to package (ca-certificates),1,Normal
2026-09-25,15:30:47,Test,,Test: check if we can access /usr/share/ca-certificates/mozilla/DigiCert_Trusted_Root_G4.crt (escaped: /usr/share/ca-certificates/mozilla/DigiCert_Trusted_Root_G4.crt),-1,Anomalía
2026-09-25,15:30:47,Result,,"Result: file is owned by our current user ID (0), checking if it is readable",1,Normal
2026-09-25,15:30:47,Result,,Result: file /usr/share/ca-certificates/mozilla/DigiCert_Trusted_Root_G4.crt is readable (or directory accessible).,-1,Anomalía
2026-09-25,15:30:47,Result,,Result: file '/usr/share/ca-certificates/mozilla/DigiCert_Trusted_Root_G4.crt' belongs to package (ca-certificates),1,Normal
2026-09-25,15:30:47,Test,,Test: check if we can access /usr/share/ca-certificates/mozilla/Entrust_Root_Certification_Authority.crt (escaped: /usr/share/ca-certificates/mozilla/Entrust_Root_Certification_Authority.crt),-1,Anomalía
2026-09-25,15:30:47,Result,,"Result: file is owned by our current user ID (0), checking if it is readable",1,Normal
2026-09-25,15:30:47,Result,,Result: file /usr/share/ca-certificates/mozilla/Entrust_Root_Certification_Authority.crt is readable (or directory accessible).,-1,Anomalía
2026-09-25,15:30:47,Result,,Result: file '/usr/share/ca-certificates/mozilla/Entrust_Root_Certification_Authority.crt' belongs to package (ca-certificates),1,Normal
2026-09-25,15:30:47,Test,,Test: check if we can access /usr/share/ca-certificates/mozilla/GDCA_TrustAUTH_R5_ROOT.crt (escaped: /usr/share/ca-certificates/mozilla/GDCA_TrustAUTH_R5_ROOT.crt),-1,Anomalía
2026-09-25,15:30:47,Result,,"Result: file is owned by our current user ID (0), checking if it is readable",1,Normal
2026-09-25,15:30:47,Result,,Result: file /usr/share/ca-certificates/mozilla/GDCA_TrustAUTH_R5_ROOT.crt is readable (or directory accessible).,-1,Anomalía
2026-09-25,15:30:47,Result,,Result: file '/usr/share/ca-certificates/mozilla/GDCA_TrustAUTH_R5_ROOT.crt' belongs to package (ca-certificates),1,Normal
2026-09-25,15:30:47,Test,,Test: check if we can access /usr/share/ca-certificates/mozilla/GTS_Root_R1.crt (escaped: /usr/share/ca-certificates/mozilla/GTS_Root_R1.crt),-1,Anomalía
2026-09-25,15:30:47,Result,,"Result: file is owned by our current user ID (0), checking if it is readable",1,Normal
2026-09-25,15:30:47,Result,,Result: file /usr/share/ca-certificates/mozilla/GTS_Root_R1.crt is readable (or directory accessible).,-1,Anomalía
2026-09-25,15:30:47,Result,,Result: file '/usr/share/ca-certificates/mozilla/GTS_Root_R1.crt' belongs to package (ca-certificates),1,Normal
2026-09-25,15:30:47,Test,,Test: check if we can access /usr/share/ca-certificates/mozilla/GTS_Root_R3.crt (escaped: /usr/share/ca-certificates/mozilla/GTS_Root_R3.crt),-1,Anomalía
2026-09-25,15:30:47,Result,,"Result: file is owned by our current user ID (0), checking if it is readable",1,Normal
2026-09-25,15:30:47,Result,,Result: file /usr/share/ca-certificates/mozilla/GTS_Root_R3.crt is readable (or directory accessible).,-1,Anomalía
2026-09-25,15:30:47,Result,,Result: file '/usr/share/ca-certificates/mozilla/GTS_Root_R3.crt' belongs to package (ca-certificates),1,Normal
2026-09-25,15:30:47,Test,,Test: check if we can access /usr/share/ca-certificates/mozilla/GTS_Root_R4.crt (escaped: /usr/share/ca-certificates/mozilla/GTS_Root_R4.crt),-1,Anomalía
2026-09-25,15:30:47,Result,,"Result: file is owned by our current user ID (0), checking if it is readable",1,Normal
2026-09-25,15:30:47,Result,,Result: file /usr/share/ca-certificates/mozilla/GTS_Root_R4.crt is readable (or directory accessible).,-1,Anomalía
2026-09-25,15:30:48,Result,,Result: file '/usr/share/ca-certificates/mozilla/GTS_Root_R4.crt' belongs to package (ca-certificates),1,Normal
2026-09-25,15:30:48,Test,,Test: check if we can access /usr/share/ca-certificates/mozilla/GlobalSign_ECC_Root_CA_-_R4.crt (escaped: /usr/share/ca-certificates/mozilla/GlobalSign_ECC_Root_CA_-_R4.crt),-1,Anomalía
2026-09-25,15:30:48,Result,,"Result: file is owned by our current user ID (0), checking if it is readable",1,Normal
2026-09-25,15:30:48,Result,,Result: file /usr/share/ca-certificates/mozilla/GlobalSign_ECC_Root_CA_-_R4.crt is readable (or directory accessible).,-1,Anomalía
2026-09-25,15:30:48,Result,,Result: file '/usr/share/ca-certificates/mozilla/GlobalSign_ECC_Root_CA_-_R4.crt' belongs to package (ca-certificates),1,Normal
2026-09-25,15:30:48,Test,,Test: check if we can access /usr/share/ca-certificates/mozilla/GlobalSign_ECC_Root_CA_-_R5.crt (escaped: /usr/share/ca-certificates/mozilla/GlobalSign_ECC_Root_CA_-_R5.crt),-1,Anomalía
2026-09-25,15:30:48,Result,,"Result: file is owned by our current user ID (0), checking if it is readable",1,Normal
2026-09-25,15:30:48,Result,,Result: file /usr/share/ca-certificates/mozilla/GlobalSign_ECC_Root_CA_-_R5.crt is readable (or directory accessible).,-1,Anomalía
2026-09-25,15:30:48,Result,,Result: file '/usr/share/ca-certificates/mozilla/GlobalSign_ECC_Root_CA_-_R5.crt' belongs to package (ca-certificates),1,Normal
2026-09-25,15:30:48,Test,,Test: check if we can access /usr/share/ca-certificates/mozilla/GlobalSign_Root_CA_-_R3.crt (escaped: /usr/share/ca-certificates/mozilla/GlobalSign_Root_CA_-_R3.crt),-1,Anomalía
2026-09-25,15:30:48,Result,,"Result: file is owned by our current user ID (0), checking if it is readable",1,Normal
2026-09-25,15:30:48,Result,,Result: file /usr/share/ca-certificates/mozilla/GlobalSign_Root_CA_-_R3.crt is readable (or directory accessible).,-1,Anomalía
2026-09-25,15:30:48,Result,,Result: file '/usr/share/ca-certificates/mozilla/GlobalSign_Root_CA_-_R3.crt' belongs to package (ca-certificates),1,Normal
2026-09-25,15:30:48,Test,,Test: check if we can access /usr/share/ca-certificates/mozilla/GlobalSign_Root_CA_-_R6.crt (escaped: /usr/share/ca-certificates/mozilla/GlobalSign_Root_CA_-_R6.crt),-1,Anomalía
2026-09-25,15:30:48,Result,,"Result: file is owned by our current user ID (0), checking if it is readable",1,Normal
2026-09-25,15:30:48,Result,,Result: file /usr/share/ca-certificates/mozilla/GlobalSign_Root_CA_-_R6.crt is readable (or directory accessible).,-1,Anomalía
2026-09-25,15:30:48,Result,,Result: file '/usr/share/ca-certificates/mozilla/GlobalSign_Root_CA_-_R6.crt' belongs to package (ca-certificates),1,Normal
2026-09-25,15:30:48,Test,,Test: check if we can access /usr/share/ca-certificates/mozilla/GlobalSign_Root_E46.crt (escaped: /usr/share/ca-certificates/mozilla/GlobalSign_Root_E46.crt),-1,Anomalía
2026-09-25,15:30:48,Result,,"Result: file is owned by our current user ID (0), checking if it is readable",1,Normal
2026-09-25,15:30:48,Result,,Result: file /usr/share/ca-certificates/mozilla/GlobalSign_Root_E46.crt is readable (or directory accessible).,-1,Anomalía
2026-09-25,15:30:48,Result,,Result: file '/usr/share/ca-certificates/mozilla/GlobalSign_Root_E46.crt' belongs to package (ca-certificates),1,Normal
2026-09-25,15:30:48,Test,,Test: check if we can access /usr/share/ca-certificates/mozilla/GlobalSign_Root_R46.crt (escaped: /usr/share/ca-certificates/mozilla/GlobalSign_Root_R46.crt),-1,Anomalía
2026-09-25,15:30:48,Result,,"Result: file is owned by our current user ID (0), checking if it is readable",1,Normal
2026-09-25,15:30:48,Result,,Result: file /usr/share/ca-certificates/mozilla/GlobalSign_Root_R46.crt is readable (or directory accessible).,-1,Anomalía
2026-09-25,15:30:48,Result,,Result: file '/usr/share/ca-certificates/mozilla/GlobalSign_Root_R46.crt' belongs to package (ca-certificates),1,Normal
2026-09-25,15:30:49,Test,,Test: check if we can access /usr/share/ca-certificates/mozilla/Go_Daddy_Root_Certificate_Authority_-_G2.crt (escaped: /usr/share/ca-certificates/mozilla/Go_Daddy_Root_Certificate_Authority_-_G2.crt),-1,Anomalía
2026-09-25,15:30:49,Result,,"Result: file is owned by our current user ID (0), checking if it is readable",1,Normal
2026-09-25,15:30:49,Result,,Result: file /usr/share/ca-certificates/mozilla/Go_Daddy_Root_Certificate_Authority_-_G2.crt is readable (or directory accessible).,-1,Anomalía
2026-09-25,15:30:49,Result,,Result: file '/usr/share/ca-certificates/mozilla/Go_Daddy_Root_Certificate_Authority_-_G2.crt' belongs to package (ca-certificates),1,Normal
2026-09-25,15:30:49,Test,,Test: check if we can access /usr/share/ca-certificates/mozilla/HARICA_TLS_ECC_Root_CA_2021.crt (escaped: /usr/share/ca-certificates/mozilla/HARICA_TLS_ECC_Root_CA_2021.crt),-1,Anomalía
2026-09-25,15:30:49,Result,,"Result: file is owned by our current user ID (0), checking if it is readable",1,Normal
2026-09-25,15:30:49,Result,,Result: file /usr/share/ca-certificates/mozilla/HARICA_TLS_ECC_Root_CA_2021.crt is readable (or directory accessible).,-1,Anomalía
2026-09-25,15:30:49,Result,,Result: file '/usr/share/ca-certificates/mozilla/HARICA_TLS_ECC_Root_CA_2021.crt' belongs to package (ca-certificates),1,Normal
2026-09-25,15:30:49,Test,,Test: check if we can access /usr/share/ca-certificates/mozilla/HARICA_TLS_RSA_Root_CA_2021.crt (escaped: /usr/share/ca-certificates/mozilla/HARICA_TLS_RSA_Root_CA_2021.crt),-1,Anomalía
2026-09-25,15:30:49,Result,,"Result: file is owned by our current user ID (0), checking if it is readable",1,Normal
2026-09-25,15:30:49,Result,,Result: file /usr/share/ca-certificates/mozilla/HARICA_TLS_RSA_Root_CA_2021.crt is readable (or directory accessible).,-1,Anomalía
2026-09-25,15:30:49,Result,,Result: file '/usr/share/ca-certificates/mozilla/HARICA_TLS_RSA_Root_CA_2021.crt' belongs to package (ca-certificates),1,Normal
2026-09-25,15:30:49,Test,,Test: check if we can access /usr/share/ca-certificates/mozilla/Hellenic_Academic_and_Research_Institutions_ECC_RootCA_2015.crt (escaped: /usr/share/ca-certificates/mozilla/Hellenic_Academic_and_Research_Institutions_ECC_RootCA_2015.crt),-1,Anomalía
2026-09-25,15:30:49,Result,,"Result: file is owned by our current user ID (0), checking if it is readable",1,Normal
2026-09-25,15:30:49,Result,,Result: file /usr/share/ca-certificates/mozilla/Hellenic_Academic_and_Research_Institutions_ECC_RootCA_2015.crt is readable (or directory accessible).,-1,Anomalía
2026-09-25,15:30:49,Result,,Result: file '/usr/share/ca-certificates/mozilla/Hellenic_Academic_and_Research_Institutions_ECC_RootCA_2015.crt' belongs to package (ca-certificates),1,Normal
2026-09-25,15:30:49,Test,,Test: check if we can access /usr/share/ca-certificates/mozilla/Hellenic_Academic_and_Research_Institutions_RootCA_2015.crt (escaped: /usr/share/ca-certificates/mozilla/Hellenic_Academic_and_Research_Institutions_RootCA_2015.crt),-1,Anomalía
2026-09-25,15:30:49,Result,,"Result: file is owned by our current user ID (0), checking if it is readable",1,Normal
2026-09-25,15:30:49,Result,,Result: file /usr/share/ca-certificates/mozilla/Hellenic_Academic_and_Research_Institutions_RootCA_2015.crt is readable (or directory accessible).,-1,Anomalía
2026-09-25,15:30:49,Result,,Result: file '/usr/share/ca-certificates/mozilla/Hellenic_Academic_and_Research_Institutions_RootCA_2015.crt' belongs to package (ca-certificates),1,Normal
2026-09-25,15:30:49,Test,,Test: check if we can access /usr/share/ca-certificates/mozilla/HiPKI_Root_CA_-_G1.crt (escaped: /usr/share/ca-certificates/mozilla/HiPKI_Root_CA_-_G1.crt),-1,Anomalía
2026-09-25,15:30:49,Result,,"Result: file is owned by our current user ID (0), checking if it is readable",1,Normal
2026-09-25,15:30:49,Result,,Result: file /usr/share/ca-certificates/mozilla/HiPKI_Root_CA_-_G1.crt is readable (or directory accessible).,-1,Anomalía
2026-09-25,15:30:49,Result,,Result: file '/usr/share/ca-certificates/mozilla/HiPKI_Root_CA_-_G1.crt' belongs to package (ca-certificates),1,Normal
2026-09-25,15:30:50,Test,,Test: check if we can access /usr/share/ca-certificates/mozilla/Hongkong_Post_Root_CA_3.crt (escaped: /usr/share/ca-certificates/mozilla/Hongkong_Post_Root_CA_3.crt),-1,Anomalía
2026-09-25,15:30:50,Result,,"Result: file is owned by our current user ID (0), checking if it is readable",1,Normal
2026-09-25,15:30:50,Result,,Result: file /usr/share/ca-certificates/mozilla/Hongkong_Post_Root_CA_3.crt is readable (or directory accessible).,-1,Anomalía
2026-09-25,15:30:50,Result,,Result: file '/usr/share/ca-certificates/mozilla/Hongkong_Post_Root_CA_3.crt' belongs to package (ca-certificates),1,Normal
2026-09-25,15:30:50,Test,,Test: check if we can access /usr/share/ca-certificates/mozilla/ISRG_Root_X1.crt (escaped: /usr/share/ca-certificates/mozilla/ISRG_Root_X1.crt),-1,Anomalía
2026-09-25,15:30:50,Result,,"Result: file is owned by our current user ID (0), checking if it is readable",1,Normal
2026-09-25,15:30:50,Result,,Result: file /usr/share/ca-certificates/mozilla/ISRG_Root_X1.crt is readable (or directory accessible).,-1,Anomalía
2026-09-25,15:30:50,Result,,Result: file '/usr/share/ca-certificates/mozilla/ISRG_Root_X1.crt' belongs to package (ca-certificates),1,Normal
2026-09-25,15:30:50,Test,,Test: check if we can access /usr/share/ca-certificates/mozilla/ISRG_Root_X2.crt (escaped: /usr/share/ca-certificates/mozilla/ISRG_Root_X2.crt),-1,Anomalía
2026-09-25,15:30:50,Result,,"Result: file is owned by our current user ID (0), checking if it is readable",1,Normal
2026-09-25,15:30:50,Result,,Result: file /usr/share/ca-certificates/mozilla/ISRG_Root_X2.crt is readable (or directory accessible).,-1,Anomalía
2026-09-25,15:30:50,Result,,Result: file '/usr/share/ca-certificates/mozilla/ISRG_Root_X2.crt' belongs to package (ca-certificates),1,Normal
2026-09-25,15:30:50,Test,,Test: check if we can access /usr/share/ca-certificates/mozilla/IdenTrust_Commercial_Root_CA_1.crt (escaped: /usr/share/ca-certificates/mozilla/IdenTrust_Commercial_Root_CA_1.crt),-1,Anomalía
2026-09-25,15:30:50,Result,,"Result: file is owned by our current user ID (0), checking if it is readable",1,Normal
2026-09-25,15:30:50,Result,,Result: file /usr/share/ca-certificates/mozilla/IdenTrust_Commercial_Root_CA_1.crt is readable (or directory accessible).,-1,Anomalía
2026-09-25,15:30:50,Result,,Result: file '/usr/share/ca-certificates/mozilla/IdenTrust_Commercial_Root_CA_1.crt' belongs to package (ca-certificates),1,Normal
2026-09-25,15:30:50,Test,,Test: check if we can access /usr/share/ca-certificates/mozilla/IdenTrust_Public_Sector_Root_CA_1.crt (escaped: /usr/share/ca-certificates/mozilla/IdenTrust_Public_Sector_Root_CA_1.crt),-1,Anomalía
2026-09-25,15:30:50,Result,,"Result: file is owned by our current user ID (0), checking if it is readable",1,Normal
2026-09-25,15:30:50,Result,,Result: file /usr/share/ca-certificates/mozilla/IdenTrust_Public_Sector_Root_CA_1.crt is readable (or directory accessible).,-1,Anomalía
2026-09-25,15:30:50,Result,,Result: file '/usr/share/ca-certificates/mozilla/IdenTrust_Public_Sector_Root_CA_1.crt' belongs to package (ca-certificates),1,Normal
2026-09-25,15:30:50,Test,,Test: check if we can access /usr/share/ca-certificates/mozilla/Izenpe.com.crt (escaped: /usr/share/ca-certificates/mozilla/Izenpe.com.crt),-1,Anomalía
2026-09-25,15:30:50,Result,,"Result: file is owned by our current user ID (0), checking if it is readable",1,Normal
2026-09-25,15:30:50,Result,,Result: file /usr/share/ca-certificates/mozilla/Izenpe.com.crt is readable (or directory accessible).,-1,Anomalía
2026-09-25,15:30:51,Result,,Result: file '/usr/share/ca-certificates/mozilla/Izenpe.com.crt' belongs to package (ca-certificates),1,Normal
2026-09-25,15:30:51,Test,,Test: check if we can access /usr/share/ca-certificates/mozilla/Microsec_e-Szigno_Root_CA_2009.crt (escaped: /usr/share/ca-certificates/mozilla/Microsec_e-Szigno_Root_CA_2009.crt),-1,Anomalía
2026-09-25,15:30:51,Result,,"Result: file is owned by our current user ID (0), checking if it is readable",1,Normal
2026-09-25,15:30:51,Result,,Result: file /usr/share/ca-certificates/mozilla/Microsec_e-Szigno_Root_CA_2009.crt is readable (or directory accessible).,-1,Anomalía
2026-09-25,15:30:51,Result,,Result: file '/usr/share/ca-certificates/mozilla/Microsec_e-Szigno_Root_CA_2009.crt' belongs to package (ca-certificates),1,Normal
2026-09-25,15:30:51,Test,,Test: check if we can access /usr/share/ca-certificates/mozilla/Microsoft_ECC_Root_Certificate_Authority_2017.crt (escaped: /usr/share/ca-certificates/mozilla/Microsoft_ECC_Root_Certificate_Authority_2017.crt),-1,Anomalía
2026-09-25,15:30:51,Result,,"Result: file is owned by our current user ID (0), checking if it is readable",1,Normal
2026-09-25,15:30:51,Result,,Result: file /usr/share/ca-certificates/mozilla/Microsoft_ECC_Root_Certificate_Authority_2017.crt is readable (or directory accessible).,-1,Anomalía
2026-09-25,15:30:51,Result,,Result: file '/usr/share/ca-certificates/mozilla/Microsoft_ECC_Root_Certificate_Authority_2017.crt' belongs to package (ca-certificates),1,Normal
2026-09-25,15:30:51,Test,,Test: check if we can access /usr/share/ca-certificates/mozilla/Microsoft_RSA_Root_Certificate_Authority_2017.crt (escaped: /usr/share/ca-certificates/mozilla/Microsoft_RSA_Root_Certificate_Authority_2017.crt),-1,Anomalía
2026-09-25,15:30:51,Result,,"Result: file is owned by our current user ID (0), checking if it is readable",1,Normal
2026-09-25,15:30:51,Result,,Result: file /usr/share/ca-certificates/mozilla/Microsoft_RSA_Root_Certificate_Authority_2017.crt is readable (or directory accessible).,-1,Anomalía
2026-09-25,15:30:51,Result,,Result: file '/usr/share/ca-certificates/mozilla/Microsoft_RSA_Root_Certificate_Authority_2017.crt' belongs to package (ca-certificates),1,Normal
2026-09-25,15:30:51,Test,,Test: check if we can access /usr/share/ca-certificates/mozilla/NAVER_Global_Root_Certification_Authority.crt (escaped: /usr/share/ca-certificates/mozilla/NAVER_Global_Root_Certification_Authority.crt),-1,Anomalía
2026-09-25,15:30:51,Result,,"Result: file is owned by our current user ID (0), checking if it is readable",1,Normal
2026-09-25,15:30:51,Result,,Result: file /usr/share/ca-certificates/mozilla/NAVER_Global_Root_Certification_Authority.crt is readable (or directory accessible).,-1,Anomalía
2026-09-25,15:30:51,Result,,Result: file '/usr/share/ca-certificates/mozilla/NAVER_Global_Root_Certification_Authority.crt' belongs to package (ca-certificates),1,Normal
2026-09-25,15:30:51,Test,,Test: check if we can access /usr/share/ca-certificates/mozilla/NetLock_Arany_=Class_Gold=_Főtanúsítvány.crt (escaped: /usr/share/ca-certificates/mozilla/NetLock_Arany_=Class_Gold=_Főtanúsítvány.crt),-1,Anomalía
2026-09-25,15:30:51,Result,,"Result: file is owned by our current user ID (0), checking if it is readable",1,Normal
2026-09-25,15:30:51,Result,,Result: file /usr/share/ca-certificates/mozilla/NetLock_Arany_=Class_Gold=_Főtanúsítvány.crt is readable (or directory accessible).,-1,Anomalía
2026-09-25,15:30:51,Result,,Result: file '/usr/share/ca-certificates/mozilla/NetLock_Arany_=Class_Gold=_Főtanúsítvány.crt' belongs to package (ca-certificates),1,Normal
2026-09-25,15:30:51,Test,,Test: check if we can access /usr/share/ca-certificates/mozilla/OISTE_Server_Root_ECC_G1.crt (escaped: /usr/share/ca-certificates/mozilla/OISTE_Server_Root_ECC_G1.crt),-1,Anomalía
2026-09-25,15:30:51,Result,,"Result: file is owned by our current user ID (0), checking if it is readable",1,Normal
2026-09-25,15:30:51,Result,,Result: file /usr/share/ca-certificates/mozilla/OISTE_Server_Root_ECC_G1.crt is readable (or directory accessible).,-1,Anomalía
2026-09-25,15:30:52,Result,,Result: file '/usr/share/ca-certificates/mozilla/OISTE_Server_Root_ECC_G1.crt' belongs to package (ca-certificates),1,Normal
2026-09-25,15:30:52,Test,,Test: check if we can access /usr/share/ca-certificates/mozilla/OISTE_Server_Root_RSA_G1.crt (escaped: /usr/share/ca-certificates/mozilla/OISTE_Server_Root_RSA_G1.crt),-1,Anomalía
2026-09-25,15:30:52,Result,,"Result: file is owned by our current user ID (0), checking if it is readable",1,Normal
2026-09-25,15:30:52,Result,,Result: file /usr/share/ca-certificates/mozilla/OISTE_Server_Root_RSA_G1.crt is readable (or directory accessible).,-1,Anomalía
2026-09-25,15:30:52,Result,,Result: file '/usr/share/ca-certificates/mozilla/OISTE_Server_Root_RSA_G1.crt' belongs to package (ca-certificates),1,Normal
2026-09-25,15:30:52,Test,,Test: check if we can access /usr/share/ca-certificates/mozilla/OISTE_WISeKey_Global_Root_GB_CA.crt (escaped: /usr/share/ca-certificates/mozilla/OISTE_WISeKey_Global_Root_GB_CA.crt),-1,Anomalía
2026-09-25,15:30:52,Result,,"Result: file is owned by our current user ID (0), checking if it is readable",1,Normal
2026-09-25,15:30:52,Result,,Result: file /usr/share/ca-certificates/mozilla/OISTE_WISeKey_Global_Root_GB_CA.crt is readable (or directory accessible).,-1,Anomalía
2026-09-25,15:30:52,Result,,Result: file '/usr/share/ca-certificates/mozilla/OISTE_WISeKey_Global_Root_GB_CA.crt' belongs to package (ca-certificates),1,Normal
2026-09-25,15:30:52,Test,,Test: check if we can access /usr/share/ca-certificates/mozilla/OISTE_WISeKey_Global_Root_GC_CA.crt (escaped: /usr/share/ca-certificates/mozilla/OISTE_WISeKey_Global_Root_GC_CA.crt),-1,Anomalía
2026-09-25,15:30:52,Result,,"Result: file is owned by our current user ID (0), checking if it is readable",1,Normal
2026-09-25,15:30:52,Result,,Result: file /usr/share/ca-certificates/mozilla/OISTE_WISeKey_Global_Root_GC_CA.crt is readable (or directory accessible).,-1,Anomalía
2026-09-25,15:30:52,Result,,Result: file '/usr/share/ca-certificates/mozilla/OISTE_WISeKey_Global_Root_GC_CA.crt' belongs to package (ca-certificates),1,Normal
2026-09-25,15:30:52,Test,,Test: check if we can access /usr/share/ca-certificates/mozilla/QuoVadis_Root_CA_1_G3.crt (escaped: /usr/share/ca-certificates/mozilla/QuoVadis_Root_CA_1_G3.crt),-1,Anomalía
2026-09-25,15:30:52,Result,,"Result: file is owned by our current user ID (0), checking if it is readable",1,Normal
2026-09-25,15:30:52,Result,,Result: file /usr/share/ca-certificates/mozilla/QuoVadis_Root_CA_1_G3.crt is readable (or directory accessible).,-1,Anomalía
2026-09-25,15:30:52,Result,,Result: file '/usr/share/ca-certificates/mozilla/QuoVadis_Root_CA_1_G3.crt' belongs to package (ca-certificates),1,Normal
2026-09-25,15:30:52,Test,,Test: check if we can access /usr/share/ca-certificates/mozilla/QuoVadis_Root_CA_2_G3.crt (escaped: /usr/share/ca-certificates/mozilla/QuoVadis_Root_CA_2_G3.crt),-1,Anomalía
2026-09-25,15:30:52,Result,,"Result: file is owned by our current user ID (0), checking if it is readable",1,Normal
2026-09-25,15:30:52,Result,,Result: file /usr/share/ca-certificates/mozilla/QuoVadis_Root_CA_2_G3.crt is readable (or directory accessible).,-1,Anomalía
2026-09-25,15:30:52,Result,,Result: file '/usr/share/ca-certificates/mozilla/QuoVadis_Root_CA_2_G3.crt' belongs to package (ca-certificates),1,Normal
2026-09-25,15:30:52,Test,,Test: check if we can access /usr/share/ca-certificates/mozilla/QuoVadis_Root_CA_3_G3.crt (escaped: /usr/share/ca-certificates/mozilla/QuoVadis_Root_CA_3_G3.crt),-1,Anomalía
2026-09-25,15:30:52,Result,,"Result: file is owned by our current user ID (0), checking if it is readable",1,Normal
2026-09-25,15:30:52,Result,,Result: file /usr/share/ca-certificates/mozilla/QuoVadis_Root_CA_3_G3.crt is readable (or directory accessible).,-1,Anomalía
2026-09-25,15:30:52,Result,,Result: file '/usr/share/ca-certificates/mozilla/QuoVadis_Root_CA_3_G3.crt' belongs to package (ca-certificates),1,Normal
2026-09-25,15:30:53,Test,,Test: check if we can access /usr/share/ca-certificates/mozilla/SSL.com_EV_Root_Certification_Authority_ECC.crt (escaped: /usr/share/ca-certificates/mozilla/SSL.com_EV_Root_Certification_Authority_ECC.crt),-1,Anomalía
2026-09-25,15:30:53,Result,,"Result: file is owned by our current user ID (0), checking if it is readable",1,Normal
2026-09-25,15:30:53,Result,,Result: file /usr/share/ca-certificates/mozilla/SSL.com_EV_Root_Certification_Authority_ECC.crt is readable (or directory accessible).,-1,Anomalía
2026-09-25,15:30:53,Result,,Result: file '/usr/share/ca-certificates/mozilla/SSL.com_EV_Root_Certification_Authority_ECC.crt' belongs to package (ca-certificates),1,Normal
2026-09-25,15:30:53,Test,,Test: check if we can access /usr/share/ca-certificates/mozilla/SSL.com_EV_Root_Certification_Authority_RSA_R2.crt (escaped: /usr/share/ca-certificates/mozilla/SSL.com_EV_Root_Certification_Authority_RSA_R2.crt),-1,Anomalía
2026-09-25,15:30:53,Result,,"Result: file is owned by our current user ID (0), checking if it is readable",1,Normal
2026-09-25,15:30:53,Result,,Result: file /usr/share/ca-certificates/mozilla/SSL.com_EV_Root_Certification_Authority_RSA_R2.crt is readable (or directory accessible).,-1,Anomalía
2026-09-25,15:30:53,Result,,Result: file '/usr/share/ca-certificates/mozilla/SSL.com_EV_Root_Certification_Authority_RSA_R2.crt' belongs to package (ca-certificates),1,Normal
2026-09-25,15:30:53,Test,,Test: check if we can access /usr/share/ca-certificates/mozilla/SSL.com_Root_Certification_Authority_ECC.crt (escaped: /usr/share/ca-certificates/mozilla/SSL.com_Root_Certification_Authority_ECC.crt),-1,Anomalía
2026-09-25,15:30:53,Result,,"Result: file is owned by our current user ID (0), checking if it is readable",1,Normal
2026-09-25,15:30:53,Result,,Result: file /usr/share/ca-certificates/mozilla/SSL.com_Root_Certification_Authority_ECC.crt is readable (or directory accessible).,-1,Anomalía
2026-09-25,15:30:53,Result,,Result: file '/usr/share/ca-certificates/mozilla/SSL.com_Root_Certification_Authority_ECC.crt' belongs to package (ca-certificates),1,Normal
2026-09-25,15:30:53,Test,,Test: check if we can access /usr/share/ca-certificates/mozilla/SSL.com_Root_Certification_Authority_RSA.crt (escaped: /usr/share/ca-certificates/mozilla/SSL.com_Root_Certification_Authority_RSA.crt),-1,Anomalía
2026-09-25,15:30:53,Result,,"Result: file is owned by our current user ID (0), checking if it is readable",1,Normal
2026-09-25,15:30:53,Result,,Result: file /usr/share/ca-certificates/mozilla/SSL.com_Root_Certification_Authority_RSA.crt is readable (or directory accessible).,-1,Anomalía
2026-09-25,15:30:53,Result,,Result: file '/usr/share/ca-certificates/mozilla/SSL.com_Root_Certification_Authority_RSA.crt' belongs to package (ca-certificates),1,Normal
2026-09-25,15:30:53,Test,,Test: check if we can access /usr/share/ca-certificates/mozilla/SSL.com_TLS_ECC_Root_CA_2022.crt (escaped: /usr/share/ca-certificates/mozilla/SSL.com_TLS_ECC_Root_CA_2022.crt),-1,Anomalía
2026-09-25,15:30:53,Result,,"Result: file is owned by our current user ID (0), checking if it is readable",1,Normal
2026-09-25,15:30:53,Result,,Result: file /usr/share/ca-certificates/mozilla/SSL.com_TLS_ECC_Root_CA_2022.crt is readable (or directory accessible).,-1,Anomalía
2026-09-25,15:30:53,Result,,Result: file '/usr/share/ca-certificates/mozilla/SSL.com_TLS_ECC_Root_CA_2022.crt' belongs to package (ca-certificates),1,Normal
2026-09-25,15:30:53,Test,,Test: check if we can access /usr/share/ca-certificates/mozilla/SSL.com_TLS_RSA_Root_CA_2022.crt (escaped: /usr/share/ca-certificates/mozilla/SSL.com_TLS_RSA_Root_CA_2022.crt),-1,Anomalía
2026-09-25,15:30:53,Result,,"Result: file is owned by our current user ID (0), checking if it is readable",1,Normal
2026-09-25,15:30:53,Result,,Result: file /usr/share/ca-certificates/mozilla/SSL.com_TLS_RSA_Root_CA_2022.crt is readable (or directory accessible).,-1,Anomalía
2026-09-25,15:30:53,Result,,Result: file '/usr/share/ca-certificates/mozilla/SSL.com_TLS_RSA_Root_CA_2022.crt' belongs to package (ca-certificates),1,Normal
2026-09-25,15:30:54,Test,,Test: check if we can access /usr/share/ca-certificates/mozilla/SZAFIR_ROOT_CA2.crt (escaped: /usr/share/ca-certificates/mozilla/SZAFIR_ROOT_CA2.crt),-1,Anomalía
2026-09-25,15:30:54,Result,,"Result: file is owned by our current user ID (0), checking if it is readable",1,Normal
2026-09-25,15:30:54,Result,,Result: file /usr/share/ca-certificates/mozilla/SZAFIR_ROOT_CA2.crt is readable (or directory accessible).,-1,Anomalía
2026-09-25,15:30:54,Result,,Result: file '/usr/share/ca-certificates/mozilla/SZAFIR_ROOT_CA2.crt' belongs to package (ca-certificates),1,Normal
2026-09-25,15:30:54,Test,,Test: check if we can access /usr/share/ca-certificates/mozilla/Sectigo_Public_Server_Authentication_Root_E46.crt (escaped: /usr/share/ca-certificates/mozilla/Sectigo_Public_Server_Authentication_Root_E46.crt),-1,Anomalía
2026-09-25,15:30:54,Result,,"Result: file is owned by our current user ID (0), checking if it is readable",1,Normal
2026-09-25,15:30:54,Result,,Result: file /usr/share/ca-certificates/mozilla/Sectigo_Public_Server_Authentication_Root_E46.crt is readable (or directory accessible).,-1,Anomalía
2026-09-25,15:30:54,Result,,Result: file '/usr/share/ca-certificates/mozilla/Sectigo_Public_Server_Authentication_Root_E46.crt' belongs to package (ca-certificates),1,Normal
2026-09-25,15:30:54,Test,,Test: check if we can access /usr/share/ca-certificates/mozilla/Sectigo_Public_Server_Authentication_Root_R46.crt (escaped: /usr/share/ca-certificates/mozilla/Sectigo_Public_Server_Authentication_Root_R46.crt),-1,Anomalía
2026-09-25,15:30:54,Result,,"Result: file is owned by our current user ID (0), checking if it is readable",1,Normal
2026-09-25,15:30:54,Result,,Result: file /usr/share/ca-certificates/mozilla/Sectigo_Public_Server_Authentication_Root_R46.crt is readable (or directory accessible).,-1,Anomalía
2026-09-25,15:30:54,Result,,Result: file '/usr/share/ca-certificates/mozilla/Sectigo_Public_Server_Authentication_Root_R46.crt' belongs to package (ca-certificates),1,Normal
2026-09-25,15:30:54,Test,,Test: check if we can access /usr/share/ca-certificates/mozilla/SecureSign_Root_CA12.crt (escaped: /usr/share/ca-certificates/mozilla/SecureSign_Root_CA12.crt),-1,Anomalía
2026-09-25,15:30:54,Result,,"Result: file is owned by our current user ID (0), checking if it is readable",1,Normal
2026-09-25,15:30:54,Result,,Result: file /usr/share/ca-certificates/mozilla/SecureSign_Root_CA12.crt is readable (or directory accessible).,-1,Anomalía
2026-09-25,15:30:54,Result,,Result: file '/usr/share/ca-certificates/mozilla/SecureSign_Root_CA12.crt' belongs to package (ca-certificates),1,Normal
2026-09-25,15:30:54,Test,,Test: check if we can access /usr/share/ca-certificates/mozilla/SecureSign_Root_CA14.crt (escaped: /usr/share/ca-certificates/mozilla/SecureSign_Root_CA14.crt),-1,Anomalía
2026-09-25,15:30:54,Result,,"Result: file is owned by our current user ID (0), checking if it is readable",1,Normal
2026-09-25,15:30:54,Result,,Result: file /usr/share/ca-certificates/mozilla/SecureSign_Root_CA14.crt is readable (or directory accessible).,-1,Anomalía
2026-09-25,15:30:54,Result,,Result: file '/usr/share/ca-certificates/mozilla/SecureSign_Root_CA14.crt' belongs to package (ca-certificates),1,Normal
2026-09-25,15:30:54,Test,,Test: check if we can access /usr/share/ca-certificates/mozilla/SecureSign_Root_CA15.crt (escaped: /usr/share/ca-certificates/mozilla/SecureSign_Root_CA15.crt),-1,Anomalía
2026-09-25,15:30:54,Result,,"Result: file is owned by our current user ID (0), checking if it is readable",1,Normal
2026-09-25,15:30:54,Result,,Result: file /usr/share/ca-certificates/mozilla/SecureSign_Root_CA15.crt is readable (or directory accessible).,-1,Anomalía
2026-09-25,15:30:54,Result,,Result: file '/usr/share/ca-certificates/mozilla/SecureSign_Root_CA15.crt' belongs to package (ca-certificates),1,Normal
2026-09-25,15:30:55,Test,,Test: check if we can access /usr/share/ca-certificates/mozilla/Security_Communication_ECC_RootCA1.crt (escaped: /usr/share/ca-certificates/mozilla/Security_Communication_ECC_RootCA1.crt),-1,Anomalía
2026-09-25,15:30:55,Result,,"Result: file is owned by our current user ID (0), checking if it is readable",1,Normal
2026-09-25,15:30:55,Result,,Result: file /usr/share/ca-certificates/mozilla/Security_Communication_ECC_RootCA1.crt is readable (or directory accessible).,-1,Anomalía
2026-09-25,15:30:55,Result,,Result: file '/usr/share/ca-certificates/mozilla/Security_Communication_ECC_RootCA1.crt' belongs to package (ca-certificates),1,Normal
2026-09-25,15:30:55,Test,,Test: check if we can access /usr/share/ca-certificates/mozilla/Security_Communication_RootCA2.crt (escaped: /usr/share/ca-certificates/mozilla/Security_Communication_RootCA2.crt),-1,Anomalía
2026-09-25,15:30:55,Result,,"Result: file is owned by our current user ID (0), checking if it is readable",1,Normal
2026-09-25,15:30:55,Result,,Result: file /usr/share/ca-certificates/mozilla/Security_Communication_RootCA2.crt is readable (or directory accessible).,-1,Anomalía
2026-09-25,15:30:55,Result,,Result: file '/usr/share/ca-certificates/mozilla/Security_Communication_RootCA2.crt' belongs to package (ca-certificates),1,Normal
2026-09-25,15:30:55,Test,,Test: check if we can access /usr/share/ca-certificates/mozilla/Starfield_Root_Certificate_Authority_-_G2.crt (escaped: /usr/share/ca-certificates/mozilla/Starfield_Root_Certificate_Authority_-_G2.crt),-1,Anomalía
2026-09-25,15:30:55,Result,,"Result: file is owned by our current user ID (0), checking if it is readable",1,Normal
2026-09-25,15:30:55,Result,,Result: file /usr/share/ca-certificates/mozilla/Starfield_Root_Certificate_Authority_-_G2.crt is readable (or directory accessible).,-1,Anomalía
2026-09-25,15:30:55,Result,,Result: file '/usr/share/ca-certificates/mozilla/Starfield_Root_Certificate_Authority_-_G2.crt' belongs to package (ca-certificates),1,Normal
2026-09-25,15:30:55,Test,,Test: check if we can access /usr/share/ca-certificates/mozilla/Starfield_Services_Root_Certificate_Authority_-_G2.crt (escaped: /usr/share/ca-certificates/mozilla/Starfield_Services_Root_Certificate_Authority_-_G2.crt),-1,Anomalía
2026-09-25,15:30:55,Result,,"Result: file is owned by our current user ID (0), checking if it is readable",1,Normal
2026-09-25,15:30:55,Result,,Result: file /usr/share/ca-certificates/mozilla/Starfield_Services_Root_Certificate_Authority_-_G2.crt is readable (or directory accessible).,-1,Anomalía
2026-09-25,15:30:55,Result,,Result: file '/usr/share/ca-certificates/mozilla/Starfield_Services_Root_Certificate_Authority_-_G2.crt' belongs to package (ca-certificates),1,Normal
2026-09-25,15:30:55,Test,,Test: check if we can access /usr/share/ca-certificates/mozilla/SwissSign_RSA_TLS_Root_CA_2022_-_1.crt (escaped: /usr/share/ca-certificates/mozilla/SwissSign_RSA_TLS_Root_CA_2022_-_1.crt),-1,Anomalía
2026-09-25,15:30:55,Result,,"Result: file is owned by our current user ID (0), checking if it is readable",1,Normal
2026-09-25,15:30:55,Result,,Result: file /usr/share/ca-certificates/mozilla/SwissSign_RSA_TLS_Root_CA_2022_-_1.crt is readable (or directory accessible).,-1,Anomalía
2026-09-25,15:30:55,Result,,Result: file '/usr/share/ca-certificates/mozilla/SwissSign_RSA_TLS_Root_CA_2022_-_1.crt' belongs to package (ca-certificates),1,Normal
2026-09-25,15:30:55,Test,,Test: check if we can access /usr/share/ca-certificates/mozilla/T-TeleSec_GlobalRoot_Class_2.crt (escaped: /usr/share/ca-certificates/mozilla/T-TeleSec_GlobalRoot_Class_2.crt),-1,Anomalía
2026-09-25,15:30:55,Result,,"Result: file is owned by our current user ID (0), checking if it is readable",1,Normal
2026-09-25,15:30:55,Result,,Result: file /usr/share/ca-certificates/mozilla/T-TeleSec_GlobalRoot_Class_2.crt is readable (or directory accessible).,-1,Anomalía
2026-09-25,15:30:56,Result,,Result: file '/usr/share/ca-certificates/mozilla/T-TeleSec_GlobalRoot_Class_2.crt' belongs to package (ca-certificates),1,Normal
2026-09-25,15:30:56,Test,,Test: check if we can access /usr/share/ca-certificates/mozilla/T-TeleSec_GlobalRoot_Class_3.crt (escaped: /usr/share/ca-certificates/mozilla/T-TeleSec_GlobalRoot_Class_3.crt),-1,Anomalía
2026-09-25,15:30:56,Result,,"Result: file is owned by our current user ID (0), checking if it is readable",1,Normal
2026-09-25,15:30:56,Result,,Result: file /usr/share/ca-certificates/mozilla/T-TeleSec_GlobalRoot_Class_3.crt is readable (or directory accessible).,-1,Anomalía
2026-09-25,15:30:56,Result,,Result: file '/usr/share/ca-certificates/mozilla/T-TeleSec_GlobalRoot_Class_3.crt' belongs to package (ca-certificates),1,Normal
2026-09-25,15:30:56,Test,,Test: check if we can access /usr/share/ca-certificates/mozilla/TUBITAK_Kamu_SM_SSL_Kok_Sertifikasi_-_Surum_1.crt (escaped: /usr/share/ca-certificates/mozilla/TUBITAK_Kamu_SM_SSL_Kok_Sertifikasi_-_Surum_1.crt),-1,Anomalía
2026-09-25,15:30:56,Result,,"Result: file is owned by our current user ID (0), checking if it is readable",1,Normal
2026-09-25,15:30:56,Result,,Result: file /usr/share/ca-certificates/mozilla/TUBITAK_Kamu_SM_SSL_Kok_Sertifikasi_-_Surum_1.crt is readable (or directory accessible).,-1,Anomalía
2026-09-25,15:30:56,Result,,Result: file '/usr/share/ca-certificates/mozilla/TUBITAK_Kamu_SM_SSL_Kok_Sertifikasi_-_Surum_1.crt' belongs to package (ca-certificates),1,Normal
2026-09-25,15:30:56,Test,,Test: check if we can access /usr/share/ca-certificates/mozilla/TWCA_CYBER_Root_CA.crt (escaped: /usr/share/ca-certificates/mozilla/TWCA_CYBER_Root_CA.crt),-1,Anomalía
2026-09-25,15:30:56,Result,,"Result: file is owned by our current user ID (0), checking if it is readable",1,Normal
2026-09-25,15:30:56,Result,,Result: file /usr/share/ca-certificates/mozilla/TWCA_CYBER_Root_CA.crt is readable (or directory accessible).,-1,Anomalía
2026-09-25,15:30:56,Result,,Result: file '/usr/share/ca-certificates/mozilla/TWCA_CYBER_Root_CA.crt' belongs to package (ca-certificates),1,Normal
2026-09-25,15:30:56,Test,,Test: check if we can access /usr/share/ca-certificates/mozilla/TWCA_Global_Root_CA.crt (escaped: /usr/share/ca-certificates/mozilla/TWCA_Global_Root_CA.crt),-1,Anomalía
2026-09-25,15:30:56,Result,,"Result: file is owned by our current user ID (0), checking if it is readable",1,Normal
2026-09-25,15:30:56,Result,,Result: file /usr/share/ca-certificates/mozilla/TWCA_Global_Root_CA.crt is readable (or directory accessible).,-1,Anomalía
2026-09-25,15:30:56,Result,,Result: file '/usr/share/ca-certificates/mozilla/TWCA_Global_Root_CA.crt' belongs to package (ca-certificates),1,Normal
2026-09-25,15:30:56,Test,,Test: check if we can access /usr/share/ca-certificates/mozilla/TWCA_Root_Certification_Authority.crt (escaped: /usr/share/ca-certificates/mozilla/TWCA_Root_Certification_Authority.crt),-1,Anomalía
2026-09-25,15:30:56,Result,,"Result: file is owned by our current user ID (0), checking if it is readable",1,Normal
2026-09-25,15:30:56,Result,,Result: file /usr/share/ca-certificates/mozilla/TWCA_Root_Certification_Authority.crt is readable (or directory accessible).,-1,Anomalía
2026-09-25,15:30:56,Result,,Result: file '/usr/share/ca-certificates/mozilla/TWCA_Root_Certification_Authority.crt' belongs to package (ca-certificates),1,Normal
2026-09-25,15:30:56,Test,,Test: check if we can access /usr/share/ca-certificates/mozilla/Telekom_Security_TLS_ECC_Root_2020.crt (escaped: /usr/share/ca-certificates/mozilla/Telekom_Security_TLS_ECC_Root_2020.crt),-1,Anomalía
2026-09-25,15:30:56,Result,,"Result: file is owned by our current user ID (0), checking if it is readable",1,Normal
2026-09-25,15:30:56,Result,,Result: file /usr/share/ca-certificates/mozilla/Telekom_Security_TLS_ECC_Root_2020.crt is readable (or directory accessible).,-1,Anomalía
2026-09-25,15:30:57,Result,,Result: file '/usr/share/ca-certificates/mozilla/Telekom_Security_TLS_ECC_Root_2020.crt' belongs to package (ca-certificates),1,Normal
2026-09-25,15:30:57,Test,,Test: check if we can access /usr/share/ca-certificates/mozilla/Telekom_Security_TLS_RSA_Root_2023.crt (escaped: /usr/share/ca-certificates/mozilla/Telekom_Security_TLS_RSA_Root_2023.crt),-1,Anomalía
2026-09-25,15:30:57,Result,,"Result: file is owned by our current user ID (0), checking if it is readable",1,Normal
2026-09-25,15:30:57,Result,,Result: file /usr/share/ca-certificates/mozilla/Telekom_Security_TLS_RSA_Root_2023.crt is readable (or directory accessible).,-1,Anomalía
2026-09-25,15:30:57,Result,,Result: file '/usr/share/ca-certificates/mozilla/Telekom_Security_TLS_RSA_Root_2023.crt' belongs to package (ca-certificates),1,Normal
2026-09-25,15:30:57,Test,,Test: check if we can access /usr/share/ca-certificates/mozilla/Telia_Root_CA_v2.crt (escaped: /usr/share/ca-certificates/mozilla/Telia_Root_CA_v2.crt),-1,Anomalía
2026-09-25,15:30:57,Result,,"Result: file is owned by our current user ID (0), checking if it is readable",1,Normal
2026-09-25,15:30:57,Result,,Result: file /usr/share/ca-certificates/mozilla/Telia_Root_CA_v2.crt is readable (or directory accessible).,-1,Anomalía
2026-09-25,15:30:57,Result,,Result: file '/usr/share/ca-certificates/mozilla/Telia_Root_CA_v2.crt' belongs to package (ca-certificates),1,Normal
2026-09-25,15:30:57,Test,,Test: check if we can access /usr/share/ca-certificates/mozilla/TrustAsia_Global_Root_CA_G3.crt (escaped: /usr/share/ca-certificates/mozilla/TrustAsia_Global_Root_CA_G3.crt),-1,Anomalía
2026-09-25,15:30:57,Result,,"Result: file is owned by our current user ID (0), checking if it is readable",1,Normal
2026-09-25,15:30:57,Result,,Result: file /usr/share/ca-certificates/mozilla/TrustAsia_Global_Root_CA_G3.crt is readable (or directory accessible).,-1,Anomalía
2026-09-25,15:30:57,Result,,Result: file '/usr/share/ca-certificates/mozilla/TrustAsia_Global_Root_CA_G3.crt' belongs to package (ca-certificates),1,Normal
2026-09-25,15:30:57,Test,,Test: check if we can access /usr/share/ca-certificates/mozilla/TrustAsia_Global_Root_CA_G4.crt (escaped: /usr/share/ca-certificates/mozilla/TrustAsia_Global_Root_CA_G4.crt),-1,Anomalía
2026-09-25,15:30:57,Result,,"Result: file is owned by our current user ID (0), checking if it is readable",1,Normal
2026-09-25,15:30:57,Result,,Result: file /usr/share/ca-certificates/mozilla/TrustAsia_Global_Root_CA_G4.crt is readable (or directory accessible).,-1,Anomalía
2026-09-25,15:30:57,Result,,Result: file '/usr/share/ca-certificates/mozilla/TrustAsia_Global_Root_CA_G4.crt' belongs to package (ca-certificates),1,Normal
2026-09-25,15:30:57,Test,,Test: check if we can access /usr/share/ca-certificates/mozilla/TrustAsia_TLS_ECC_Root_CA.crt (escaped: /usr/share/ca-certificates/mozilla/TrustAsia_TLS_ECC_Root_CA.crt),-1,Anomalía
2026-09-25,15:30:57,Result,,"Result: file is owned by our current user ID (0), checking if it is readable",1,Normal
2026-09-25,15:30:57,Result,,Result: file /usr/share/ca-certificates/mozilla/TrustAsia_TLS_ECC_Root_CA.crt is readable (or directory accessible).,-1,Anomalía
2026-09-25,15:30:57,Result,,Result: file '/usr/share/ca-certificates/mozilla/TrustAsia_TLS_ECC_Root_CA.crt' belongs to package (ca-certificates),1,Normal
2026-09-25,15:30:57,Test,,Test: check if we can access /usr/share/ca-certificates/mozilla/TrustAsia_TLS_RSA_Root_CA.crt (escaped: /usr/share/ca-certificates/mozilla/TrustAsia_TLS_RSA_Root_CA.crt),-1,Anomalía
2026-09-25,15:30:57,Result,,"Result: file is owned by our current user ID (0), checking if it is readable",1,Normal
2026-09-25,15:30:57,Result,,Result: file /usr/share/ca-certificates/mozilla/TrustAsia_TLS_RSA_Root_CA.crt is readable (or directory accessible).,-1,Anomalía
2026-09-25,15:30:58,Result,,Result: file '/usr/share/ca-certificates/mozilla/TrustAsia_TLS_RSA_Root_CA.crt' belongs to package (ca-certificates),1,Normal
2026-09-25,15:30:58,Test,,Test: check if we can access /usr/share/ca-certificates/mozilla/TunTrust_Root_CA.crt (escaped: /usr/share/ca-certificates/mozilla/TunTrust_Root_CA.crt),-1,Anomalía
2026-09-25,15:30:58,Result,,"Result: file is owned by our current user ID (0), checking if it is readable",1,Normal
2026-09-25,15:30:58,Result,,Result: file /usr/share/ca-certificates/mozilla/TunTrust_Root_CA.crt is readable (or directory accessible).,-1,Anomalía
2026-09-25,15:30:58,Result,,Result: file '/usr/share/ca-certificates/mozilla/TunTrust_Root_CA.crt' belongs to package (ca-certificates),1,Normal
2026-09-25,15:30:58,Test,,Test: check if we can access /usr/share/ca-certificates/mozilla/UCA_Extended_Validation_Root.crt (escaped: /usr/share/ca-certificates/mozilla/UCA_Extended_Validation_Root.crt),-1,Anomalía
2026-09-25,15:30:58,Result,,"Result: file is owned by our current user ID (0), checking if it is readable",1,Normal
2026-09-25,15:30:58,Result,,Result: file /usr/share/ca-certificates/mozilla/UCA_Extended_Validation_Root.crt is readable (or directory accessible).,-1,Anomalía
2026-09-25,15:30:58,Result,,Result: file '/usr/share/ca-certificates/mozilla/UCA_Extended_Validation_Root.crt' belongs to package (ca-certificates),1,Normal
2026-09-25,15:30:58,Test,,Test: check if we can access /usr/share/ca-certificates/mozilla/UCA_Global_G2_Root.crt (escaped: /usr/share/ca-certificates/mozilla/UCA_Global_G2_Root.crt),-1,Anomalía
2026-09-25,15:30:58,Result,,"Result: file is owned by our current user ID (0), checking if it is readable",1,Normal
2026-09-25,15:30:58,Result,,Result: file /usr/share/ca-certificates/mozilla/UCA_Global_G2_Root.crt is readable (or directory accessible).,-1,Anomalía
2026-09-25,15:30:58,Result,,Result: file '/usr/share/ca-certificates/mozilla/UCA_Global_G2_Root.crt' belongs to package (ca-certificates),1,Normal
2026-09-25,15:30:58,Test,,Test: check if we can access /usr/share/ca-certificates/mozilla/USERTrust_ECC_Certification_Authority.crt (escaped: /usr/share/ca-certificates/mozilla/USERTrust_ECC_Certification_Authority.crt),-1,Anomalía
2026-09-25,15:30:58,Result,,"Result: file is owned by our current user ID (0), checking if it is readable",1,Normal
2026-09-25,15:30:58,Result,,Result: file /usr/share/ca-certificates/mozilla/USERTrust_ECC_Certification_Authority.crt is readable (or directory accessible).,-1,Anomalía
2026-09-25,15:30:58,Result,,Result: file '/usr/share/ca-certificates/mozilla/USERTrust_ECC_Certification_Authority.crt' belongs to package (ca-certificates),1,Normal
2026-09-25,15:30:58,Test,,Test: check if we can access /usr/share/ca-certificates/mozilla/USERTrust_RSA_Certification_Authority.crt (escaped: /usr/share/ca-certificates/mozilla/USERTrust_RSA_Certification_Authority.crt),-1,Anomalía
2026-09-25,15:30:58,Result,,"Result: file is owned by our current user ID (0), checking if it is readable",1,Normal
2026-09-25,15:30:58,Result,,Result: file /usr/share/ca-certificates/mozilla/USERTrust_RSA_Certification_Authority.crt is readable (or directory accessible).,-1,Anomalía
2026-09-25,15:30:58,Result,,Result: file '/usr/share/ca-certificates/mozilla/USERTrust_RSA_Certification_Authority.crt' belongs to package (ca-certificates),1,Normal
2026-09-25,15:30:58,Test,,Test: check if we can access /usr/share/ca-certificates/mozilla/certSIGN_Root_CA_G2.crt (escaped: /usr/share/ca-certificates/mozilla/certSIGN_Root_CA_G2.crt),-1,Anomalía
2026-09-25,15:30:58,Result,,"Result: file is owned by our current user ID (0), checking if it is readable",1,Normal
2026-09-25,15:30:58,Result,,Result: file /usr/share/ca-certificates/mozilla/certSIGN_Root_CA_G2.crt is readable (or directory accessible).,-1,Anomalía
2026-09-25,15:30:59,Result,,Result: file '/usr/share/ca-certificates/mozilla/certSIGN_Root_CA_G2.crt' belongs to package (ca-certificates),1,Normal
2026-09-25,15:30:59,Test,,Test: check if we can access /usr/share/ca-certificates/mozilla/e-Szigno_Root_CA_2017.crt (escaped: /usr/share/ca-certificates/mozilla/e-Szigno_Root_CA_2017.crt),-1,Anomalía
2026-09-25,15:30:59,Result,,"Result: file is owned by our current user ID (0), checking if it is readable",1,Normal
2026-09-25,15:30:59,Result,,Result: file /usr/share/ca-certificates/mozilla/e-Szigno_Root_CA_2017.crt is readable (or directory accessible).,-1,Anomalía
2026-09-25,15:30:59,Result,,Result: file '/usr/share/ca-certificates/mozilla/e-Szigno_Root_CA_2017.crt' belongs to package (ca-certificates),1,Normal
2026-09-25,15:30:59,Test,,Test: check if we can access /usr/share/ca-certificates/mozilla/e-Szigno_TLS_Root_CA_2023.crt (escaped: /usr/share/ca-certificates/mozilla/e-Szigno_TLS_Root_CA_2023.crt),-1,Anomalía
2026-09-25,15:30:59,Result,,"Result: file is owned by our current user ID (0), checking if it is readable",1,Normal
2026-09-25,15:30:59,Result,,Result: file /usr/share/ca-certificates/mozilla/e-Szigno_TLS_Root_CA_2023.crt is readable (or directory accessible).,-1,Anomalía
2026-09-25,15:30:59,Result,,Result: file '/usr/share/ca-certificates/mozilla/e-Szigno_TLS_Root_CA_2023.crt' belongs to package (ca-certificates),1,Normal
2026-09-25,15:30:59,Test,,Test: check if we can access /usr/share/ca-certificates/mozilla/ePKI_Root_Certification_Authority.crt (escaped: /usr/share/ca-certificates/mozilla/ePKI_Root_Certification_Authority.crt),-1,Anomalía
2026-09-25,15:30:59,Result,,"Result: file is owned by our current user ID (0), checking if it is readable",1,Normal
2026-09-25,15:30:59,Result,,Result: file /usr/share/ca-certificates/mozilla/ePKI_Root_Certification_Authority.crt is readable (or directory accessible).,-1,Anomalía
2026-09-25,15:30:59,Result,,Result: file '/usr/share/ca-certificates/mozilla/ePKI_Root_Certification_Authority.crt' belongs to package (ca-certificates),1,Normal
2026-09-25,15:30:59,Test,,Test: check if we can access /usr/share/ca-certificates/mozilla/emSign_ECC_Root_CA_-_C3.crt (escaped: /usr/share/ca-certificates/mozilla/emSign_ECC_Root_CA_-_C3.crt),-1,Anomalía
2026-09-25,15:30:59,Result,,"Result: file is owned by our current user ID (0), checking if it is readable",1,Normal
2026-09-25,15:30:59,Result,,Result: file /usr/share/ca-certificates/mozilla/emSign_ECC_Root_CA_-_C3.crt is readable (or directory accessible).,-1,Anomalía
2026-09-25,15:30:59,Result,,Result: file '/usr/share/ca-certificates/mozilla/emSign_ECC_Root_CA_-_C3.crt' belongs to package (ca-certificates),1,Normal
2026-09-25,15:30:59,Test,,Test: check if we can access /usr/share/ca-certificates/mozilla/emSign_ECC_Root_CA_-_G3.crt (escaped: /usr/share/ca-certificates/mozilla/emSign_ECC_Root_CA_-_G3.crt),-1,Anomalía
2026-09-25,15:30:59,Result,,"Result: file is owned by our current user ID (0), checking if it is readable",1,Normal
2026-09-25,15:30:59,Result,,Result: file /usr/share/ca-certificates/mozilla/emSign_ECC_Root_CA_-_G3.crt is readable (or directory accessible).,-1,Anomalía
2026-09-25,15:30:59,Result,,Result: file '/usr/share/ca-certificates/mozilla/emSign_ECC_Root_CA_-_G3.crt' belongs to package (ca-certificates),1,Normal
2026-09-25,15:30:59,Test,,Test: check if we can access /usr/share/ca-certificates/mozilla/emSign_Root_CA_-_C1.crt (escaped: /usr/share/ca-certificates/mozilla/emSign_Root_CA_-_C1.crt),-1,Anomalía
2026-09-25,15:30:59,Result,,"Result: file is owned by our current user ID (0), checking if it is readable",1,Normal
2026-09-25,15:30:59,Result,,Result: file /usr/share/ca-certificates/mozilla/emSign_Root_CA_-_C1.crt is readable (or directory accessible).,-1,Anomalía
2026-09-25,15:31:00,Result,,Result: file '/usr/share/ca-certificates/mozilla/emSign_Root_CA_-_C1.crt' belongs to package (ca-certificates),1,Normal
2026-09-25,15:31:00,Test,,Test: check if we can access /usr/share/ca-certificates/mozilla/emSign_Root_CA_-_G1.crt (escaped: /usr/share/ca-certificates/mozilla/emSign_Root_CA_-_G1.crt),-1,Anomalía
2026-09-25,15:31:00,Result,,"Result: file is owned by our current user ID (0), checking if it is readable",-1,Anomalía
2026-09-25,15:31:00,Result,,Result: file /usr/share/ca-certificates/mozilla/emSign_Root_CA_-_G1.crt is readable (or directory accessible).,-1,Anomalía
2026-09-25,15:31:00,Result,,Result: file '/usr/share/ca-certificates/mozilla/emSign_Root_CA_-_G1.crt' belongs to package (ca-certificates),1,Normal
2026-09-25,15:31:00,Test,,Test: check if we can access /usr/share/ca-certificates/mozilla/vTrus_ECC_Root_CA.crt (escaped: /usr/share/ca-certificates/mozilla/vTrus_ECC_Root_CA.crt),-1,Anomalía
2026-09-25,15:31:00,Result,,"Result: file is owned by our current user ID (0), checking if it is readable",-1,Anomalía
2026-09-25,15:31:00,Result,,Result: file /usr/share/ca-certificates/mozilla/vTrus_ECC_Root_CA.crt is readable (or directory accessible).,-1,Anomalía
2026-09-25,15:31:00,Result,,Result: file '/usr/share/ca-certificates/mozilla/vTrus_ECC_Root_CA.crt' belongs to package (ca-certificates),1,Normal
2026-09-25,15:31:00,Test,,Test: check if we can access /usr/share/ca-certificates/mozilla/vTrus_Root_CA.crt (escaped: /usr/share/ca-certificates/mozilla/vTrus_Root_CA.crt),-1,Anomalía
2026-09-25,15:31:00,Result,,"Result: file is owned by our current user ID (0), checking if it is readable",-1,Anomalía
2026-09-25,15:31:00,Result,,Result: file /usr/share/ca-certificates/mozilla/vTrus_Root_CA.crt is readable (or directory accessible).,-1,Anomalía
2026-09-25,15:31:00,Result,,Result: file '/usr/share/ca-certificates/mozilla/vTrus_Root_CA.crt' belongs to package (ca-certificates),1,Normal
2026-09-25,15:31:00,Result,,Result: found 121 certificates in /usr/share/ca-certificates,1,Normal
2026-09-25,15:31:00,Test,,Test: check if we can access /usr/share/gnupg (escaped: /usr/share/gnupg),1,Normal
2026-09-25,15:31:00,Result,,"Result: file is owned by our current user ID (0), checking if it is readable",-1,Anomalía
2026-09-25,15:31:00,Result,,Result: file /usr/share/gnupg is readable (or directory accessible).,1,Normal
2026-09-25,15:31:00,Result,,Result: found directory /usr/share/gnupg,1,Normal
2026-09-25,15:31:00,Result,,Result: found 0 certificates in /usr/share/gnupg,1,Normal
2026-09-25,15:31:00,Result,,Result: SSL path /var/www does not exist,1,Normal
2026-09-25,15:31:00,Result,,Result: SSL path /srv/www does not exist,1,Normal
2026-09-25,15:31:00,Result,,Result: found a total of 127 certificates,1,Normal
2026-09-25,15:31:00,Section Divider,,====,1,Normal
2026-09-25,15:31:00,Test Execution,CRYP-7930,Performing test ID CRYP-7930 (Determine if system uses LUKS block device encryption),1,Normal
2026-09-25,15:31:00,Section Divider,,====,1,Normal
2026-09-25,15:31:00,General,,Skipped test CRYP-7931 (Determine if system uses encrypted swap),1,Normal
2026-09-25,15:31:00,General,,"Reason to skip: Prerequisites not met (ie missing tool, other type of Linux distribution)",-1,Anomalía
2026-09-25,15:31:00,Section Divider,,====,1,Normal
2026-09-25,15:31:00,General,,Skipped test CRYP-7932 (Determine if system has enabled macOS FileVault encryption),1,Normal
2026-09-25,15:31:00,General,,Reason to skip: Incorrect guest OS (macOS only),1,Normal
2026-09-25,15:31:00,Section Divider,,====,1,Normal
2026-09-25,15:31:00,Test Execution,CRYP-8002,Performing test ID CRYP-8002 (Gather available kernel entropy),1,Normal
2026-09-25,15:31:00,Result,,Result: found kernel entropy value of 256,1,Normal
2026-09-25,15:31:00,Section Divider,,====,1,Normal
2026-09-25,15:31:00,Test Execution,CRYP-8004,Performing test ID CRYP-8004 (Presence of hardware random number generators),-1,Anomalía
2026-09-25,15:31:00,Test,,Test: looking for /sys/class/misc/hw_random/rng_current,1,Normal
2026-09-25,15:31:00,Result,,Result: no HW RNG available,1,Normal
2026-09-25,15:31:00,Section Divider,,====,1,Normal
2026-09-25,15:31:01,Test Execution,CRYP-8005,Performing test ID CRYP-8005 (Presence of software pseudo random number generators),-1,Anomalía
2026-09-25,15:31:01,Test,,Test: looking for software pseudo random number generators,1,Normal
2026-09-25,15:31:01,General,,Performing pgrep scan without uid,1,Normal
2026-09-25,15:31:01,General,,IsRunning: process 'audio-entropyd' not found,1,Normal
2026-09-25,15:31:01,General,,Performing pgrep scan without uid,1,Normal
2026-09-25,15:31:01,General,,IsRunning: process 'haveged' not found,1,Normal
2026-09-25,15:31:01,General,,Performing pgrep scan without uid,1,Normal
2026-09-25,15:31:01,General,,IsRunning: process 'jitterentropy-rngd' not found,1,Normal
2026-09-25,15:31:01,Section Divider,,====,1,Normal
2026-09-25,15:31:01,Test Execution,CRYP-8006,Performing test ID CRYP-8006 (MemoryOverwriteRequest-bit set),1,Normal
2026-09-25,15:31:01,Test,,Test: looking for /sys/firmware/efi/efivars/MemoryOverwriteRequestControl-e20939be-32d4-41be-a150-897f85d49829,1,Normal
2026-09-25,15:31:01,Result,,Result: could not find /sys/firmware/efi/efivars/MemoryOverwriteRequestControl-e20939be-32d4-41be-a150-897f85d49829,1,Normal
2026-09-25,15:31:01,General,,Security check: file is normal,1,Normal
2026-09-25,15:31:01,Permission Check,,Checking permissions of /usr/share/lynis/include/tests_virtualization,1,Normal
2026-09-25,15:31:01,General,,File permissions are OK,1,Normal
2026-09-25,15:31:01,Section Divider,,====,1,Normal
2026-09-25,15:31:01,Action,,Action: Performing tests from category: Virtualization,1,Normal
2026-09-25,15:31:01,General,,Security check: file is normal,1,Normal
2026-09-25,15:31:01,Permission Check,,Checking permissions of /usr/share/lynis/include/tests_containers,1,Normal
2026-09-25,15:31:01,General,,File permissions are OK,1,Normal
2026-09-25,15:31:01,Section Divider,,====,1,Normal
2026-09-25,15:31:01,Action,,Action: Performing tests from category: Containers,1,Normal
2026-09-25,15:31:01,Section Divider,,====,1,Normal
2026-09-25,15:31:01,General,,Skipped test CONT-8004 (Query running Solaris zones),1,Normal
2026-09-25,15:31:01,General,,Reason to skip: Incorrect guest OS (Solaris only),1,Normal
2026-09-25,15:31:01,Section Divider,,====,1,Normal
2026-09-25,15:31:01,Test Execution,CONT-8102,Performing test ID CONT-8102 (Checking Docker status and information),1,Normal
2026-09-25,15:31:01,General,,Performing pgrep scan without uid,1,Normal
2026-09-25,15:31:01,General,,IsRunning: process 'dockerd' not found,1,Normal
2026-09-25,15:31:01,Section Divider,,====,1,Normal
2026-09-25,15:31:01,General,,Skipped test CONT-8104 (Checking Docker info for any warnings),1,Normal
2026-09-25,15:31:01,General,,"Reason to skip: Prerequisites not met (ie missing tool, other type of Linux distribution)",-1,Anomalía
2026-09-25,15:31:01,Section Divider,,====,1,Normal
2026-09-25,15:31:01,General,,Skipped test CONT-8106 (Gather basic stats from Docker),1,Normal
2026-09-25,15:31:01,General,,"Reason to skip: Prerequisites not met (ie missing tool, other type of Linux distribution)",-1,Anomalía
2026-09-25,15:31:01,Section Divider,,====,1,Normal
2026-09-25,15:31:01,General,,Skipped test CONT-8107 (Check number of Docker containers),1,Normal
2026-09-25,15:31:01,General,,"Reason to skip: Prerequisites not met (ie missing tool, other type of Linux distribution)",-1,Anomalía
2026-09-25,15:31:01,Section Divider,,====,1,Normal
2026-09-25,15:31:01,General,,Skipped test CONT-8108 (Check file permissions for Docker files),1,Normal
2026-09-25,15:31:01,General,,"Reason to skip: Prerequisites not met (ie missing tool, other type of Linux distribution)",-1,Anomalía
2026-09-25,15:31:01,General,,Security check: file is normal,1,Normal
2026-09-25,15:31:01,Permission Check,,Checking permissions of /usr/share/lynis/include/tests_mac_frameworks,1,Normal
2026-09-25,15:31:01,General,,File permissions are OK,1,Normal
2026-09-25,15:31:01,Section Divider,,====,1,Normal
2026-09-25,15:31:01,Action,,Action: Performing tests from category: Security frameworks,1,Normal
2026-09-25,15:31:01,Section Divider,,====,1,Normal
2026-09-25,15:31:01,Test Execution,MACF-6204,Performing test ID MACF-6204 (Check AppArmor presence),-1,Anomalía
2026-09-25,15:31:02,Result,,"Result: aa-status binary found, AppArmor is installed",1,Normal
2026-09-25,15:31:02,Section Divider,,====,1,Normal
2026-09-25,15:31:02,Test Execution,MACF-6208,Performing test ID MACF-6208 (Check if AppArmor is enabled),1,Normal
2026-09-25,15:31:02,Result,,Result: file /sys/kernel/security/apparmor/profiles is available and readable,1,Normal
2026-09-25,15:31:02,Result,,Result: AppArmor is enabled and a policy is loaded,1,Normal
2026-09-25,15:31:02,General,,Hardening: assigned maximum number of hardening points for this item (3). Currently having 137 points (out of 226),1,Normal
2026-09-25,15:31:02,Result,,Result: Unconfined process: unconfined:1:systemd,1,Normal
2026-09-25,15:31:02,Result,,Result: Unconfined process: unconfined:2:kthreadd,1,Normal
2026-09-25,15:31:02,Result,,Result: Unconfined process: unconfined:377:systemd-journal,1,Normal
2026-09-25,15:31:02,Result,,Result: Unconfined process: unconfined:423:systemd-oomd,1,Normal
2026-09-25,15:31:02,Result,,Result: Unconfined process: unconfined:424:systemd-resolve,1,Normal
2026-09-25,15:31:02,Result,,Result: Unconfined process: unconfined:433:systemd-udevd,1,Normal
2026-09-25,15:31:02,Result,,Result: Unconfined process: unconfined:948:avahi-daemon,1,Normal
2026-09-25,15:31:02,Result,,Result: Unconfined process: unconfined:954:chronyd-starter,1,Normal
2026-09-25,15:31:02,Result,,Result: Unconfined process: unconfined:955:dbus-daemon,1,Normal
2026-09-25,15:31:02,Result,,Result: Unconfined process: unconfined:983:networkd-dispat,1,Normal
2026-09-25,15:31:02,Result,,Result: Unconfined process: unconfined:988:polkitd,1,Normal
2026-09-25,15:31:02,Result,,Result: Unconfined process: unconfined:999:snapd,1,Normal
2026-09-25,15:31:02,Result,,Result: Unconfined process: unconfined:1009:accounts-daemon,1,Normal
2026-09-25,15:31:02,Result,,Result: Unconfined process: unconfined:1013:cron,1,Normal
2026-09-25,15:31:02,Result,,Result: Unconfined process: unconfined:1024:switcheroo-cont,1,Normal
2026-09-25,15:31:02,Result,,Result: Unconfined process: unconfined:1039:systemd-logind,1,Normal
2026-09-25,15:31:02,Result,,Result: Unconfined process: unconfined:1048:udisksd,1,Normal
2026-09-25,15:31:02,Result,,Result: Unconfined process: unconfined:1116:avahi-daemon,1,Normal
2026-09-25,15:31:02,Result,,Result: Unconfined process: unconfined:1236:ModemManager,1,Normal
2026-09-25,15:31:02,Result,,Result: Unconfined process: unconfined:1239:NetworkManager,1,Normal
2026-09-25,15:31:02,Result,,Result: Unconfined process: unconfined:1245:wpa_supplicant,1,Normal
2026-09-25,15:31:02,Result,,Result: Unconfined process: unconfined:1453:unattended-upgr,1,Normal
2026-09-25,15:31:02,Result,,Result: Unconfined process: unconfined:1708:VBoxDRMClient,1,Normal
2026-09-25,15:31:02,Result,,Result: Unconfined process: unconfined:1712:VBoxService,1,Normal
2026-09-25,15:31:02,Result,,Result: Unconfined process: unconfined:1728:gdm3,1,Normal
2026-09-25,15:31:02,Result,,Result: Unconfined process: unconfined:2044:rtkit-daemon,1,Normal
2026-09-25,15:31:02,Result,,Result: Unconfined process: unconfined:2116:power-profiles-,1,Normal
2026-09-25,15:31:02,Result,,Result: Unconfined process: unconfined:2238:colord,1,Normal
2026-09-25,15:31:02,Result,,Result: Unconfined process: unconfined:2268:upowerd,1,Normal
2026-09-25,15:31:02,Result,,Result: Unconfined process: unconfined:3188:gdm-session-wor,1,Normal
2026-09-25,15:31:02,Result,,Result: Unconfined process: unconfined:3692:systemd,1,Normal
2026-09-25,15:31:02,Result,,Result: Unconfined process: unconfined:3701:(sd-pam),1,Normal
2026-09-25,15:31:02,Result,,Result: Unconfined process: unconfined:3736:dbus-daemon,1,Normal
2026-09-25,15:31:02,Result,,Result: Unconfined process: unconfined:3737:pipewire,1,Normal
2026-09-25,15:31:02,Result,,Result: Unconfined process: unconfined:3741:gnome-keyring-d,1,Normal
2026-09-25,15:31:02,Result,,Result: Unconfined process: unconfined:3744:mpris-proxy,1,Normal
2026-09-25,15:31:02,Result,,Result: Unconfined process: unconfined:3755:wireplumber,1,Normal
2026-09-25,15:31:02,Result,,Result: Unconfined process: unconfined:3761:pipewire,1,Normal
2026-09-25,15:31:02,Result,,Result: Unconfined process: unconfined:3762:pipewire-pulse,1,Normal
2026-09-25,15:31:02,Result,,Result: Unconfined process: unconfined:3793:gdm-wayland-ses,1,Normal
2026-09-25,15:31:02,Result,,Result: Unconfined process: unconfined:3821:gnome-session-i,1,Normal
2026-09-25,15:31:02,Result,,Result: Unconfined process: unconfined:3941:xdg-document-po,1,Normal
2026-09-25,15:31:02,Result,,Result: Unconfined process: unconfined:3952:xdg-permission-,1,Normal
2026-09-25,15:31:02,Result,,Result: Unconfined process: unconfined:4038:gcr-ssh-agent,1,Normal
2026-09-25,15:31:02,Result,,Result: Unconfined process: unconfined:4039:gnome-session-c,1,Normal
2026-09-25,15:31:02,Result,,Result: Unconfined process: unconfined:4040:ssh-agent,1,Normal
2026-09-25,15:31:02,Result,,Result: Unconfined process: unconfined:4058:gvfsd,1,Normal
2026-09-25,15:31:02,Result,,Result: Unconfined process: unconfined:4065:gvfsd-fuse,1,Normal
2026-09-25,15:31:02,Result,,Result: Unconfined process: unconfined:4072:gnome-session-s,1,Normal
2026-09-25,15:31:02,Result,,Result: Unconfined process: unconfined:4080:gnome-shell,1,Normal
2026-09-25,15:31:02,Result,,Result: Unconfined process: unconfined:4226:at-spi-bus-laun,1,Normal
2026-09-25,15:31:02,Result,,Result: Unconfined process: unconfined:4246:dbus-daemon,1,Normal
2026-09-25,15:31:02,Result,,Result: Unconfined process: unconfined:4295:at-spi2-registr,1,Normal
2026-09-25,15:31:02,Result,,Result: Unconfined process: unconfined:4322:gnome-shell-cal,1,Normal
2026-09-25,15:31:02,Result,,Result: Unconfined process: unconfined:4342:evolution-sourc,1,Normal
2026-09-25,15:31:02,Result,,Result: Unconfined process: unconfined:4346:gjs,1,Normal
2026-09-25,15:31:02,Result,,Result: Unconfined process: unconfined:4357:ibus-daemon,1,Normal
2026-09-25,15:31:02,Result,,Result: Unconfined process: unconfined:4361:gsd-a11y-settin,1,Normal
2026-09-25,15:31:02,Result,,Result: Unconfined process: unconfined:4362:gsd-color,1,Normal
2026-09-25,15:31:02,Result,,Result: Unconfined process: unconfined:4366:gsd-datetime,1,Normal
2026-09-25,15:31:02,Result,,Result: Unconfined process: unconfined:4368:gsd-housekeepin,1,Normal
2026-09-25,15:31:02,Result,,Result: Unconfined process: unconfined:4369:gsd-keyboard,1,Normal
2026-09-25,15:31:02,Result,,Result: Unconfined process: unconfined:4371:gsd-media-keys,1,Normal
2026-09-25,15:31:02,Result,,Result: Unconfined process: unconfined:4372:gsd-power,1,Normal
2026-09-25,15:31:02,Result,,Result: Unconfined process: unconfined:4373:gsd-print-notif,1,Normal
2026-09-25,15:31:02,Result,,Result: Unconfined process: unconfined:4374:gsd-rfkill,1,Normal
2026-09-25,15:31:02,Result,,Result: Unconfined process: unconfined:4375:gsd-screensaver,1,Normal
2026-09-25,15:31:02,Result,,Result: Unconfined process: unconfined:4380:gsd-sharing,1,Normal
2026-09-25,15:31:02,Result,,Result: Unconfined process: unconfined:4381:gsd-smartcard,1,Normal
2026-09-25,15:31:02,Result,,Result: Unconfined process: unconfined:4385:gsd-sound,1,Normal
2026-09-25,15:31:02,Result,,Result: Unconfined process: unconfined:4386:gsd-usb-protect,1,Normal
2026-09-25,15:31:02,Result,,Result: Unconfined process: unconfined:4395:gsd-wwan,1,Normal
2026-09-25,15:31:02,Result,,Result: Unconfined process: unconfined:4414:evolution-alarm,1,Normal
2026-09-25,15:31:02,Result,,Result: Unconfined process: unconfined:4441:gsd-disk-utilit,1,Normal
2026-09-25,15:31:02,Result,,Result: Unconfined process: unconfined:4500:update-notifier,1,Normal
2026-09-25,15:31:02,Result,,Result: Unconfined process: unconfined:4523:ibus-memconf,1,Normal
2026-09-25,15:31:02,Result,,Result: Unconfined process: unconfined:4524:ibus-extension-,1,Normal
2026-09-25,15:31:02,Result,,Result: Unconfined process: unconfined:4529:ibus-portal,1,Normal
2026-09-25,15:31:02,Result,,Result: Unconfined process: unconfined:4551:Xwayland,1,Normal
2026-09-25,15:31:02,Result,,Result: Unconfined process: unconfined:4557:gsd-printer,1,Normal
2026-09-25,15:31:02,Result,,Result: Unconfined process: unconfined:4561:gjs,1,Normal
2026-09-25,15:31:02,Result,,Result: Unconfined process: unconfined:4566:localsearch-3,1,Normal
2026-09-25,15:31:02,Result,,Result: Unconfined process: unconfined:4568:xdg-desktop-por,1,Normal
2026-09-25,15:31:02,Result,,Result: Unconfined process: unconfined:4644:xdg-desktop-por,1,Normal
2026-09-25,15:31:02,Result,,Result: Unconfined process: unconfined:4646:goa-daemon,1,Normal
2026-09-25,15:31:02,Result,,Result: Unconfined process: unconfined:4647:gvfs-udisks2-vo,1,Normal
2026-09-25,15:31:02,Result,,Result: Unconfined process: unconfined:4660:goa-identity-se,1,Normal
2026-09-25,15:31:02,Result,,Result: Unconfined process: unconfined:4668:gvfs-goa-volume,1,Normal
2026-09-25,15:31:02,Result,,Result: Unconfined process: unconfined:4676:evolution-calen,1,Normal
2026-09-25,15:31:02,Result,,Result: Unconfined process: unconfined:4678:gvfs-afc-volume,1,Normal
2026-09-25,15:31:02,Result,,Result: Unconfined process: unconfined:4687:gvfs-gphoto2-vo,1,Normal
2026-09-25,15:31:02,Result,,Result: Unconfined process: unconfined:4692:gvfs-mtp-volume,1,Normal
2026-09-25,15:31:02,Result,,Result: Unconfined process: unconfined:4705:evolution-addre,1,Normal
2026-09-25,15:31:02,Result,,Result: Unconfined process: unconfined:4727:ibus-engine-sim,1,Normal
2026-09-25,15:31:02,Result,,Result: Unconfined process: unconfined:4912:gvfsd-metadata,1,Normal
2026-09-25,15:31:02,Result,,Result: Unconfined process: unconfined:5021:dconf-service,1,Normal
2026-09-25,15:31:02,Result,,Result: Unconfined process: unconfined:5058:gsd-xsettings,1,Normal
2026-09-25,15:31:02,Result,,Result: Unconfined process: unconfined:5119:gvfsd-trash,1,Normal
2026-09-25,15:31:02,Result,,Result: Unconfined process: unconfined:5206:mutter-x11-fram,1,Normal
2026-09-25,15:31:02,Result,,Result: Unconfined process: unconfined:5210:VBoxClient,1,Normal
2026-09-25,15:31:02,Result,,Result: Unconfined process: unconfined:5212:VBoxClient,1,Normal
2026-09-25,15:31:02,Result,,Result: Unconfined process: unconfined:5249:ibus-x11,1,Normal
2026-09-25,15:31:02,Result,,Result: Unconfined process: unconfined:5288:VBoxClient,1,Normal
2026-09-25,15:31:02,Result,,Result: Unconfined process: unconfined:5290:VBoxClient,1,Normal
2026-09-25,15:31:02,Result,,Result: Unconfined process: unconfined:5339:xdg-desktop-por,1,Normal
2026-09-25,15:31:02,Result,,Result: Unconfined process: unconfined:5614:ptyxis,1,Normal
2026-09-25,15:31:02,Result,,Result: Unconfined process: unconfined:5621:ptyxis-agent,1,Normal
2026-09-25,15:31:02,Result,,Result: Unconfined process: unconfined:5657:bash,1,Normal
2026-09-25,15:31:03,Result,,Result: Unconfined process: unconfined:6193:fwupd,1,Normal
2026-09-25,15:31:03,Result,,Result: Unconfined process: unconfined:7254:sudo,1,Normal
2026-09-25,15:31:03,Result,,Result: Unconfined process: unconfined:7257:sudo,1,Normal
2026-09-25,15:31:03,Result,,Result: Unconfined process: unconfined:7258:instalar_lynis.,1,Normal
2026-09-25,15:31:03,Result,,Result: Unconfined process: unconfined:7325:packagekitd,1,Normal
2026-09-25,15:31:03,Result,,Result: Unconfined process: unconfined:9916:lynis,1,Normal
2026-09-25,15:31:03,Result,,Result: Unconfined process: unconfined:48887:lynis,1,Normal
2026-09-25,15:31:03,Result,,Result: Unconfined process: unconfined:48888:ps,1,Normal
2026-09-25,15:31:03,Result,,Result: Unconfined process: unconfined:48889:grep,1,Normal
2026-09-25,15:31:03,Result,,Result: Unconfined process: unconfined:48890:tr,1,Normal
2026-09-25,15:31:03,Section Divider,,====,1,Normal
2026-09-25,15:31:03,Test Execution,MACF-6232,Performing test ID MACF-6232 (Check SELINUX presence),-1,Anomalía
2026-09-25,15:31:03,Test,,Test: checking if we have sestatus binary,1,Normal
2026-09-25,15:31:03,Result,,Result: sestatus binary NOT found,1,Normal
2026-09-25,15:31:03,Section Divider,,====,1,Normal
2026-09-25,15:31:03,General,,Skipped test MACF-6234 (Check SELINUX status),1,Normal
2026-09-25,15:31:03,General,,"Reason to skip: Prerequisites not met (ie missing tool, other type of Linux distribution)",-1,Anomalía
2026-09-25,15:31:03,Section Divider,,====,1,Normal
2026-09-25,15:31:03,Test Execution,MACF-6240,Performing test ID MACF-6240 (Check TOMOYO Linux presence),-1,Anomalía
2026-09-25,15:31:03,Test,,Test: checking if we have tomoyo-init binary,1,Normal
2026-09-25,15:31:03,Result,,Result: tomoyo-init binary not found,1,Normal
2026-09-25,15:31:03,Section Divider,,====,1,Normal
2026-09-25,15:31:03,General,,Skipped test MACF-6242 (Check TOMOYO Linux status),1,Normal
2026-09-25,15:31:03,General,,"Reason to skip: Prerequisites not met (ie missing tool, other type of Linux distribution)",-1,Anomalía
2026-09-25,15:31:03,Section Divider,,====,1,Normal
2026-09-25,15:31:03,Test Execution,RBAC-6272,Performing test ID RBAC-6272 (Check grsecurity presence),-1,Anomalía
2026-09-25,15:31:03,Result,,Result: no grsecurity found in kernel config,1,Normal
2026-09-25,15:31:03,Section Divider,,====,1,Normal
2026-09-25,15:31:03,Test Execution,MACF-6290,Performing test ID MACF-6290 (Check for implemented MAC framework),1,Normal
2026-09-25,15:31:03,General,,Hardening: assigned maximum number of hardening points for this item (3). Currently having 140 points (out of 229),1,Normal
2026-09-25,15:31:03,Result,,Result: found implemented MAC framework,1,Normal
2026-09-25,15:31:03,General,,Security check: file is normal,1,Normal
2026-09-25,15:31:03,Permission Check,,Checking permissions of /usr/share/lynis/include/tests_file_integrity,1,Normal
2026-09-25,15:31:03,General,,File permissions are OK,1,Normal
2026-09-25,15:31:03,Section Divider,,====,1,Normal
2026-09-25,15:31:03,Action,,Action: Performing tests from category: Software: file integrity,1,Normal
2026-09-25,15:31:03,Section Divider,,====,1,Normal
2026-09-25,15:31:03,Test Execution,FINT-4310,Performing test ID FINT-4310 (AFICK availability),1,Normal
2026-09-25,15:31:03,Test,,Test: Checking AFICK binary,1,Normal
2026-09-25,15:31:03,Result,,Result: AFICK is not installed,1,Normal
2026-09-25,15:31:03,Section Divider,,====,1,Normal
2026-09-25,15:31:03,Test Execution,FINT-4314,Performing test ID FINT-4314 (AIDE availability),1,Normal
2026-09-25,15:31:03,Test,,Test: Checking AIDE binary,1,Normal
2026-09-25,15:31:03,Result,,Result: AIDE is not installed,1,Normal
2026-09-25,15:31:03,Section Divider,,====,1,Normal
2026-09-25,15:31:03,General,,Skipped test FINT-4315 (Check AIDE configuration file),1,Normal
2026-09-25,15:31:03,General,,"Reason to skip: Prerequisites not met (ie missing tool, other type of Linux distribution)",-1,Anomalía
2026-09-25,15:31:03,Section Divider,,====,1,Normal
2026-09-25,15:31:03,General,,Skipped test FINT-4316 (Presence of AIDE database and size check),1,Normal
2026-09-25,15:31:03,General,,"Reason to skip: Prerequisites not met (ie missing tool, other type of Linux distribution)",-1,Anomalía
2026-09-25,15:31:03,Section Divider,,====,1,Normal
2026-09-25,15:31:03,Test Execution,FINT-4318,Performing test ID FINT-4318 (Osiris availability),1,Normal
2026-09-25,15:31:03,Test,,Test: Checking Osiris binary,1,Normal
2026-09-25,15:31:03,Result,,Result: Osiris is not installed,1,Normal
2026-09-25,15:31:03,Section Divider,,====,1,Normal
2026-09-25,15:31:03,Test Execution,FINT-4322,Performing test ID FINT-4322 (Samhain availability),1,Normal
2026-09-25,15:31:03,Test,,Test: Checking Samhain binary,1,Normal
2026-09-25,15:31:03,Result,,Result: Samhain is not installed,1,Normal
2026-09-25,15:31:03,Section Divider,,====,1,Normal
2026-09-25,15:31:03,Test Execution,FINT-4326,Performing test ID FINT-4326 (Tripwire availability),1,Normal
2026-09-25,15:31:04,Test,,Test: Checking Tripwire binary,1,Normal
2026-09-25,15:31:04,Result,,Result: Tripwire is not installed,1,Normal
2026-09-25,15:31:04,Section Divider,,====,1,Normal
2026-09-25,15:31:04,Test Execution,FINT-4328,Performing test ID FINT-4328 (OSSEC syscheck daemon running),1,Normal
2026-09-25,15:31:04,Test,,Test: Checking if OSSEC syscheck daemon is running,1,Normal
2026-09-25,15:31:04,General,,Performing pgrep scan without uid,1,Normal
2026-09-25,15:31:04,General,,IsRunning: process 'ossec-syscheckd' not found,1,Normal
2026-09-25,15:31:04,Result,,Result: syscheck (OSSEC) is not active,1,Normal
2026-09-25,15:31:04,Section Divider,,====,1,Normal
2026-09-25,15:31:04,Test Execution,FINT-4330,Performing test ID FINT-4330 (mtree availability),1,Normal
2026-09-25,15:31:04,Test,,Test: Checking mtree binary,1,Normal
2026-09-25,15:31:04,Result,,Result: mtree is not installed,1,Normal
2026-09-25,15:31:04,Section Divider,,====,1,Normal
2026-09-25,15:31:04,General,,Skipped test FINT-4334 (Check lfd daemon status),1,Normal
2026-09-25,15:31:04,General,,"Reason to skip: Prerequisites not met (ie missing tool, other type of Linux distribution)",-1,Anomalía
2026-09-25,15:31:04,Section Divider,,====,1,Normal
2026-09-25,15:31:04,General,,Skipped test FINT-4336 (Check lfd configuration status),1,Normal
2026-09-25,15:31:04,General,,"Reason to skip: Prerequisites not met (ie missing tool, other type of Linux distribution)",-1,Anomalía
2026-09-25,15:31:04,Section Divider,,====,1,Normal
2026-09-25,15:31:04,Test Execution,FINT-4338,Performing test ID FINT-4338 (osqueryd syscheck daemon running),1,Normal
2026-09-25,15:31:04,Test,,Test: Checking if osqueryd syscheck daemon is running,1,Normal
2026-09-25,15:31:04,General,,Performing pgrep scan without uid,1,Normal
2026-09-25,15:31:04,General,,IsRunning: process 'osqueryd' not found,1,Normal
2026-09-25,15:31:04,Result,,Result: syscheck (osquery) not installed,1,Normal
2026-09-25,15:31:04,Section Divider,,====,1,Normal
2026-09-25,15:31:04,General,,Skipped test FINT-4339 (Check IMA/EVM status),1,Normal
2026-09-25,15:31:04,General,,Reason to skip: No evmctl binary found,1,Normal
2026-09-25,15:31:04,Section Divider,,====,1,Normal
2026-09-25,15:31:04,General,,Skipped test FINT-4340 (Check dm-integrity status),1,Normal
2026-09-25,15:31:04,General,,Reason to skip: No integritysetup binary found,1,Normal
2026-09-25,15:31:04,Section Divider,,====,1,Normal
2026-09-25,15:31:04,General,,Skipped test FINT-4341 (Check dm-verity status),1,Normal
2026-09-25,15:31:04,General,,Reason to skip: No veritysetup binary found,1,Normal
2026-09-25,15:31:04,Section Divider,,====,1,Normal
2026-09-25,15:31:04,Test Execution,FINT-4344,Performing test ID FINT-4344 (Wazuh syscheck daemon running),1,Normal
2026-09-25,15:31:04,Test,,Test: Checking if Wazuh syscheck daemon is running,1,Normal
2026-09-25,15:31:04,General,,Performing pgrep scan without uid,1,Normal
2026-09-25,15:31:04,General,,IsRunning: process 'wazuh-syscheckd' not found,1,Normal
2026-09-25,15:31:04,Result,,Result: syscheck (Wazuh) is not active,1,Normal
2026-09-25,15:31:04,Section Divider,,====,1,Normal
2026-09-25,15:31:04,General,,Skipped test FINT-4402 (AIDE configuration: Checksums (SHA256 or SHA512)),1,Normal
2026-09-25,15:31:04,General,,"Reason to skip: Prerequisites not met (ie missing tool, other type of Linux distribution)",-1,Anomalía
2026-09-25,15:31:04,Section Divider,,====,1,Normal
2026-09-25,15:31:04,Test Execution,FINT-4350,Performing test ID FINT-4350 (File integrity software installed),1,Normal
2026-09-25,15:31:04,Test,,Test: Check if at least on file integrity tool is available/installed,1,Normal
2026-09-25,15:31:04,Result,,Result: No file integrity tools found,1,Normal
2026-09-25,15:31:04,General,,Suggestion: Install a file integrity tool to monitor changes to critical and sensitive files [test:FINT-4350] [details:-] [solution:-],1,Normal
2026-09-25,15:31:04,General,,Hardening: assigned partial number of hardening points (0 of 5). Currently having 140 points (out of 234),1,Normal
2026-09-25,15:31:04,General,,Security check: file is normal,1,Normal
2026-09-25,15:31:04,Permission Check,,Checking permissions of /usr/share/lynis/include/tests_tooling,1,Normal
2026-09-25,15:31:04,General,,File permissions are OK,1,Normal
2026-09-25,15:31:04,Section Divider,,====,1,Normal
2026-09-25,15:31:04,Action,,Action: Performing tests from category: Software: System tooling,1,Normal
2026-09-25,15:31:04,Section Divider,,====,1,Normal
2026-09-25,15:31:04,Test Execution,TOOL-5002,Performing test ID TOOL-5002 (Checking for automation tools),1,Normal
2026-09-25,15:31:04,Test,,Test: checking if directory /root/.ansible exists,1,Normal
2026-09-25,15:31:04,Result,,Result: directory /root/.ansible NOT found,1,Normal
2026-09-25,15:31:04,Test,,Test: checking if directory /etc/ansible exists,1,Normal
2026-09-25,15:31:04,Result,,Result: directory /etc/ansible NOT found,1,Normal
2026-09-25,15:31:05,Test,,Test: checking if directory /root/.ansible exists,1,Normal
2026-09-25,15:31:05,Result,,Result: directory /root/.ansible NOT found,1,Normal
2026-09-25,15:31:05,Test,,Test: checking if directory /tmp/.ansible exists,1,Normal
2026-09-25,15:31:05,Result,,Result: directory /tmp/.ansible NOT found,1,Normal
2026-09-25,15:31:05,Test,,Test: checking if file /var/log/ansible.log exists,1,Normal
2026-09-25,15:31:05,Result,,Result: file /var/log/ansible.log NOT found,1,Normal
2026-09-25,15:31:05,Test,,Test: checking if file ~/.ansible-retry exists,1,Normal
2026-09-25,15:31:05,Result,,Result: file ~/.ansible-retry NOT found,1,Normal
2026-09-25,15:31:05,General,,Performing pgrep scan without uid,1,Normal
2026-09-25,15:31:05,General,,IsRunning: process 'puppet master' not found,1,Normal
2026-09-25,15:31:05,General,,Suggestion: Determine if automation tools are present for system management [test:TOOL-5002] [details:-] [solution:-],1,Normal
2026-09-25,15:31:05,Section Divider,,====,1,Normal
2026-09-25,15:31:05,Test Execution,TOOL-5102,Performing test ID TOOL-5102 (Check for presence of Fail2ban),-1,Anomalía
2026-09-25,15:31:05,Result,,Result: Fail2ban not present (fail2ban-server not found),1,Normal
2026-09-25,15:31:05,General,,Checking Fail2ban configuration file,1,Normal
2026-09-25,15:31:05,Section Divider,,====,1,Normal
2026-09-25,15:31:05,General,,Skipped test TOOL-5104 (Enabled tests in Fail2ban),1,Normal
2026-09-25,15:31:05,General,,"Reason to skip: Prerequisites not met (ie missing tool, other type of Linux distribution)",-1,Anomalía
2026-09-25,15:31:05,Section Divider,,====,1,Normal
2026-09-25,15:31:05,Test Execution,TOOL-5120,Performing test ID TOOL-5120 (Check for presence of Snort),-1,Anomalía
2026-09-25,15:31:05,General,,Performing pgrep scan without uid,1,Normal
2026-09-25,15:31:05,General,,IsRunning: process 'snort' not found,1,Normal
2026-09-25,15:31:05,Result,,Result: Snort not present (Snort not running),1,Normal
2026-09-25,15:31:05,Section Divider,,====,1,Normal
2026-09-25,15:31:05,Test Execution,TOOL-5122,Performing test ID TOOL-5122 (Check Snort configuration file),1,Normal
2026-09-25,15:31:05,Section Divider,,====,1,Normal
2026-09-25,15:31:05,Test Execution,TOOL-5130,Performing test ID TOOL-5130 (Check for active Suricata daemon),1,Normal
2026-09-25,15:31:05,Result,,Result: Suricata not installed (suricata not found),1,Normal
2026-09-25,15:31:05,Section Divider,,====,1,Normal
2026-09-25,15:31:05,Test Execution,TOOL-5126,Performing test ID TOOL-5126 (Check for active OSSEC daemon),1,Normal
2026-09-25,15:31:05,General,,Performing pgrep scan without uid,1,Normal
2026-09-25,15:31:05,General,,IsRunning: process 'ossec-analysisd' not found,1,Normal
2026-09-25,15:31:05,Result,,Result: OSSEC analysis daemon not active,1,Normal
2026-09-25,15:31:05,General,,Performing pgrep scan without uid,1,Normal
2026-09-25,15:31:05,General,,IsRunning: process 'ossec-agentd' not found,1,Normal
2026-09-25,15:31:05,Result,,Result: OSSEC agent daemon not active,1,Normal
2026-09-25,15:31:05,Section Divider,,====,1,Normal
2026-09-25,15:31:05,Test Execution,TOOL-5128,Performing test ID TOOL-5128 (Check for active Wazuh daemon),1,Normal
2026-09-25,15:31:05,General,,Performing pgrep scan without uid,1,Normal
2026-09-25,15:31:05,General,,IsRunning: process 'wazuh-analysisd' not found,1,Normal
2026-09-25,15:31:05,Result,,Result: Wazuh analysis daemon not active,1,Normal
2026-09-25,15:31:05,General,,Performing pgrep scan without uid,1,Normal
2026-09-25,15:31:05,General,,IsRunning: process 'wazuh-agentd' not found,1,Normal
2026-09-25,15:31:05,Result,,Result: Wazuh agent daemon not active,1,Normal
2026-09-25,15:31:05,Section Divider,,====,1,Normal
2026-09-25,15:31:05,Test Execution,TOOL-5190,Performing test ID TOOL-5190 (Check presence of IDS/IPS tool),-1,Anomalía
2026-09-25,15:31:05,General,,Hardening: assigned partial number of hardening points (0 of 2). Currently having 140 points (out of 236),1,Normal
2026-09-25,15:31:05,General,,Security check: file is normal,1,Normal
2026-09-25,15:31:05,Permission Check,,Checking permissions of /usr/share/lynis/include/tests_malware,1,Normal
2026-09-25,15:31:05,General,,File permissions are OK,1,Normal
2026-09-25,15:31:05,Section Divider,,====,1,Normal
2026-09-25,15:31:05,Action,,Action: Performing tests from category: Software: Malware,1,Normal
2026-09-25,15:31:05,Section Divider,,====,1,Normal
2026-09-25,15:31:05,Test Execution,MALW-3274,Performing test ID MALW-3274 (Check for McAfee VirusScan Command Line),1,Normal
2026-09-25,15:31:05,Test,,Test: checking presence McAfee VirusScan for Command Line,1,Normal
2026-09-25,15:31:05,Section Divider,,====,1,Normal
2026-09-25,15:31:05,Test Execution,MALW-3275,Performing test ID MALW-3275 (Check for chkrootkit),1,Normal
2026-09-25,15:31:05,Test,,Test: checking presence chkrootkit,1,Normal
2026-09-25,15:31:05,Result,,Result: chkrootkit not found,1,Normal
2026-09-25,15:31:05,Section Divider,,====,1,Normal
2026-09-25,15:31:06,Test Execution,MALW-3276,Performing test ID MALW-3276 (Check for Rootkit Hunter),1,Normal
2026-09-25,15:31:06,Test,,Test: checking presence Rootkit Hunter,1,Normal
2026-09-25,15:31:06,Result,,Result: Rootkit Hunter not found,1,Normal
2026-09-25,15:31:06,Section Divider,,====,1,Normal
2026-09-25,15:31:06,Test Execution,MALW-3278,Performing test ID MALW-3278 (Check for LMD),1,Normal
2026-09-25,15:31:06,Test,,Test: checking presence LMD,1,Normal
2026-09-25,15:31:06,Result,,Result: LMD not found,1,Normal
2026-09-25,15:31:06,Section Divider,,====,1,Normal
2026-09-25,15:31:06,Test Execution,MALW-3280,Performing test ID MALW-3280 (Check if anti-virus tool is installed),1,Normal
2026-09-25,15:31:06,Test,,Test: checking process com.avast.daemon,1,Normal
2026-09-25,15:31:06,General,,Performing pgrep scan without uid,1,Normal
2026-09-25,15:31:06,General,,IsRunning: process 'com.avast.daemon' not found,1,Normal
2026-09-25,15:31:06,Test,,Test: checking process Avira daemon,1,Normal
2026-09-25,15:31:06,General,,Performing pgrep scan without uid,1,Normal
2026-09-25,15:31:06,General,,IsRunning: process 'avqmd' not found,1,Normal
2026-09-25,15:31:06,Test,,Test: checking process Bitdefender daemon,1,Normal
2026-09-25,15:31:06,General,,Performing pgrep scan without uid,1,Normal
2026-09-25,15:31:06,General,,IsRunning: process 'bdagentd' not found,1,Normal
2026-09-25,15:31:06,General,,Performing pgrep scan without uid,1,Normal
2026-09-25,15:31:06,General,,IsRunning: process 'epagd' not found,1,Normal
2026-09-25,15:31:06,General,,Performing pgrep scan without uid,1,Normal
2026-09-25,15:31:06,General,,IsRunning: process 'bdsecd' not found,1,Normal
2026-09-25,15:31:06,Test,,Test: checking process falcon-sensor (CrowdStrike),1,Normal
2026-09-25,15:31:06,General,,Performing pgrep scan without uid,1,Normal
2026-09-25,15:31:06,General,,IsRunning: process 'falcon-sensor' not found,1,Normal
2026-09-25,15:31:06,Test,,Test: checking process CylanceSvc,1,Normal
2026-09-25,15:31:06,General,,Performing pgrep scan without uid,1,Normal
2026-09-25,15:31:06,General,,IsRunning: process 'CylanceSvc' not found,1,Normal
2026-09-25,15:31:06,Test,,Test: checking process esets_daemon or oaeventd (ESET),1,Normal
2026-09-25,15:31:06,General,,Performing pgrep scan without uid,1,Normal
2026-09-25,15:31:06,General,,IsRunning: process 'esets_daemon' not found,1,Normal
2026-09-25,15:31:06,General,,Performing pgrep scan without uid,1,Normal
2026-09-25,15:31:06,General,,IsRunning: process 'oaeventd' not found,1,Normal
2026-09-25,15:31:06,Test,,Test: checking process wdserver or klnagent (Kaspersky),1,Normal
2026-09-25,15:31:06,General,,Performing pgrep scan without uid,1,Normal
2026-09-25,15:31:06,General,,IsRunning: process 'klnagent' not found,1,Normal
2026-09-25,15:31:06,Test,,Test: checking process cma or cmdagent (McAfee),1,Normal
2026-09-25,15:31:06,General,,Performing pgrep scan without uid,1,Normal
2026-09-25,15:31:06,General,,IsRunning: process 'cmdagent' not found,1,Normal
2026-09-25,15:31:06,General,,Text: checking process sentineld (SentinelOne),1,Normal
2026-09-25,15:31:06,General,,Performing pgrep scan without uid,1,Normal
2026-09-25,15:31:06,General,,IsRunning: process 'sentineld' not found,1,Normal
2026-09-25,15:31:06,General,,Performing pgrep scan without uid,1,Normal
2026-09-25,15:31:06,General,,IsRunning: process 's1-agent' not found,1,Normal
2026-09-25,15:31:06,General,,Performing pgrep scan without uid,1,Normal
2026-09-25,15:31:06,General,,IsRunning: process 'SentinelAgent' not found,1,Normal
2026-09-25,15:31:06,Test,,Test: checking process savscand,1,Normal
2026-09-25,15:31:06,General,,Performing pgrep scan without uid,1,Normal
2026-09-25,15:31:06,General,,IsRunning: process 'savscand' not found,1,Normal
2026-09-25,15:31:06,Test,,Test: checking process SophosScanD,1,Normal
2026-09-25,15:31:06,General,,Performing pgrep scan without uid,1,Normal
2026-09-25,15:31:06,General,,IsRunning: process 'SophosScanD' not found,1,Normal
2026-09-25,15:31:06,Test,,Test: checking process rtvscand,1,Normal
2026-09-25,15:31:06,General,,Performing pgrep scan without uid,1,Normal
2026-09-25,15:31:06,General,,IsRunning: process 'rtvscand' not found,1,Normal
2026-09-25,15:31:06,Test,,Test: checking process Symantec management client service,1,Normal
2026-09-25,15:31:06,General,,Performing pgrep scan without uid,1,Normal
2026-09-25,15:31:06,General,,IsRunning: process 'smcd' not found,1,Normal
2026-09-25,15:31:06,Test,,Test: checking process Symantec Endpoint Protection configuration service,1,Normal
2026-09-25,15:31:06,General,,Performing pgrep scan without uid,1,Normal
2026-09-25,15:31:06,General,,IsRunning: process 'symcfgd' not found,1,Normal
2026-09-25,15:31:06,Test,,Test: checking process synoavd,1,Normal
2026-09-25,15:31:06,General,,Performing pgrep scan without uid,1,Normal
2026-09-25,15:31:06,General,,IsRunning: process 'synoavd' not found,1,Normal
2026-09-25,15:31:06,Test,,Test: checking process ds_agent to test for Trend Micro Deep Anti Malware component,1,Normal
2026-09-25,15:31:06,General,,Performing pgrep scan without uid,1,Normal
2026-09-25,15:31:07,General,,IsRunning: process 'ds_am' not found,1,Normal
2026-09-25,15:31:07,Test,,Test: checking process TmccMac to test for Trend Micro anti-virus (macOS),1,Normal
2026-09-25,15:31:07,General,,Performing pgrep scan without uid,1,Normal
2026-09-25,15:31:07,General,,IsRunning: process 'TmccMac' not found,1,Normal
2026-09-25,15:31:07,Test,,Test: checking process wazuh-agent to test for Wazuh agent,1,Normal
2026-09-25,15:31:07,General,,Performing pgrep scan without uid,1,Normal
2026-09-25,15:31:07,General,,IsRunning: process 'wazuh-agentd' not found,1,Normal
2026-09-25,15:31:07,Result,,Result: no commercial anti-virus tools found,1,Normal
2026-09-25,15:31:07,General,,Hardening: assigned partial number of hardening points (0 of 3). Currently having 140 points (out of 239),1,Normal
2026-09-25,15:31:07,Section Divider,,====,1,Normal
2026-09-25,15:31:07,Test Execution,MALW-3282,Performing test ID MALW-3282 (Check for clamscan),1,Normal
2026-09-25,15:31:07,Test,,Test: checking presence clamscan,1,Normal
2026-09-25,15:31:07,Result,,Result: clamscan couldn't be found,1,Normal
2026-09-25,15:31:07,Section Divider,,====,1,Normal
2026-09-25,15:31:07,Test Execution,MALW-3284,Performing test ID MALW-3284 (Check for clamd),1,Normal
2026-09-25,15:31:07,Test,,Test: checking running ClamAV daemon (clamd),1,Normal
2026-09-25,15:31:07,General,,Performing pgrep scan without uid,1,Normal
2026-09-25,15:31:07,General,,IsRunning: process 'clamd' not found,1,Normal
2026-09-25,15:31:07,Result,,Result: clamd not running,1,Normal
2026-09-25,15:31:07,Section Divider,,====,1,Normal
2026-09-25,15:31:07,Test Execution,MALW-3291,Performing test ID MALW-3291 (Check for mdatp),1,Normal
2026-09-25,15:31:07,Test,,Test: checking presence mdatp,1,Normal
2026-09-25,15:31:07,Result,,Result: mdatp couldn't be found,1,Normal
2026-09-25,15:31:07,Section Divider,,====,1,Normal
2026-09-25,15:31:07,General,,Skipped test MALW-3286 (Check for freshclam),1,Normal
2026-09-25,15:31:07,General,,"Reason to skip: Prerequisites not met (ie missing tool, other type of Linux distribution)",-1,Anomalía
2026-09-25,15:31:07,Section Divider,,====,1,Normal
2026-09-25,15:31:07,General,,Skipped test MALW-3288 (Check for ClamXav),1,Normal
2026-09-25,15:31:07,General,,"Reason to skip: Prerequisites not met (ie missing tool, other type of Linux distribution)",-1,Anomalía
2026-09-25,15:31:07,Section Divider,,====,1,Normal
2026-09-25,15:31:07,Test Execution,MALW-3290,Performing test ID MALW-3290 (Presence of for malware detection),-1,Anomalía
2026-09-25,15:31:07,General,,Security check: file is normal,1,Normal
2026-09-25,15:31:07,Permission Check,,Checking permissions of /usr/share/lynis/include/tests_file_permissions,1,Normal
2026-09-25,15:31:07,General,,File permissions are OK,1,Normal
2026-09-25,15:31:07,Section Divider,,====,1,Normal
2026-09-25,15:31:07,Action,,Action: Performing tests from category: File Permissions,1,Normal
2026-09-25,15:31:07,Section Divider,,====,1,Normal
2026-09-25,15:31:07,Test Execution,FILE-7524,Performing test ID FILE-7524 (Perform file permissions check),1,Normal
2026-09-25,15:31:07,Test,,Test: Checking file permissions,1,Normal
2026-09-25,15:31:07,General,,Using profile /etc/lynis/default.prf for baseline.,1,Normal
2026-09-25,15:31:07,Test,,Test: checking file/directory /boot/grub/grub.cfg,1,Normal
2026-09-25,15:31:07,Test,,Test: checking if file /boot/grub/grub.cfg has the permissions set to 600 (rw-------) or more restrictive,1,Normal
2026-09-25,15:31:07,General,,Outcome: correct permissions (600),1,Normal
2026-09-25,15:31:07,Test,,Test: checking file/directory /boot/grub2/grub.cfg,1,Normal
2026-09-25,15:31:07,General,,Skipping file/directory /boot/grub2/grub.cfg as it does not exist on this system,1,Normal
2026-09-25,15:31:07,Test,,Test: checking file/directory /boot/grub2/user.cfg,1,Normal
2026-09-25,15:31:07,General,,Skipping file/directory /boot/grub2/user.cfg as it does not exist on this system,1,Normal
2026-09-25,15:31:07,Test,,Test: checking file/directory /etc/at.allow,1,Normal
2026-09-25,15:31:07,General,,Skipping file/directory /etc/at.allow as it does not exist on this system,1,Normal
2026-09-25,15:31:07,Test,,Test: checking file/directory /etc/at.deny,1,Normal
2026-09-25,15:31:07,General,,Skipping file/directory /etc/at.deny as it does not exist on this system,1,Normal
2026-09-25,15:31:07,Test,,Test: checking file/directory /etc/cron.allow,1,Normal
2026-09-25,15:31:07,General,,Skipping file/directory /etc/cron.allow as it does not exist on this system,1,Normal
2026-09-25,15:31:07,Test,,Test: checking file/directory /etc/cron.deny,1,Normal
2026-09-25,15:31:07,General,,Skipping file/directory /etc/cron.deny as it does not exist on this system,1,Normal
2026-09-25,15:31:07,Test,,Test: checking file/directory /etc/crontab,1,Normal
2026-09-25,15:31:07,Test,,Test: checking if file /etc/crontab has the permissions set to 600 (rw-------) or more restrictive,1,Normal
2026-09-25,15:31:07,General,,Outcome: permissions of file /etc/crontab are not matching expected value (644 != 600),1,Normal
2026-09-25,15:31:07,Test,,Test: checking file/directory /etc/group,1,Normal
2026-09-25,15:31:07,Test,,Test: checking if file /etc/group has the permissions set to 644 (rw-r--r--) or more restrictive,1,Normal
2026-09-25,15:31:07,General,,Outcome: correct permissions (644),1,Normal
2026-09-25,15:31:07,Test,,Test: checking file/directory /etc/group-,1,Normal
2026-09-25,15:31:08,Test,,Test: checking if file /etc/group- has the permissions set to 644 (rw-r--r--) or more restrictive,1,Normal
2026-09-25,15:31:08,General,,Outcome: correct permissions (644),1,Normal
2026-09-25,15:31:08,Test,,Test: checking file/directory /etc/hosts.allow,1,Normal
2026-09-25,15:31:08,Test,,Test: checking if file /etc/hosts.allow has the permissions set to 644 (rw-r--r--) or more restrictive,1,Normal
2026-09-25,15:31:08,General,,Outcome: correct permissions (644),1,Normal
2026-09-25,15:31:08,Test,,Test: checking file/directory /etc/hosts.deny,1,Normal
2026-09-25,15:31:08,Test,,Test: checking if file /etc/hosts.deny has the permissions set to 644 (rw-r--r--) or more restrictive,1,Normal
2026-09-25,15:31:08,General,,Outcome: correct permissions (644),1,Normal
2026-09-25,15:31:08,Test,,Test: checking file/directory /etc/issue,1,Normal
2026-09-25,15:31:08,Test,,Test: checking if file /etc/issue has the permissions set to 644 (rw-r--r--) or more restrictive,1,Normal
2026-09-25,15:31:08,General,,Outcome: correct permissions (644),1,Normal
2026-09-25,15:31:08,Test,,Test: checking file/directory /etc/issue.net,1,Normal
2026-09-25,15:31:08,Test,,Test: checking if file /etc/issue.net has the permissions set to 644 (rw-r--r--) or more restrictive,1,Normal
2026-09-25,15:31:08,General,,Outcome: correct permissions (644),1,Normal
2026-09-25,15:31:08,Test,,Test: checking file/directory /etc/lilo.conf,1,Normal
2026-09-25,15:31:08,General,,Skipping file/directory /etc/lilo.conf as it does not exist on this system,1,Normal
2026-09-25,15:31:08,Test,,Test: checking file/directory /etc/motd,1,Normal
2026-09-25,15:31:08,General,,Skipping file/directory /etc/motd as it does not exist on this system,1,Normal
2026-09-25,15:31:08,Test,,Test: checking file/directory /etc/passwd,1,Normal
2026-09-25,15:31:08,Test,,Test: checking if file /etc/passwd has the permissions set to 644 (rw-r--r--) or more restrictive,1,Normal
2026-09-25,15:31:08,General,,Outcome: correct permissions (644),1,Normal
2026-09-25,15:31:08,Test,,Test: checking file/directory /etc/passwd-,1,Normal
2026-09-25,15:31:08,Test,,Test: checking if file /etc/passwd- has the permissions set to 644 (rw-r--r--) or more restrictive,1,Normal
2026-09-25,15:31:08,General,,Outcome: correct permissions (644),1,Normal
2026-09-25,15:31:08,Test,,Test: checking file/directory /etc/ssh/sshd_config,1,Normal
2026-09-25,15:31:08,General,,Skipping file/directory /etc/ssh/sshd_config as it does not exist on this system,1,Normal
2026-09-25,15:31:08,Test,,Test: checking file/directory /etc/hosts.equiv,1,Normal
2026-09-25,15:31:08,General,,Skipping file/directory /etc/hosts.equiv as it does not exist on this system,1,Normal
2026-09-25,15:31:08,Test,,Test: checking file/directory /etc/shosts.equiv,1,Normal
2026-09-25,15:31:08,General,,Skipping file/directory /etc/shosts.equiv as it does not exist on this system,1,Normal
2026-09-25,15:31:08,Test,,Test: checking file/directory /root/.rhosts,1,Normal
2026-09-25,15:31:08,General,,Skipping file/directory /root/.rhosts as it does not exist on this system,1,Normal
2026-09-25,15:31:08,Test,,Test: checking file/directory /root/.rlogin,1,Normal
2026-09-25,15:31:08,General,,Skipping file/directory /root/.rlogin as it does not exist on this system,1,Normal
2026-09-25,15:31:08,Test,,Test: checking file/directory /root/.shosts,1,Normal
2026-09-25,15:31:08,General,,Skipping file/directory /root/.shosts as it does not exist on this system,1,Normal
2026-09-25,15:31:08,Test,,Test: checking file/directory /root/.ssh,1,Normal
2026-09-25,15:31:08,Test,,Test: checking if file /root/.ssh has the permissions set to 700 (rwx------) or more restrictive,1,Normal
2026-09-25,15:31:08,General,,Outcome: correct permissions (700),1,Normal
2026-09-25,15:31:08,Test,,Test: checking file/directory /etc/cron.d,1,Normal
2026-09-25,15:31:08,Test,,Test: checking if file /etc/cron.d has the permissions set to 700 (rwx------) or more restrictive,1,Normal
2026-09-25,15:31:08,General,,Outcome: permissions of file /etc/cron.d are not matching expected value (755 != 700),1,Normal
2026-09-25,15:31:08,Test,,Test: checking file/directory /etc/cron.daily,1,Normal
2026-09-25,15:31:08,Test,,Test: checking if file /etc/cron.daily has the permissions set to 700 (rwx------) or more restrictive,1,Normal
2026-09-25,15:31:08,General,,Outcome: permissions of file /etc/cron.daily are not matching expected value (755 != 700),1,Normal
2026-09-25,15:31:08,Test,,Test: checking file/directory /etc/cron.hourly,1,Normal
2026-09-25,15:31:08,Test,,Test: checking if file /etc/cron.hourly has the permissions set to 700 (rwx------) or more restrictive,1,Normal
2026-09-25,15:31:08,General,,Outcome: permissions of file /etc/cron.hourly are not matching expected value (755 != 700),1,Normal
2026-09-25,15:31:08,Test,,Test: checking file/directory /etc/cron.weekly,1,Normal
2026-09-25,15:31:08,Test,,Test: checking if file /etc/cron.weekly has the permissions set to 700 (rwx------) or more restrictive,1,Normal
2026-09-25,15:31:08,General,,Outcome: permissions of file /etc/cron.weekly are not matching expected value (755 != 700),1,Normal
2026-09-25,15:31:08,Test,,Test: checking file/directory /etc/cron.monthly,1,Normal
2026-09-25,15:31:08,Test,,Test: checking if file /etc/cron.monthly has the permissions set to 700 (rwx------) or more restrictive,1,Normal
2026-09-25,15:31:08,General,,Outcome: permissions of file /etc/cron.monthly are not matching expected value (755 != 700),1,Normal
2026-09-25,15:31:08,General,,Using profile /etc/lynis/custom.prf for baseline.,1,Normal
2026-09-25,15:31:08,General,,Suggestion: Consider restricting file permissions [test:FILE-7524] [details:See screen output or log file] [solution:text:Use chmod to change file permissions],1,Normal
2026-09-25,15:31:08,General,,Security check: file is normal,1,Normal
2026-09-25,15:31:08,Permission Check,,Checking permissions of /usr/share/lynis/include/tests_homedirs,1,Normal
2026-09-25,15:31:08,General,,File permissions are OK,1,Normal
2026-09-25,15:31:08,Section Divider,,====,1,Normal
2026-09-25,15:31:08,Action,,Action: Performing tests from category: Home directories,1,Normal
2026-09-25,15:31:08,Section Divider,,====,1,Normal
2026-09-25,15:31:09,Test Execution,HOME-9302,Performing test ID HOME-9302 (Create list with home directories),1,Normal
2026-09-25,15:31:09,Test,,Test: query /etc/passwd to obtain home directories,1,Normal
2026-09-25,15:31:09,Result,,Result: found home directory: / (directory exists),1,Normal
2026-09-25,15:31:09,Result,,Result: found home directory: /bin (directory exists),1,Normal
2026-09-25,15:31:09,Result,,Result: found home directory: /dev (directory exists),1,Normal
2026-09-25,15:31:09,Result,,Result: found home directory: /home/kevin (directory exists),1,Normal
2026-09-25,15:31:09,Result,,Result: found home directory: /nonexistent (directory does not exist),1,Normal
2026-09-25,15:31:09,Result,,Result: found home directory: /proc (directory exists),1,Normal
2026-09-25,15:31:09,Result,,Result: found home directory: /root (directory exists),1,Normal
2026-09-25,15:31:09,Result,,Result: found home directory: /run/avahi-daemon (directory exists),1,Normal
2026-09-25,15:31:09,Result,,Result: found home directory: /run/hplip (directory does not exist),1,Normal
2026-09-25,15:31:09,Result,,Result: found home directory: /run/ircd (directory does not exist),1,Normal
2026-09-25,15:31:09,Result,,Result: found home directory: /run/speech-dispatcher (directory exists),1,Normal
2026-09-25,15:31:09,Result,,Result: found home directory: /run/uuidd (directory exists),1,Normal
2026-09-25,15:31:09,Result,,Result: found home directory: /usr/games (directory exists),1,Normal
2026-09-25,15:31:09,Result,,Result: found home directory: /usr/lib/dhcpcd (directory exists),1,Normal
2026-09-25,15:31:09,Result,,Result: found home directory: /usr/sbin (directory exists),1,Normal
2026-09-25,15:31:09,Result,,Result: found home directory: /var/backups (directory exists),1,Normal
2026-09-25,15:31:09,Result,,Result: found home directory: /var/cache/man (directory exists),1,Normal
2026-09-25,15:31:09,Result,,Result: found home directory: /var/lib/chrony (directory exists),1,Normal
2026-09-25,15:31:09,Result,,Result: found home directory: /var/lib/colord (directory exists),1,Normal
2026-09-25,15:31:09,Result,,Result: found home directory: /var/lib/fwupd (directory exists),1,Normal
2026-09-25,15:31:09,Result,,Result: found home directory: /var/lib/gdm3 (directory exists),1,Normal
2026-09-25,15:31:09,Result,,Result: found home directory: /var/lib/geoclue (directory exists),1,Normal
2026-09-25,15:31:09,Result,,Result: found home directory: /var/lib/gnome-remote-desktop (directory exists),1,Normal
2026-09-25,15:31:09,Result,,Result: found home directory: /var/lib/misc (directory exists),1,Normal
2026-09-25,15:31:09,Result,,Result: found home directory: /var/lib/openvpn/chroot (directory exists),1,Normal
2026-09-25,15:31:09,Result,,Result: found home directory: /var/lib/saned (directory exists),1,Normal
2026-09-25,15:31:09,Result,,Result: found home directory: /var/lib/sss (directory exists),1,Normal
2026-09-25,15:31:09,Result,,Result: found home directory: /var/lib/usbmux (directory does not exist),1,Normal
2026-09-25,15:31:09,Result,,Result: found home directory: /var/list (directory does not exist),1,Normal
2026-09-25,15:31:09,Result,,Result: found home directory: /var/mail (directory exists),1,Normal
2026-09-25,15:31:09,Result,,Result: found home directory: /var/run/vboxadd (directory does not exist),1,Normal
2026-09-25,15:31:09,Result,,Result: found home directory: /var/spool/lpd (directory does not exist),1,Normal
2026-09-25,15:31:09,Result,,Result: found home directory: /var/spool/news (directory does not exist),1,Normal
2026-09-25,15:31:09,Result,,Result: found home directory: /var/spool/uucp (directory does not exist),1,Normal
2026-09-25,15:31:09,Result,,Result: found home directory: /var/www (directory does not exist),1,Normal
2026-09-25,15:31:09,Section Divider,,====,1,Normal
2026-09-25,15:31:09,Test Execution,HOME-9304,Performing test ID HOME-9304 (Check if users' home directories permissions are 750 or more restrictive),1,Normal
2026-09-25,15:31:09,Test,,Test: checking directory '/home/kevin' for user 'kevin',1,Normal
2026-09-25,15:31:09,Result,,Result: permissions of home directory /home/kevin of user kevin are fine,1,Normal
2026-09-25,15:31:09,Result,,"Result: OK, all permissions of the home directories are 750 or more restrictive",1,Normal
2026-09-25,15:31:09,Section Divider,,====,1,Normal
2026-09-25,15:31:09,Test Execution,HOME-9306,Performing test ID HOME-9306 (Check if users own their home directories),1,Normal
2026-09-25,15:31:09,Test,,Test: checking directory '/home/kevin' for user 'kevin',1,Normal
2026-09-25,15:31:09,Result,,Result: ownership of home directory /home/kevin for user kevin looks to be correct,1,Normal
2026-09-25,15:31:09,Result,,"Result: OK, all users own their home directories",1,Normal
2026-09-25,15:31:09,Section Divider,,====,1,Normal
2026-09-25,15:31:09,Test Execution,HOME-9310,Performing test ID HOME-9310 (Checking for suspicious shell history files),1,Normal
2026-09-25,15:31:09,Result,,"Result: Ok, history files are type 'file'.",1,Normal
2026-09-25,15:31:09,General,,Remark: History files are normally of the type 'file'. Symbolic links and other types are suspicious.,1,Normal
2026-09-25,15:31:09,Section Divider,,====,1,Normal
2026-09-25,15:31:09,Test Execution,HOME-9350,Performing test ID HOME-9350 (Collecting information from home directories),1,Normal
2026-09-25,15:31:09,Result,,"Result: IGNORE_HOME_DIRS empty, no paths excluded",1,Normal
2026-09-25,15:31:09,General,,Security check: file is normal,1,Normal
2026-09-25,15:31:09,Permission Check,,Checking permissions of /usr/share/lynis/include/tests_kernel_hardening,1,Normal
2026-09-25,15:31:09,General,,File permissions are OK,1,Normal
2026-09-25,15:31:09,Section Divider,,====,1,Normal
2026-09-25,15:31:09,Action,,Action: Performing tests from category: Kernel Hardening,1,Normal
2026-09-25,15:31:09,Section Divider,,====,1,Normal
2026-09-25,15:31:09,Test Execution,KRNL-6000,Performing test ID KRNL-6000 (Check sysctl key pairs in scan profile),1,Normal
2026-09-25,15:31:10,Result,,Result: sysctl key dev.tty.ldisc_autoload contains equal expected and current value (0),1,Normal
2026-09-25,15:31:10,General,,Hardening: assigned maximum number of hardening points for this item (1). Currently having 141 points (out of 240),1,Normal
2026-09-25,15:31:10,Result,,"Result: sysctl key fs.protected_fifos has a different value than expected in scan profile. Expected=2, Real=1",1,Normal
2026-09-25,15:31:10,General,,Hardening: assigned partial number of hardening points (0 of 1). Currently having 141 points (out of 241),1,Normal
2026-09-25,15:31:10,Result,,Result: sysctl key fs.protected_hardlinks contains equal expected and current value (1),1,Normal
2026-09-25,15:31:10,General,,Hardening: assigned maximum number of hardening points for this item (1). Currently having 142 points (out of 242),1,Normal
2026-09-25,15:31:10,Result,,Result: sysctl key fs.protected_regular contains equal expected and current value (2),1,Normal
2026-09-25,15:31:10,General,,Hardening: assigned maximum number of hardening points for this item (1). Currently having 143 points (out of 243),1,Normal
2026-09-25,15:31:10,Result,,Result: sysctl key fs.protected_symlinks contains equal expected and current value (1),1,Normal
2026-09-25,15:31:10,General,,Hardening: assigned maximum number of hardening points for this item (1). Currently having 144 points (out of 244),1,Normal
2026-09-25,15:31:10,Result,,"Result: sysctl key fs.suid_dumpable has a different value than expected in scan profile. Expected=0, Real=2",1,Normal
2026-09-25,15:31:10,General,,Hardening: assigned partial number of hardening points (0 of 1). Currently having 144 points (out of 245),1,Normal
2026-09-25,15:31:10,Result,,Result: key hw.kbd.keymap_restrict_change does not exist on this machine,1,Normal
2026-09-25,15:31:10,Result,,Result: key kern.sugid_coredump does not exist on this machine,1,Normal
2026-09-25,15:31:10,Result,,Result: key kernel.core_setuid_ok does not exist on this machine,1,Normal
2026-09-25,15:31:10,Result,,Result: sysctl key kernel.core_uses_pid contains equal expected and current value (1),1,Normal
2026-09-25,15:31:10,General,,Hardening: assigned maximum number of hardening points for this item (1). Currently having 145 points (out of 246),1,Normal
2026-09-25,15:31:10,Result,,Result: sysctl key kernel.ctrl-alt-del contains equal expected and current value (0),1,Normal
2026-09-25,15:31:10,General,,Hardening: assigned maximum number of hardening points for this item (1). Currently having 146 points (out of 247),1,Normal
2026-09-25,15:31:11,Result,,Result: sysctl key kernel.dmesg_restrict contains equal expected and current value (1),1,Normal
2026-09-25,15:31:11,General,,Hardening: assigned maximum number of hardening points for this item (1). Currently having 147 points (out of 248),1,Normal
2026-09-25,15:31:11,Result,,Result: key kernel.exec-shield-randomize does not exist on this machine,1,Normal
2026-09-25,15:31:11,Result,,Result: key kernel.exec-shield does not exist on this machine,1,Normal
2026-09-25,15:31:11,Result,,"Result: sysctl key kernel.kptr_restrict has a different value than expected in scan profile. Expected=2, Real=1",1,Normal
2026-09-25,15:31:11,General,,Hardening: assigned partial number of hardening points (0 of 1). Currently having 147 points (out of 249),1,Normal
2026-09-25,15:31:11,Result,,Result: key kernel.maps_protect does not exist on this machine,1,Normal
2026-09-25,15:31:11,Result,,"Result: sysctl key kernel.modules_disabled has a different value than expected in scan profile. Expected=1, Real=0",1,Normal
2026-09-25,15:31:11,General,,Hardening: assigned partial number of hardening points (0 of 1). Currently having 147 points (out of 250),1,Normal
2026-09-25,15:31:11,Result,,Result: sysctl key kernel.perf_event_paranoid contains equal expected and current value (2 3 4),1,Normal
2026-09-25,15:31:11,General,,Hardening: assigned maximum number of hardening points for this item (1). Currently having 148 points (out of 251),1,Normal
2026-09-25,15:31:11,Result,,Result: sysctl key kernel.randomize_va_space contains equal expected and current value (2),1,Normal
2026-09-25,15:31:11,General,,Hardening: assigned maximum number of hardening points for this item (1). Currently having 149 points (out of 252),1,Normal
2026-09-25,15:31:11,Result,,Result: key kernel.suid_dumpable does not exist on this machine,1,Normal
2026-09-25,15:31:11,Result,,"Result: sysctl key kernel.sysrq has a different value than expected in scan profile. Expected=0, Real=176",1,Normal
2026-09-25,15:31:11,General,,Hardening: assigned partial number of hardening points (0 of 1). Currently having 149 points (out of 253),1,Normal
2026-09-25,15:31:11,Result,,"Result: sysctl key kernel.unprivileged_bpf_disabled has a different value than expected in scan profile. Expected=1, Real=2",1,Normal
2026-09-25,15:31:11,General,,Hardening: assigned partial number of hardening points (0 of 1). Currently having 149 points (out of 254),1,Normal
2026-09-25,15:31:11,Result,,Result: key kernel.use-nx does not exist on this machine,1,Normal
2026-09-25,15:31:11,Result,,Result: sysctl key kernel.yama.ptrace_scope contains equal expected and current value (1 2 3),1,Normal
2026-09-25,15:31:11,General,,Hardening: assigned maximum number of hardening points for this item (1). Currently having 150 points (out of 255),1,Normal
2026-09-25,15:31:11,Result,,"Result: sysctl key net.core.bpf_jit_harden has a different value than expected in scan profile. Expected=2, Real=0",1,Normal
2026-09-25,15:31:11,General,,Hardening: assigned partial number of hardening points (0 of 1). Currently having 150 points (out of 256),1,Normal
2026-09-25,15:31:11,Result,,Result: key net.inet.icmp.bmcastecho does not exist on this machine,1,Normal
2026-09-25,15:31:11,Result,,Result: key net.inet.icmp.drop_redirect does not exist on this machine,1,Normal
2026-09-25,15:31:11,Result,,Result: key net.inet.icmp.rediraccept does not exist on this machine,1,Normal
2026-09-25,15:31:11,Result,,Result: key net.inet.icmp.timestamp does not exist on this machine,1,Normal
2026-09-25,15:31:11,Result,,Result: key net.inet.ip.accept_sourceroute does not exist on this machine,1,Normal
2026-09-25,15:31:11,Result,,Result: key net.inet.ip.check_interface does not exist on this machine,1,Normal
2026-09-25,15:31:11,Result,,Result: key net.inet.ip.forwarding does not exist on this machine,1,Normal
2026-09-25,15:31:11,Result,,Result: key net.inet.ip.linklocal.in.allowbadttl does not exist on this machine,1,Normal
2026-09-25,15:31:11,Result,,Result: key net.inet.ip.process_options does not exist on this machine,1,Normal
2026-09-25,15:31:11,Result,,Result: key net.inet.ip.random_id does not exist on this machine,1,Normal
2026-09-25,15:31:11,Result,,Result: key net.inet.ip.redirect does not exist on this machine,1,Normal
2026-09-25,15:31:11,Result,,Result: key net.inet.ip.sourceroute does not exist on this machine,1,Normal
2026-09-25,15:31:12,Result,,Result: key net.inet.ip6.redirect does not exist on this machine,1,Normal
2026-09-25,15:31:12,Result,,Result: key net.inet.tcp.always_keepalive does not exist on this machine,1,Normal
2026-09-25,15:31:12,Result,,Result: key net.inet.tcp.blackhole does not exist on this machine,1,Normal
2026-09-25,15:31:12,Result,,Result: key net.inet.tcp.drop_synfin does not exist on this machine,1,Normal
2026-09-25,15:31:12,Result,,Result: key net.inet.tcp.icmp_may_rst does not exist on this machine,1,Normal
2026-09-25,15:31:12,Result,,Result: key net.inet.tcp.nolocaltimewait does not exist on this machine,1,Normal
2026-09-25,15:31:12,Result,,Result: key net.inet.tcp.path_mtu_discovery does not exist on this machine,1,Normal
2026-09-25,15:31:12,Result,,Result: key net.inet.udp.blackhole does not exist on this machine,1,Normal
2026-09-25,15:31:12,Result,,Result: key net.inet6.icmp6.rediraccept does not exist on this machine,1,Normal
2026-09-25,15:31:12,Result,,Result: key net.inet6.ip6.forwarding does not exist on this machine,1,Normal
2026-09-25,15:31:12,Result,,Result: key net.inet6.ip6.fw.enable does not exist on this machine,1,Normal
2026-09-25,15:31:12,Result,,Result: key net.inet6.ip6.redirect does not exist on this machine,1,Normal
2026-09-25,15:31:12,Result,,"Result: sysctl key net.ipv4.conf.all.accept_redirects has a different value than expected in scan profile. Expected=0, Real=1",1,Normal
2026-09-25,15:31:12,General,,Hardening: assigned partial number of hardening points (0 of 1). Currently having 150 points (out of 257),1,Normal
2026-09-25,15:31:12,Result,,Result: sysctl key net.ipv4.conf.all.accept_source_route contains equal expected and current value (0),1,Normal
2026-09-25,15:31:12,General,,Hardening: assigned maximum number of hardening points for this item (1). Currently having 151 points (out of 258),1,Normal
2026-09-25,15:31:12,Result,,Result: sysctl key net.ipv4.conf.all.bootp_relay contains equal expected and current value (0),1,Normal
2026-09-25,15:31:12,General,,Hardening: assigned maximum number of hardening points for this item (1). Currently having 152 points (out of 259),1,Normal
2026-09-25,15:31:12,Result,,Result: sysctl key net.ipv4.conf.all.forwarding contains equal expected and current value (0),1,Normal
2026-09-25,15:31:12,General,,Hardening: assigned maximum number of hardening points for this item (1). Currently having 153 points (out of 260),1,Normal
2026-09-25,15:31:12,Result,,"Result: sysctl key net.ipv4.conf.all.log_martians has a different value than expected in scan profile. Expected=1, Real=0",1,Normal
2026-09-25,15:31:12,General,,Hardening: assigned partial number of hardening points (0 of 1). Currently having 153 points (out of 261),1,Normal
2026-09-25,15:31:12,Result,,Result: sysctl key net.ipv4.conf.all.mc_forwarding contains equal expected and current value (0),1,Normal
2026-09-25,15:31:12,General,,Hardening: assigned maximum number of hardening points for this item (1). Currently having 154 points (out of 262),1,Normal
2026-09-25,15:31:12,Result,,Result: sysctl key net.ipv4.conf.all.proxy_arp contains equal expected and current value (0),1,Normal
2026-09-25,15:31:12,General,,Hardening: assigned maximum number of hardening points for this item (1). Currently having 155 points (out of 263),1,Normal
2026-09-25,15:31:12,Result,,"Result: sysctl key net.ipv4.conf.all.rp_filter has a different value than expected in scan profile. Expected=1, Real=2",1,Normal
2026-09-25,15:31:12,General,,Hardening: assigned partial number of hardening points (0 of 1). Currently having 155 points (out of 264),1,Normal
2026-09-25,15:31:12,Result,,"Result: sysctl key net.ipv4.conf.all.send_redirects has a different value than expected in scan profile. Expected=0, Real=1",1,Normal
2026-09-25,15:31:12,General,,Hardening: assigned partial number of hardening points (0 of 1). Currently having 155 points (out of 265),1,Normal
2026-09-25,15:31:12,Result,,"Result: sysctl key net.ipv4.conf.default.accept_redirects has a different value than expected in scan profile. Expected=0, Real=1",1,Normal
2026-09-25,15:31:12,General,,Hardening: assigned partial number of hardening points (0 of 1). Currently having 155 points (out of 266),1,Normal
2026-09-25,15:31:12,Result,,Result: sysctl key net.ipv4.conf.default.accept_source_route contains equal expected and current value (0),1,Normal
2026-09-25,15:31:12,General,,Hardening: assigned maximum number of hardening points for this item (1). Currently having 156 points (out of 267),1,Normal
2026-09-25,15:31:12,Result,,"Result: sysctl key net.ipv4.conf.default.log_martians has a different value than expected in scan profile. Expected=1, Real=0",1,Normal
2026-09-25,15:31:12,General,,Hardening: assigned partial number of hardening points (0 of 1). Currently having 156 points (out of 268),1,Normal
2026-09-25,15:31:12,Result,,Result: sysctl key net.ipv4.icmp_echo_ignore_broadcasts contains equal expected and current value (1),1,Normal
2026-09-25,15:31:12,General,,Hardening: assigned maximum number of hardening points for this item (1). Currently having 157 points (out of 269),1,Normal
2026-09-25,15:31:13,Result,,Result: sysctl key net.ipv4.icmp_ignore_bogus_error_responses contains equal expected and current value (1),1,Normal
2026-09-25,15:31:13,General,,Hardening: assigned maximum number of hardening points for this item (1). Currently having 158 points (out of 270),1,Normal
2026-09-25,15:31:13,Result,,Result: sysctl key net.ipv4.tcp_syncookies contains equal expected and current value (1),1,Normal
2026-09-25,15:31:13,General,,Hardening: assigned maximum number of hardening points for this item (1). Currently having 159 points (out of 271),1,Normal
2026-09-25,15:31:13,Result,,Result: sysctl key net.ipv4.tcp_timestamps contains equal expected and current value (0 1),1,Normal
2026-09-25,15:31:13,General,,Hardening: assigned maximum number of hardening points for this item (1). Currently having 160 points (out of 272),1,Normal
2026-09-25,15:31:13,Result,,"Result: sysctl key net.ipv6.conf.all.accept_redirects has a different value than expected in scan profile. Expected=0, Real=1",1,Normal
2026-09-25,15:31:13,General,,Hardening: assigned partial number of hardening points (0 of 1). Currently having 160 points (out of 273),1,Normal
2026-09-25,15:31:13,Result,,Result: sysctl key net.ipv6.conf.all.accept_source_route contains equal expected and current value (0),1,Normal
2026-09-25,15:31:13,General,,Hardening: assigned maximum number of hardening points for this item (1). Currently having 161 points (out of 274),1,Normal
2026-09-25,15:31:13,Result,,Result: key net.ipv6.conf.all.send_redirects does not exist on this machine,1,Normal
2026-09-25,15:31:13,Result,,"Result: sysctl key net.ipv6.conf.default.accept_redirects has a different value than expected in scan profile. Expected=0, Real=1",1,Normal
2026-09-25,15:31:13,General,,Hardening: assigned partial number of hardening points (0 of 1). Currently having 161 points (out of 275),1,Normal
2026-09-25,15:31:13,Result,,Result: sysctl key net.ipv6.conf.default.accept_source_route contains equal expected and current value (0),1,Normal
2026-09-25,15:31:13,General,,Hardening: assigned maximum number of hardening points for this item (1). Currently having 162 points (out of 276),1,Normal
2026-09-25,15:31:13,Result,,Result: key security.bsd.hardlink_check_gid does not exist on this machine,1,Normal
2026-09-25,15:31:13,Result,,Result: key security.bsd.hardlink_check_uid does not exist on this machine,1,Normal
2026-09-25,15:31:13,Result,,Result: key security.bsd.see_other_gids does not exist on this machine,1,Normal
2026-09-25,15:31:13,Result,,Result: key security.bsd.see_other_uids does not exist on this machine,1,Normal
2026-09-25,15:31:13,Result,,Result: key security.bsd.stack_guard_page does not exist on this machine,1,Normal
2026-09-25,15:31:13,Result,,Result: key security.bsd.unprivileged_proc_debug does not exist on this machine,1,Normal
2026-09-25,15:31:13,Result,,Result: key security.bsd.unprivileged_read_msgbuf does not exist on this machine,1,Normal
2026-09-25,15:31:13,Result,,"Result: found 15 keys that can use tuning, according scan profile",1,Normal
2026-09-25,15:31:13,General,,Suggestion: One or more sysctl values differ from the scan profile and could be tweaked [test:KRNL-6000] [details:] [solution:Change sysctl value or disable test (skip-test=KRNL-6000:<sysctl-key>)],1,Normal
2026-09-25,15:31:13,General,,Security check: file is normal,1,Normal
2026-09-25,15:31:13,Permission Check,,Checking permissions of /usr/share/lynis/include/tests_hardening,1,Normal
2026-09-25,15:31:13,General,,File permissions are OK,1,Normal
2026-09-25,15:31:13,Section Divider,,====,1,Normal
2026-09-25,15:31:13,Action,,Action: Performing tests from category: Hardening,1,Normal
2026-09-25,15:31:13,Section Divider,,====,1,Normal
2026-09-25,15:31:13,Test Execution,HRDN-7220,Performing test ID HRDN-7220 (Check if one or more compilers are installed),1,Normal
2026-09-25,15:31:13,Test,,Test: Check if one or more compilers can be found on the system,1,Normal
2026-09-25,15:31:13,Result,,Result: found installed compiler. See top of logfile which compilers have been found or use /usr/bin/grep to filter on 'compiler',1,Normal
2026-09-25,15:31:13,General,,Hardening: assigned partial number of hardening points (1 of 3). Currently having 163 points (out of 279),1,Normal
2026-09-25,15:31:13,Section Divider,,====,1,Normal
2026-09-25,15:31:13,Test Execution,HRDN-7222,Performing test ID HRDN-7222 (Check compiler permissions),1,Normal
2026-09-25,15:31:13,Test,,Test: Check if one or more compilers can be found on the system,1,Normal
2026-09-25,15:31:13,Test,,Test: Check file permissions for /usr/bin/as,1,Normal
2026-09-25,15:31:13,Action,,Action: checking symlink for file /usr/bin/as,-1,Anomalía
2026-09-25,15:31:13,Note,,Note: Using real readlink binary to determine symlink on /usr/bin/as,1,Normal
2026-09-25,15:31:13,Result,,Result: readlink shows /usr/bin/x86_64-linux-gnu-as as output,-1,Anomalía
2026-09-25,15:31:13,Result,,"Result: symlink found, pointing to file /usr/bin/x86_64-linux-gnu-as",-1,Anomalía
2026-09-25,15:31:13,Binary Scan,,Binary: found /usr/bin/x86_64-linux-gnu-as (world executable),1,Normal
2026-09-25,15:31:13,General,,Hardening: assigned partial number of hardening points (2 of 3). Currently having 165 points (out of 282),1,Normal
2026-09-25,15:31:13,Test,,Test: Check file permissions for /usr/bin/cc,1,Normal
2026-09-25,15:31:13,Action,,Action: checking symlink for file /usr/bin/cc,-1,Anomalía
2026-09-25,15:31:13,Note,,Note: Using real readlink binary to determine symlink on /usr/bin/cc,1,Normal
2026-09-25,15:31:13,Result,,Result: readlink shows /usr/bin/x86_64-linux-gnu-gcc-15 as output,-1,Anomalía
2026-09-25,15:31:13,Result,,"Result: symlink found, pointing to file /usr/bin/x86_64-linux-gnu-gcc-15",-1,Anomalía
2026-09-25,15:31:13,Binary Scan,,Binary: found /usr/bin/x86_64-linux-gnu-gcc-15 (world executable),1,Normal
2026-09-25,15:31:13,General,,Hardening: assigned partial number of hardening points (2 of 3). Currently having 167 points (out of 285),1,Normal
2026-09-25,15:31:13,Test,,Test: Check file permissions for /usr/bin/gcc,1,Normal
2026-09-25,15:31:13,Action,,Action: checking symlink for file /usr/bin/gcc,-1,Anomalía
2026-09-25,15:31:13,Note,,Note: Using real readlink binary to determine symlink on /usr/bin/gcc,1,Normal
2026-09-25,15:31:13,Result,,Result: readlink shows /usr/bin/x86_64-linux-gnu-gcc-15 as output,-1,Anomalía
2026-09-25,15:31:13,Result,,"Result: symlink found, pointing to file /usr/bin/x86_64-linux-gnu-gcc-15",-1,Anomalía
2026-09-25,15:31:13,Binary Scan,,Binary: found /usr/bin/x86_64-linux-gnu-gcc-15 (world executable),1,Normal
2026-09-25,15:31:13,General,,Hardening: assigned partial number of hardening points (2 of 3). Currently having 169 points (out of 288),1,Normal
2026-09-25,15:31:13,Result,,Result: at least one compiler could be better hardened by restricting executable access to root or group only,1,Normal
2026-09-25,15:31:13,General,,Suggestion: Harden compilers like restricting access to root user only [test:HRDN-7222] [details:-] [solution:-],1,Normal
2026-09-25,15:31:13,Section Divider,,====,1,Normal
2026-09-25,15:31:14,Test Execution,HRDN-7230,Performing test ID HRDN-7230 (Check for malware scanner),1,Normal
2026-09-25,15:31:14,Test,,Test: Check if a malware scanner is installed,1,Normal
2026-09-25,15:31:14,Result,,Result: no malware scanner found,1,Normal
2026-09-25,15:31:14,General,,"Suggestion: Harden the system by installing at least one malware scanner, to perform periodic file system scans [test:HRDN-7230] [details:-] [solution:Install a tool like rkhunter, chkrootkit, OSSEC, Wazuh]",1,Normal
2026-09-25,15:31:14,General,,Hardening: assigned partial number of hardening points (1 of 3). Currently having 170 points (out of 291),1,Normal
2026-09-25,15:31:14,Result,,Result: no malware scanner found,1,Normal
2026-09-25,15:31:14,Section Divider,,====,1,Normal
2026-09-25,15:31:14,Test Execution,HRDN-7231,Performing test ID HRDN-7231 (Check for registered non-native binary formats),1,Normal
2026-09-25,15:31:14,Test,,Test: Check for registered non-native binary formats,1,Normal
2026-09-25,15:31:14,Result,,Result: found 1 non-native binary formats registered: python3.14,1,Normal
2026-09-25,15:31:14,Section Divider,,====,1,Normal
2026-09-25,15:31:14,Action,,Action: Performing tests from category: Custom tests,1,Normal
2026-09-25,15:31:14,Test,,Test: Checking for tests_custom file,1,Normal
2026-09-25,15:31:14,Section Divider,,====,1,Normal
2026-09-25,15:31:14,Action,,Action: Performing plugin tests,1,Normal
2026-09-25,15:31:14,Result,,Result: Found 1 plugins of which 1 are enabled,1,Normal
2026-09-25,15:31:14,Result,,Result: Plugins phase 2 finished,1,Normal
2026-09-25,15:31:14,Permission Check,,Checking permissions of /usr/share/lynis/include/report,1,Normal
2026-09-25,15:31:14,General,,File permissions are OK,1,Normal
2026-09-25,15:31:14,General,,Hardening index : [58] [###########         ],1,Normal
2026-09-25,15:31:14,General,,"Hardening strength: System has been hardened, but could use additional hardening",1,Normal
2026-09-25,15:31:14,Permission Check,,Checking permissions of /usr/share/lynis/include/tool_tips,1,Normal
2026-09-25,15:31:14,General,,File permissions are OK,1,Normal
2026-09-25,15:31:14,General,,Tool tips: enabled,1,Normal
2026-09-25,15:31:14,Section Divider,,================================================================================,1,Normal
2026-09-25,15:31:14,General,,Tests performed:     249,1,Normal
2026-09-25,15:31:14,General,,Total tests:         466,1,Normal
2026-09-25,15:31:14,General,,Active plugins:      1,1,Normal
2026-09-25,15:31:14,General,,Total plugins:       1,1,Normal
2026-09-25,15:31:14,Section Divider,,================================================================================,1,Normal
2026-09-25,15:31:14,General,,Lynis 3.1.6,1,Normal
2026-09-25,15:31:14,General,,"2007-2025, CISOfy - https://cisofy.com/lynis/",1,Normal
2026-09-25,15:31:14,General,,"Enterprise support available (compliance, plugins, interface and tools)",1,Normal
2026-09-25,15:31:14,General,,Program ended successfully,1,Normal
2026-09-25,15:31:14,Section Divider,,================================================================================,1,Normal
2026-09-25,15:31:14,General,,PID file removed (/var/run/lynis.pid),1,Normal
2026-09-25,15:31:14,General,,Temporary files:  /tmp/lynis.QDTuyJbXqg /tmp/lynis.pP6Kpn3tDs /tmp/lynis.eAtI3hF0y0 /tmp/lynis.k2zPMc03Nu,1,Normal
2026-09-25,15:31:14,Action,,Action: removing temporary file /tmp/lynis.QDTuyJbXqg,1,Normal
2026-09-25,15:31:14,General,,Info: temporary file /tmp/lynis.pP6Kpn3tDs was already removed,1,Normal
2026-09-25,15:31:14,General,,Info: temporary file /tmp/lynis.eAtI3hF0y0 was already removed,1,Normal
2026-09-25,15:31:14,General,,Info: temporary file /tmp/lynis.k2zPMc03Nu was already removed,1,Normal
2026-09-25,15:31:14,General,,Lynis ended successfully.,1,Normal
